OverallQual,GrLivArea,GarageArea,TotalBsmtSF,FullBath,MasVnrArea,Fireplaces,BsmtFinSF1,LotFrontage,WoodDeckSF,2ndFlrSF,OpenPorchSF,HalfBath,property_age,year_since_remod,ExterQual,KitchenQual,BsmtQual,HeatingQC,BsmtExposure,BsmtFinType1,GarageFinish,PavedDrive,LotShape,Foundation_CBlock,Foundation_PConc,Foundation_Slab,Foundation_Stone,Foundation_Wood,GarageType_Attchd,GarageType_Basment,GarageType_BuiltIn,GarageType_CarPort,GarageType_Detchd,GarageType_None,MSZoning_FV,MSZoning_RH,MSZoning_RL,MSZoning_RM,SaleCondition_AdjLand,SaleCondition_Alloca,SaleCondition_Family,SaleCondition_Normal,SaleCondition_Partial,CentralAir,Neighborhood,SalePrice_log
7,1710,548,856,2,196.0,0,706,65.0,0,854,61,1,5,5,4.0,4.0,4.0,5.0,1.0,6.0,2.0,3.0,3.0,0.0,1.0,0.0,0.0,0.0,1.0,0.0,0.0,0.0,0.0,0.0,0.0,0.0,1.0,0.0,0.0,0.0,0.0,1.0,0.0,1,3,12.247694320220994
6,1262,460,1262,2,0.0,1,978,80.0,298,0,0,0,31,31,3.0,3.0,4.0,5.0,4.0,5.0,2.0,3.0,3.0,1.0,0.0,0.0,0.0,0.0,1.0,0.0,0.0,0.0,0.0,0.0,0.0,0.0,1.0,0.0,0.0,0.0,0.0,1.0,0.0,1,4,12.109010932687042
7,1786,608,920,2,162.0,1,486,68.0,0,866,42,1,7,6,4.0,4.0,4.0,5.0,2.0,6.0,2.0,3.0,2.0,0.0,1.0,0.0,0.0,0.0,1.0,0.0,0.0,0.0,0.0,0.0,0.0,0.0,1.0,0.0,0.0,0.0,0.0,1.0,0.0,1,3,12.31716669303576
7,1717,642,756,1,0.0,1,216,60.0,0,756,35,0,91,36,3.0,4.0,3.0,4.0,1.0,5.0,1.0,3.0,2.0,0.0,0.0,0.0,0.0,0.0,0.0,0.0,0.0,0.0,1.0,0.0,0.0,0.0,1.0,0.0,0.0,0.0,0.0,0.0,0.0,1,4,11.84939770159144
8,2198,836,1145,2,350.0,1,655,84.0,192,1053,84,1,8,8,4.0,4.0,4.0,5.0,3.0,6.0,2.0,3.0,2.0,0.0,1.0,0.0,0.0,0.0,1.0,0.0,0.0,0.0,0.0,0.0,0.0,0.0,1.0,0.0,0.0,0.0,0.0,1.0,0.0,1,5,12.429216196844383
5,1362,480,796,1,0.0,0,732,85.0,40,566,30,1,16,14,3.0,3.0,4.0,5.0,1.0,6.0,1.0,3.0,2.0,0.0,0.0,0.0,0.0,1.0,1.0,0.0,0.0,0.0,0.0,0.0,0.0,0.0,1.0,0.0,0.0,0.0,0.0,1.0,0.0,1,2,11.870599909242044
8,1694,636,1686,2,186.0,1,1369,75.0,255,0,57,0,3,2,4.0,4.0,5.0,5.0,3.0,6.0,2.0,3.0,3.0,0.0,1.0,0.0,0.0,0.0,1.0,0.0,0.0,0.0,0.0,0.0,0.0,0.0,1.0,0.0,0.0,0.0,0.0,1.0,0.0,1,4,12.634603026569334
7,2090,484,1107,2,240.0,2,859,80.0,235,983,204,1,36,36,3.0,3.0,4.0,5.0,2.0,5.0,2.0,3.0,2.0,1.0,0.0,0.0,0.0,0.0,1.0,0.0,0.0,0.0,0.0,0.0,0.0,0.0,1.0,0.0,0.0,0.0,0.0,1.0,0.0,1,3,12.206072645530174
7,1774,468,952,2,0.0,2,0,51.0,90,752,0,0,77,58,3.0,3.0,3.0,4.0,1.0,1.0,1.0,3.0,3.0,0.0,0.0,0.0,0.0,0.0,0.0,0.0,0.0,0.0,1.0,0.0,0.0,0.0,0.0,1.0,0.0,0.0,0.0,0.0,0.0,1,1,11.77452020265869
5,1077,205,991,1,0.0,2,851,50.0,0,0,4,0,69,58,3.0,3.0,3.0,5.0,1.0,6.0,2.0,3.0,3.0,0.0,0.0,0.0,0.0,0.0,1.0,0.0,0.0,0.0,0.0,0.0,0.0,0.0,1.0,0.0,0.0,0.0,0.0,1.0,0.0,1,1,11.678439903447801
5,1040,384,1040,1,0.0,0,906,70.0,0,0,0,0,43,43,3.0,3.0,3.0,5.0,1.0,3.0,1.0,3.0,3.0,1.0,0.0,0.0,0.0,0.0,0.0,0.0,0.0,0.0,1.0,0.0,0.0,0.0,1.0,0.0,0.0,0.0,0.0,1.0,0.0,1,2,11.771436160121729
9,2324,736,1175,3,286.0,2,998,85.0,147,1142,21,0,1,0,5.0,5.0,5.0,5.0,1.0,6.0,3.0,3.0,2.0,0.0,1.0,0.0,0.0,0.0,0.0,0.0,1.0,0.0,0.0,0.0,0.0,0.0,1.0,0.0,0.0,0.0,0.0,0.0,1.0,1,5,12.751299696013497
5,912,352,912,1,0.0,0,737,71.0,140,0,0,0,46,46,3.0,3.0,3.0,3.0,1.0,5.0,1.0,3.0,1.0,1.0,0.0,0.0,0.0,0.0,0.0,0.0,0.0,0.0,1.0,0.0,0.0,0.0,1.0,0.0,0.0,0.0,0.0,1.0,0.0,1,2,11.877568578558138
7,1494,840,1494,2,306.0,1,0,91.0,160,0,33,0,1,0,4.0,4.0,4.0,5.0,3.0,1.0,2.0,3.0,2.0,0.0,1.0,0.0,0.0,0.0,1.0,0.0,0.0,0.0,0.0,0.0,0.0,0.0,1.0,0.0,0.0,0.0,0.0,0.0,1.0,1,3,12.540757571577291
6,1253,352,1253,1,212.0,1,733,73.0,0,0,213,1,48,48,3.0,3.0,3.0,3.0,1.0,4.0,2.0,3.0,2.0,1.0,0.0,0.0,0.0,0.0,1.0,0.0,0.0,0.0,0.0,0.0,0.0,0.0,1.0,0.0,0.0,0.0,0.0,1.0,0.0,1,2,11.964001084330445
7,854,576,832,1,0.0,0,0,51.0,48,0,112,0,78,6,3.0,3.0,3.0,5.0,1.0,1.0,1.0,3.0,3.0,0.0,0.0,0.0,0.0,0.0,0.0,0.0,0.0,0.0,1.0,0.0,0.0,0.0,0.0,1.0,0.0,0.0,0.0,1.0,0.0,1,1,11.790557201568507
6,1004,480,1004,1,180.0,1,578,73.0,0,0,0,0,40,40,3.0,3.0,3.0,5.0,1.0,5.0,3.0,3.0,2.0,1.0,0.0,0.0,0.0,0.0,1.0,0.0,0.0,0.0,0.0,0.0,0.0,0.0,1.0,0.0,0.0,0.0,0.0,1.0,0.0,1,2,11.911701584927597
4,1296,516,0,2,0.0,0,0,72.0,0,0,0,0,39,39,3.0,3.0,0.0,3.0,0.0,0.0,1.0,3.0,3.0,0.0,0.0,1.0,0.0,0.0,0.0,0.0,0.0,1.0,0.0,0.0,0.0,0.0,1.0,0.0,0.0,0.0,0.0,1.0,0.0,1,2,11.407564949312402
5,1114,576,1114,1,0.0,0,646,66.0,0,0,102,1,4,4,3.0,4.0,3.0,5.0,1.0,6.0,1.0,3.0,3.0,0.0,1.0,0.0,0.0,0.0,0.0,0.0,0.0,0.0,1.0,0.0,0.0,0.0,1.0,0.0,0.0,0.0,0.0,1.0,0.0,1,3,11.976659481202368
5,1339,294,1029,1,0.0,0,504,70.0,0,0,0,0,51,44,3.0,3.0,3.0,3.0,1.0,2.0,1.0,3.0,3.0,1.0,0.0,0.0,0.0,0.0,1.0,0.0,0.0,0.0,0.0,0.0,0.0,0.0,1.0,0.0,0.0,0.0,0.0,0.0,0.0,1,2,11.842229212112828
8,2376,853,1158,3,380.0,1,0,101.0,240,1218,154,1,1,0,4.0,4.0,5.0,5.0,3.0,1.0,2.0,3.0,2.0,0.0,1.0,0.0,0.0,0.0,0.0,0.0,1.0,0.0,0.0,0.0,0.0,0.0,1.0,0.0,0.0,0.0,0.0,0.0,1.0,1,5,12.692503112461443
7,1108,280,637,1,0.0,1,0,57.0,0,0,0,0,77,57,3.0,4.0,3.0,5.0,1.0,1.0,1.0,1.0,3.0,0.0,1.0,0.0,0.0,0.0,1.0,0.0,0.0,0.0,0.0,0.0,0.0,0.0,0.0,1.0,0.0,0.0,0.0,1.0,0.0,1,1,11.845102777308561
8,1795,534,1777,2,281.0,1,0,75.0,171,0,159,0,6,6,4.0,4.0,4.0,5.0,1.0,1.0,2.0,3.0,3.0,0.0,1.0,0.0,0.0,0.0,1.0,0.0,0.0,0.0,0.0,0.0,0.0,0.0,1.0,0.0,0.0,0.0,0.0,1.0,0.0,1,3,12.345834587905333
5,1060,572,1040,1,0.0,1,840,44.0,100,0,110,0,31,31,3.0,3.0,4.0,3.0,1.0,6.0,1.0,3.0,3.0,0.0,1.0,0.0,0.0,0.0,1.0,0.0,0.0,0.0,0.0,0.0,0.0,0.0,0.0,1.0,0.0,0.0,0.0,1.0,0.0,1,1,11.77452020265869
5,1060,270,1060,1,0.0,1,188,71.0,406,0,90,0,42,9,3.0,4.0,3.0,5.0,2.0,3.0,1.0,3.0,2.0,1.0,0.0,0.0,0.0,0.0,1.0,0.0,0.0,0.0,0.0,0.0,0.0,0.0,1.0,0.0,0.0,0.0,0.0,1.0,0.0,1,2,11.944707881395766
8,1600,890,1566,2,640.0,1,0,110.0,0,0,56,0,2,2,4.0,4.0,4.0,5.0,1.0,1.0,2.0,3.0,3.0,0.0,1.0,0.0,0.0,0.0,1.0,0.0,0.0,0.0,0.0,0.0,0.0,0.0,1.0,0.0,0.0,0.0,0.0,1.0,0.0,1,5,12.454103912352162
5,900,576,900,1,0.0,0,234,60.0,222,0,32,0,59,10,3.0,4.0,3.0,3.0,2.0,4.0,1.0,3.0,3.0,1.0,0.0,0.0,0.0,0.0,0.0,0.0,0.0,0.0,1.0,0.0,0.0,0.0,1.0,0.0,0.0,0.0,0.0,1.0,0.0,1,2,11.811547477460344
8,1704,772,1704,2,200.0,1,1218,98.0,0,0,50,0,3,2,4.0,4.0,5.0,5.0,1.0,6.0,2.0,3.0,3.0,0.0,1.0,0.0,0.0,0.0,1.0,0.0,0.0,0.0,0.0,0.0,0.0,0.0,1.0,0.0,0.0,0.0,0.0,1.0,0.0,1,5,12.631340380934517
5,1600,319,1484,1,0.0,2,1277,47.0,288,0,258,0,49,9,3.0,3.0,3.0,3.0,4.0,4.0,2.0,3.0,2.0,1.0,0.0,0.0,0.0,0.0,1.0,0.0,0.0,0.0,0.0,0.0,0.0,0.0,1.0,0.0,0.0,0.0,0.0,1.0,0.0,1,2,12.24288661865289
4,520,240,520,1,0.0,0,0,60.0,49,0,0,0,81,58,3.0,2.0,3.0,2.0,1.0,1.0,1.0,3.0,2.0,0.0,0.0,0.0,0.0,0.0,0.0,0.0,0.0,0.0,1.0,0.0,0.0,0.0,0.0,1.0,0.0,0.0,0.0,1.0,0.0,0,1,11.134589024250317
4,1317,250,649,1,0.0,0,0,50.0,0,668,54,0,88,58,3.0,3.0,3.0,3.0,1.0,1.0,1.0,1.0,3.0,0.0,0.0,0.0,0.0,0.0,0.0,0.0,0.0,0.0,1.0,0.0,0.0,0.0,0.0,0.0,0.0,0.0,0.0,1.0,0.0,0,1,10.596634733096073
5,1228,271,1228,1,0.0,0,0,71.0,0,0,65,1,42,2,3.0,4.0,3.0,4.0,1.0,1.0,1.0,3.0,2.0,1.0,0.0,0.0,0.0,0.0,1.0,0.0,0.0,0.0,0.0,0.0,0.0,0.0,1.0,0.0,0.0,0.0,0.0,1.0,0.0,1,2,11.914047823644255
8,1234,484,1234,2,0.0,0,0,85.0,0,0,30,0,1,1,4.0,4.0,5.0,5.0,3.0,1.0,2.0,3.0,3.0,0.0,1.0,0.0,0.0,0.0,1.0,0.0,0.0,0.0,0.0,0.0,0.0,0.0,1.0,0.0,0.0,0.0,0.0,1.0,0.0,1,3,12.100156419938624
5,1700,447,1398,1,0.0,1,1018,70.0,0,0,38,1,51,51,3.0,4.0,3.0,4.0,1.0,3.0,2.0,3.0,2.0,1.0,0.0,0.0,0.0,0.0,1.0,0.0,0.0,0.0,0.0,0.0,0.0,0.0,1.0,0.0,0.0,0.0,0.0,1.0,0.0,1,2,12.016726473799254
9,1561,556,1561,2,246.0,1,1153,60.0,203,0,47,0,2,2,5.0,5.0,5.0,5.0,1.0,6.0,3.0,3.0,3.0,0.0,1.0,0.0,0.0,0.0,1.0,0.0,0.0,0.0,0.0,0.0,0.0,0.0,1.0,0.0,0.0,0.0,0.0,1.0,0.0,1,5,12.533576212168626
8,2452,691,1117,3,132.0,1,0,108.0,113,1320,32,1,2,1,4.0,4.0,5.0,5.0,3.0,1.0,3.0,3.0,3.0,0.0,1.0,0.0,0.0,0.0,0.0,0.0,1.0,0.0,0.0,0.0,0.0,0.0,1.0,0.0,0.0,0.0,0.0,1.0,0.0,1,5,12.641096555879882
5,1097,672,1097,1,0.0,0,0,112.0,392,0,64,1,15,14,3.0,3.0,4.0,5.0,1.0,1.0,1.0,3.0,3.0,0.0,1.0,0.0,0.0,0.0,1.0,0.0,0.0,0.0,0.0,0.0,0.0,0.0,1.0,0.0,0.0,0.0,0.0,1.0,0.0,1,3,11.884489021402711
5,1297,498,1297,1,650.0,1,1213,74.0,0,0,0,0,55,19,3.0,3.0,3.0,4.0,1.0,3.0,3.0,3.0,3.0,1.0,0.0,0.0,0.0,0.0,1.0,0.0,0.0,0.0,0.0,0.0,0.0,0.0,1.0,0.0,0.0,0.0,0.0,1.0,0.0,1,2,11.938193200374572
5,1057,246,1057,1,0.0,0,731,68.0,0,0,52,0,57,3,3.0,4.0,3.0,3.0,1.0,6.0,1.0,3.0,3.0,1.0,0.0,0.0,0.0,0.0,0.0,0.0,0.0,0.0,1.0,0.0,0.0,0.0,1.0,0.0,0.0,0.0,0.0,0.0,0.0,1,2,11.59910316121128
4,1152,0,0,2,0.0,0,0,65.0,0,0,0,0,53,53,3.0,2.0,0.0,3.0,0.0,0.0,0.0,1.0,3.0,0.0,1.0,0.0,0.0,0.0,0.0,0.0,0.0,0.0,0.0,1.0,0.0,0.0,1.0,0.0,1.0,0.0,0.0,0.0,0.0,0,1,11.314474526246391
6,1324,440,1088,2,101.0,1,643,84.0,0,0,138,0,41,41,3.0,3.0,3.0,5.0,1.0,3.0,2.0,3.0,3.0,1.0,0.0,0.0,0.0,0.0,1.0,0.0,0.0,0.0,0.0,0.0,0.0,0.0,1.0,0.0,0.0,0.0,0.0,0.0,0.0,1,2,11.982929094215963
5,1328,308,1350,1,0.0,2,967,115.0,0,0,104,1,48,48,3.0,3.0,3.0,4.0,4.0,4.0,2.0,2.0,3.0,1.0,0.0,0.0,0.0,0.0,1.0,0.0,0.0,0.0,0.0,0.0,0.0,0.0,1.0,0.0,0.0,0.0,0.0,1.0,0.0,1,4,12.043553716032399
5,884,504,840,1,0.0,0,747,66.5,240,0,0,0,24,24,3.0,4.0,4.0,4.0,3.0,5.0,2.0,3.0,2.0,1.0,0.0,0.0,0.0,0.0,1.0,0.0,0.0,0.0,0.0,0.0,0.0,0.0,1.0,0.0,0.0,0.0,0.0,1.0,0.0,1,3,11.877568578558138
5,938,308,938,1,0.0,0,280,70.0,145,0,0,0,33,28,3.0,3.0,4.0,3.0,3.0,2.0,1.0,3.0,2.0,1.0,0.0,0.0,0.0,0.0,0.0,0.0,0.0,0.0,1.0,0.0,0.0,0.0,1.0,0.0,0.0,0.0,0.0,1.0,0.0,1,3,11.777210959615614
5,1150,300,1150,1,0.0,0,179,70.0,0,0,0,0,47,47,3.0,3.0,3.0,5.0,1.0,5.0,2.0,3.0,3.0,1.0,0.0,0.0,0.0,0.0,1.0,0.0,0.0,0.0,0.0,0.0,0.0,0.0,1.0,0.0,0.0,0.0,0.0,1.0,0.0,1,2,11.856515169360305
9,1752,576,1752,2,412.0,1,456,61.0,196,0,82,0,5,5,5.0,5.0,5.0,5.0,1.0,6.0,2.0,3.0,3.0,0.0,1.0,0.0,0.0,0.0,1.0,0.0,0.0,0.0,0.0,0.0,0.0,0.0,1.0,0.0,0.0,0.0,0.0,1.0,0.0,1,5,12.675763725937609
7,2149,670,1434,1,0.0,1,1351,48.0,168,631,43,1,6,6,4.0,4.0,5.0,5.0,1.0,6.0,2.0,3.0,2.0,0.0,1.0,0.0,0.0,0.0,1.0,0.0,0.0,0.0,0.0,0.0,0.0,0.0,1.0,0.0,0.0,0.0,0.0,0.0,0.0,1,2,12.387085012375499
8,1656,826,1656,2,0.0,0,24,84.0,0,0,146,0,1,1,4.0,4.0,4.0,5.0,3.0,6.0,2.0,3.0,3.0,0.0,1.0,0.0,0.0,0.0,1.0,0.0,0.0,0.0,0.0,0.0,1.0,0.0,0.0,0.0,0.0,0.0,0.0,1.0,0.0,1,4,12.428015476267865
4,1452,0,736,2,0.0,0,0,33.0,0,716,0,0,89,1,3.0,3.0,3.0,4.0,1.0,1.0,0.0,1.0,3.0,0.0,0.0,0.0,0.0,0.0,0.0,0.0,0.0,0.0,0.0,1.0,0.0,0.0,0.0,1.0,0.0,0.0,0.0,0.0,1.0,1,1,11.635143097694478
5,955,386,955,1,0.0,0,763,66.0,0,0,0,0,41,41,3.0,3.0,3.0,5.0,1.0,4.0,1.0,3.0,3.0,1.0,0.0,0.0,0.0,0.0,1.0,0.0,0.0,0.0,0.0,0.0,0.0,0.0,1.0,0.0,0.0,0.0,0.0,1.0,0.0,1,2,11.751942365440728
6,1470,388,794,2,0.0,0,182,65.0,0,676,75,0,10,10,3.0,3.0,4.0,4.0,3.0,6.0,3.0,3.0,1.0,0.0,1.0,0.0,0.0,0.0,1.0,0.0,0.0,0.0,0.0,0.0,0.0,0.0,1.0,0.0,0.0,0.0,0.0,1.0,0.0,1,3,12.083905011555967
6,1176,528,816,1,0.0,1,0,52.0,112,0,0,0,72,56,3.0,3.0,3.0,3.0,1.0,1.0,1.0,3.0,3.0,0.0,1.0,0.0,0.0,0.0,0.0,0.0,0.0,0.0,1.0,0.0,0.0,0.0,0.0,1.0,0.0,0.0,0.0,1.0,0.0,1,1,11.648330101976432
5,816,516,816,1,0.0,0,104,110.0,106,0,0,0,47,47,2.0,3.0,4.0,3.0,4.0,2.0,1.0,3.0,1.0,1.0,0.0,0.0,0.0,0.0,0.0,0.0,0.0,1.0,0.0,0.0,0.0,0.0,0.0,1.0,0.0,0.0,0.0,1.0,0.0,0,1,11.608235644774552
9,1842,894,1842,0,0.0,1,1810,68.0,857,0,72,1,25,19,4.0,4.0,5.0,4.0,4.0,6.0,3.0,3.0,2.0,1.0,0.0,0.0,0.0,0.0,1.0,0.0,0.0,0.0,0.0,0.0,0.0,0.0,1.0,0.0,0.0,0.0,0.0,1.0,0.0,1,4,12.86099861326992
5,1360,572,384,1,0.0,1,384,60.0,0,0,50,0,52,52,3.0,3.0,3.0,3.0,1.0,5.0,1.0,3.0,3.0,1.0,0.0,0.0,0.0,0.0,0.0,0.0,0.0,0.0,1.0,0.0,0.0,0.0,1.0,0.0,0.0,0.0,0.0,1.0,0.0,1,2,11.77528972943772
6,1425,576,1425,2,272.0,1,490,100.0,0,0,0,0,44,44,3.0,3.0,3.0,4.0,1.0,4.0,2.0,3.0,2.0,1.0,0.0,0.0,0.0,0.0,1.0,0.0,0.0,0.0,0.0,0.0,0.0,0.0,1.0,0.0,0.0,0.0,0.0,1.0,0.0,1,2,12.103486056755072
8,1739,480,970,2,456.0,0,649,24.0,115,756,0,1,10,9,4.0,4.0,4.0,5.0,1.0,6.0,3.0,3.0,3.0,0.0,1.0,0.0,0.0,0.0,1.0,0.0,0.0,0.0,0.0,0.0,1.0,0.0,0.0,0.0,0.0,0.0,0.0,0.0,0.0,1,4,12.058152515453552
7,1720,565,860,2,0.0,0,0,89.0,0,860,70,1,2,2,4.0,4.0,4.0,5.0,1.0,1.0,2.0,3.0,2.0,0.0,1.0,0.0,0.0,0.0,1.0,0.0,0.0,0.0,0.0,0.0,0.0,0.0,1.0,0.0,0.0,0.0,0.0,1.0,0.0,1,3,12.188417710291453
10,2945,641,1410,3,1031.0,1,0,66.0,192,1519,0,1,0,0,5.0,4.0,5.0,5.0,4.0,1.0,3.0,3.0,1.0,0.0,1.0,0.0,0.0,0.0,0.0,0.0,1.0,0.0,0.0,0.0,0.0,0.0,1.0,0.0,0.0,0.0,0.0,0.0,1.0,1,5,12.991753427493052
5,780,352,780,1,0.0,0,632,60.0,196,0,0,0,36,36,3.0,3.0,3.0,5.0,3.0,5.0,1.0,3.0,3.0,1.0,0.0,0.0,0.0,0.0,0.0,0.0,0.0,0.0,1.0,0.0,0.0,0.0,1.0,0.0,0.0,0.0,0.0,1.0,0.0,1,3,11.73526869611367
6,1158,576,1158,1,0.0,0,941,63.0,0,0,50,1,2,2,3.0,4.0,4.0,5.0,1.0,5.0,1.0,3.0,3.0,0.0,1.0,0.0,0.0,0.0,0.0,0.0,0.0,0.0,1.0,0.0,0.0,0.0,1.0,0.0,0.0,0.0,0.0,0.0,1.0,1,3,11.970350312009105
5,1111,288,530,1,0.0,0,0,60.0,0,530,0,0,87,11,3.0,2.0,3.0,3.0,1.0,1.0,1.0,1.0,3.0,0.0,0.0,0.0,0.0,0.0,0.0,0.0,0.0,0.0,1.0,0.0,0.0,0.0,0.0,1.0,0.0,0.0,0.0,1.0,0.0,0,1,11.522875795823397
8,1370,484,1370,2,178.0,1,24,44.0,120,0,49,0,1,1,4.0,4.0,4.0,5.0,2.0,6.0,2.0,3.0,2.0,0.0,1.0,0.0,0.0,0.0,1.0,0.0,0.0,0.0,0.0,0.0,0.0,0.0,1.0,0.0,0.0,0.0,0.0,1.0,0.0,1,5,12.218495165528731
7,1710,480,576,2,0.0,0,0,50.0,12,808,11,0,89,60,3.0,3.0,3.0,4.0,1.0,1.0,1.0,3.0,2.0,0.0,0.0,0.0,0.0,0.0,0.0,0.0,0.0,0.0,1.0,0.0,0.0,0.0,0.0,1.0,0.0,0.0,0.0,1.0,0.0,1,1,11.84939770159144
7,2034,645,1057,2,573.0,0,739,70.0,576,977,36,1,12,11,3.0,4.0,4.0,5.0,1.0,6.0,2.0,3.0,3.0,0.0,1.0,0.0,0.0,0.0,1.0,0.0,0.0,0.0,0.0,0.0,0.0,0.0,1.0,0.0,0.0,0.0,0.0,1.0,0.0,1,3,12.299107511497363
8,2473,852,1143,2,344.0,1,0,76.0,192,1330,151,1,3,2,4.0,4.0,5.0,5.0,3.0,1.0,2.0,3.0,3.0,0.0,1.0,0.0,0.0,0.0,0.0,0.0,1.0,0.0,0.0,0.0,0.0,0.0,1.0,0.0,0.0,0.0,0.0,1.0,0.0,1,5,12.666657052859417
7,2207,576,1947,2,287.0,1,912,73.0,301,0,0,0,40,21,3.0,3.0,4.0,3.0,4.0,6.0,2.0,3.0,3.0,1.0,0.0,0.0,0.0,0.0,1.0,0.0,0.0,0.0,0.0,0.0,0.0,0.0,1.0,0.0,0.0,0.0,0.0,1.0,0.0,1,2,12.100712129872347
7,1479,558,1453,2,167.0,0,1013,72.0,144,0,29,0,4,4,4.0,4.0,4.0,5.0,3.0,6.0,2.0,3.0,2.0,0.0,1.0,0.0,0.0,0.0,1.0,0.0,0.0,0.0,0.0,0.0,0.0,0.0,1.0,0.0,0.0,0.0,0.0,1.0,0.0,1,3,12.328290278254423
4,747,220,747,1,0.0,0,0,47.0,0,0,0,0,65,60,3.0,3.0,3.0,3.0,1.0,1.0,1.0,3.0,3.0,1.0,0.0,0.0,0.0,0.0,1.0,0.0,0.0,0.0,0.0,0.0,0.0,0.0,0.0,1.0,0.0,0.0,0.0,1.0,0.0,1,1,11.289781913656018
7,2287,667,1304,2,0.0,1,603,81.0,0,983,21,0,53,53,4.0,3.0,3.0,3.0,1.0,4.0,3.0,3.0,3.0,1.0,0.0,0.0,0.0,0.0,1.0,0.0,0.0,0.0,0.0,0.0,0.0,0.0,1.0,0.0,0.0,0.0,0.0,1.0,0.0,1,4,12.323855681186558
7,2223,516,2223,2,1115.0,2,1880,95.0,300,0,0,0,34,34,3.0,3.0,4.0,5.0,4.0,5.0,3.0,3.0,2.0,1.0,0.0,0.0,0.0,0.0,1.0,0.0,0.0,0.0,0.0,0.0,0.0,0.0,1.0,0.0,0.0,0.0,0.0,1.0,0.0,1,2,12.404923504275338
4,845,360,845,1,0.0,0,565,69.0,0,0,0,0,25,1,3.0,3.0,3.0,3.0,1.0,5.0,1.0,3.0,3.0,1.0,0.0,0.0,0.0,0.0,0.0,0.0,0.0,0.0,1.0,0.0,0.0,0.0,1.0,0.0,0.0,0.0,0.0,1.0,0.0,1,2,11.771436160121729
7,1718,427,832,2,40.0,1,0,74.0,0,833,94,1,11,11,3.0,3.0,4.0,4.0,1.0,1.0,3.0,3.0,2.0,0.0,1.0,0.0,0.0,0.0,1.0,0.0,0.0,0.0,0.0,0.0,0.0,0.0,1.0,0.0,0.0,0.0,0.0,1.0,0.0,1,3,12.128111104060462
5,1086,490,1086,1,104.0,0,320,85.0,0,0,0,0,56,7,3.0,3.0,3.0,4.0,1.0,5.0,1.0,3.0,3.0,1.0,0.0,0.0,0.0,0.0,1.0,0.0,0.0,0.0,0.0,0.0,0.0,0.0,1.0,0.0,0.0,0.0,0.0,1.0,0.0,1,2,11.883799128308773
3,1605,379,840,2,0.0,0,0,60.0,0,765,0,0,95,60,4.0,3.0,2.0,4.0,1.0,1.0,1.0,3.0,3.0,1.0,0.0,0.0,0.0,0.0,0.0,0.0,0.0,0.0,1.0,0.0,0.0,0.0,0.0,1.0,0.0,0.0,0.0,1.0,0.0,0,1,11.584315461056901
4,988,297,462,1,0.0,0,462,21.0,120,462,101,0,36,36,3.0,3.0,4.0,3.0,4.0,6.0,1.0,3.0,3.0,1.0,0.0,0.0,0.0,0.0,0.0,0.0,1.0,0.0,0.0,0.0,0.0,0.0,0.0,1.0,0.0,0.0,0.0,1.0,0.0,1,1,11.418614785498987
4,952,283,952,1,0.0,0,228,73.0,0,0,0,0,52,52,3.0,3.0,3.0,5.0,1.0,5.0,1.0,3.0,2.0,1.0,0.0,0.0,0.0,0.0,0.0,0.0,0.0,0.0,1.0,0.0,0.0,0.0,1.0,0.0,0.0,0.0,0.0,1.0,0.0,1,2,11.818570237796182
5,1285,240,672,1,0.0,0,336,50.0,0,213,0,0,60,7,3.0,3.0,3.0,3.0,1.0,4.0,1.0,3.0,3.0,1.0,0.0,0.0,0.0,0.0,0.0,0.0,0.0,0.0,1.0,0.0,0.0,0.0,0.0,1.0,0.0,0.0,0.0,1.0,0.0,1,1,11.751942365440728
4,1768,0,1768,2,0.0,0,0,72.0,0,0,0,0,42,42,3.0,3.0,3.0,3.0,1.0,1.0,0.0,3.0,3.0,1.0,0.0,0.0,0.0,0.0,0.0,0.0,0.0,0.0,0.0,1.0,0.0,0.0,1.0,0.0,0.0,0.0,0.0,1.0,0.0,0,2,11.824079893607152
5,1230,440,440,1,0.0,0,0,60.0,74,548,0,1,99,28,3.0,3.0,3.0,4.0,1.0,1.0,1.0,3.0,3.0,0.0,1.0,0.0,0.0,0.0,0.0,0.0,0.0,0.0,1.0,0.0,0.0,0.0,0.0,1.0,0.0,0.0,0.0,1.0,0.0,1,1,11.608235644774552
6,2142,509,896,2,576.0,1,448,100.0,0,960,72,1,41,41,3.0,4.0,4.0,3.0,1.0,3.0,3.0,3.0,3.0,1.0,0.0,0.0,0.0,0.0,1.0,0.0,0.0,0.0,0.0,0.0,0.0,0.0,1.0,0.0,0.0,0.0,0.0,1.0,0.0,1,2,12.173032791451973
6,1337,405,1237,2,443.0,0,1201,32.0,0,0,199,0,8,8,3.0,3.0,5.0,5.0,1.0,6.0,3.0,3.0,3.0,0.0,1.0,0.0,0.0,0.0,1.0,0.0,0.0,0.0,0.0,0.0,0.0,0.0,0.0,1.0,0.0,0.0,0.0,1.0,0.0,1,2,11.941455846009388
8,1563,758,1563,2,468.0,1,33,78.0,144,0,99,0,1,1,3.0,4.0,4.0,5.0,1.0,6.0,2.0,3.0,3.0,0.0,1.0,0.0,0.0,0.0,1.0,0.0,0.0,0.0,0.0,0.0,0.0,0.0,1.0,0.0,0.0,0.0,0.0,1.0,0.0,1,4,12.409013489526863
5,1065,461,1065,1,66.0,0,0,80.0,74,0,0,1,47,47,3.0,3.0,3.0,4.0,1.0,1.0,1.0,3.0,2.0,1.0,0.0,0.0,0.0,0.0,0.0,0.0,0.0,0.0,1.0,0.0,0.0,0.0,1.0,0.0,0.0,0.0,0.0,1.0,0.0,1,2,11.747997587149712
7,1474,400,384,2,22.0,1,0,65.0,120,670,72,1,14,13,3.0,3.0,4.0,4.0,1.0,1.0,3.0,3.0,2.0,0.0,1.0,0.0,0.0,0.0,0.0,0.0,1.0,0.0,0.0,0.0,0.0,0.0,1.0,0.0,0.0,0.0,0.0,1.0,0.0,1,3,12.034691028774553
8,2417,462,1288,2,284.0,1,0,121.0,127,1116,82,1,15,14,4.0,4.0,4.0,5.0,1.0,1.0,1.0,3.0,3.0,1.0,0.0,0.0,0.0,0.0,1.0,0.0,0.0,0.0,0.0,0.0,0.0,0.0,1.0,0.0,0.0,0.0,0.0,1.0,0.0,1,5,12.468436909997665
6,1560,400,684,2,0.0,1,0,122.0,100,876,38,1,4,4,4.0,4.0,4.0,5.0,3.0,1.0,3.0,3.0,1.0,0.0,1.0,0.0,0.0,0.0,0.0,0.0,1.0,0.0,0.0,0.0,0.0,0.0,1.0,0.0,0.0,0.0,0.0,1.0,0.0,1,3,12.066810578196666
6,1224,528,612,2,76.0,0,0,40.0,0,612,234,1,0,0,4.0,4.0,4.0,5.0,3.0,1.0,2.0,3.0,3.0,0.0,1.0,0.0,0.0,0.0,0.0,0.0,0.0,0.0,1.0,0.0,1.0,0.0,0.0,0.0,0.0,0.0,0.0,0.0,1.0,1,4,12.010665849187564
3,1526,0,1013,1,0.0,0,0,105.0,0,0,0,0,94,27,2.0,2.0,3.0,3.0,1.0,1.0,0.0,1.0,2.0,1.0,0.0,0.0,0.0,0.0,0.0,0.0,0.0,0.0,0.0,1.0,0.0,0.0,0.0,0.0,0.0,0.0,0.0,0.0,0.0,0,1,11.350406535472453
4,990,0,990,1,0.0,0,588,60.0,0,0,0,0,13,12,3.0,3.0,4.0,5.0,1.0,6.0,0.0,3.0,3.0,0.0,1.0,0.0,0.0,0.0,0.0,0.0,0.0,0.0,0.0,1.0,0.0,0.0,1.0,0.0,0.0,0.0,0.0,1.0,0.0,1,3,11.724805824005728
4,1040,420,0,1,0.0,0,0,60.0,0,0,29,0,56,56,3.0,3.0,0.0,3.0,0.0,0.0,1.0,3.0,3.0,0.0,0.0,1.0,0.0,0.0,0.0,0.0,0.0,0.0,1.0,0.0,0.0,0.0,1.0,0.0,0.0,0.0,0.0,1.0,0.0,1,2,11.607326140391713
5,1235,480,1235,1,203.0,0,600,85.0,0,0,0,0,45,45,3.0,3.0,3.0,3.0,1.0,3.0,1.0,3.0,3.0,1.0,0.0,0.0,0.0,0.0,1.0,0.0,0.0,0.0,0.0,0.0,0.0,0.0,1.0,0.0,0.0,0.0,0.0,0.0,0.0,1,2,11.498826540590727
5,964,432,876,1,0.0,0,713,80.0,0,0,0,0,88,3,3.0,3.0,4.0,5.0,1.0,5.0,1.0,3.0,2.0,0.0,0.0,0.0,0.0,0.0,0.0,0.0,0.0,0.0,1.0,0.0,0.0,0.0,1.0,0.0,0.0,0.0,0.0,1.0,0.0,1,4,12.004568269319446
6,2291,506,1214,2,0.0,1,1046,60.0,0,1031,0,0,97,9,3.0,3.0,3.0,5.0,2.0,3.0,1.0,3.0,3.0,0.0,0.0,0.0,0.0,0.0,0.0,0.0,0.0,0.0,1.0,0.0,0.0,0.0,0.0,0.0,0.0,0.0,0.0,1.0,0.0,0,1,11.804848531679264
6,1786,684,824,2,0.0,0,648,69.0,0,881,162,1,10,10,3.0,4.0,4.0,5.0,1.0,6.0,2.0,3.0,2.0,0.0,1.0,0.0,0.0,0.0,1.0,0.0,0.0,0.0,0.0,0.0,0.0,0.0,1.0,0.0,0.0,0.0,0.0,1.0,0.0,1,3,12.229545001715316
6,1470,420,680,2,68.0,1,310,65.0,232,790,63,1,16,16,5.0,3.0,4.0,4.0,1.0,5.0,3.0,3.0,1.0,0.0,1.0,0.0,0.0,0.0,0.0,0.0,1.0,0.0,0.0,0.0,0.0,0.0,1.0,0.0,0.0,0.0,0.0,1.0,0.0,1,3,12.128111104060462
7,1588,472,1588,2,183.0,0,1162,78.0,158,0,29,0,7,7,4.0,4.0,4.0,5.0,3.0,5.0,2.0,3.0,2.0,0.0,1.0,0.0,0.0,0.0,1.0,0.0,0.0,0.0,0.0,0.0,0.0,0.0,1.0,0.0,0.0,0.0,0.0,1.0,0.0,1,3,12.273731294003989
4,960,432,960,1,48.0,0,520,73.0,120,0,0,0,42,42,3.0,3.0,3.0,3.0,1.0,3.0,3.0,2.0,3.0,1.0,0.0,0.0,0.0,0.0,1.0,0.0,0.0,0.0,0.0,0.0,0.0,0.0,1.0,0.0,0.0,0.0,0.0,1.0,0.0,1,1,11.458997122944673
5,835,366,458,1,0.0,0,108,85.0,0,0,0,0,90,60,3.0,3.0,3.0,2.0,1.0,5.0,1.0,3.0,3.0,0.0,0.0,0.0,0.0,0.0,0.0,1.0,0.0,0.0,0.0,0.0,0.0,0.0,1.0,0.0,0.0,0.0,0.0,0.0,0.0,0,1,11.326595886778735
4,1225,0,950,1,0.0,0,569,77.0,352,0,0,1,51,51,3.0,3.0,3.0,2.0,1.0,5.0,0.0,3.0,2.0,1.0,0.0,0.0,0.0,0.0,0.0,0.0,0.0,0.0,0.0,1.0,0.0,0.0,1.0,0.0,0.0,0.0,0.0,1.0,0.0,1,2,11.76718001130949
6,1610,480,1610,2,28.0,2,1200,80.0,168,0,68,0,33,9,3.0,4.0,3.0,4.0,2.0,5.0,2.0,3.0,2.0,0.0,1.0,0.0,0.0,0.0,1.0,0.0,0.0,0.0,0.0,0.0,0.0,0.0,1.0,0.0,0.0,0.0,0.0,1.0,0.0,1,3,12.230765258120545
6,1732,476,741,2,336.0,1,0,77.0,192,755,46,1,25,25,4.0,4.0,4.0,3.0,1.0,1.0,3.0,3.0,3.0,1.0,0.0,0.0,0.0,0.0,1.0,0.0,0.0,0.0,0.0,0.0,0.0,0.0,1.0,0.0,0.0,0.0,0.0,1.0,0.0,1,3,12.089538829274222
5,1535,410,0,2,0.0,0,0,64.0,0,0,0,0,30,30,3.0,3.0,0.0,3.0,0.0,0.0,1.0,3.0,3.0,0.0,0.0,1.0,0.0,0.0,1.0,0.0,0.0,0.0,0.0,0.0,0.0,0.0,1.0,0.0,0.0,1.0,0.0,0.0,0.0,1,3,11.686576205316552
7,1226,740,1226,2,0.0,0,0,94.0,0,0,36,0,1,1,3.0,4.0,4.0,5.0,1.0,1.0,2.0,3.0,2.0,0.0,1.0,0.0,0.0,0.0,1.0,0.0,0.0,0.0,0.0,0.0,0.0,0.0,1.0,0.0,0.0,0.0,0.0,1.0,0.0,1,3,12.200557464842063
7,1818,240,1040,1,600.0,2,224,60.0,0,592,0,1,76,57,3.0,3.0,3.0,5.0,1.0,2.0,1.0,3.0,3.0,0.0,1.0,0.0,0.0,0.0,0.0,0.0,0.0,0.0,1.0,0.0,0.0,0.0,0.0,1.0,0.0,0.0,0.0,1.0,0.0,1,1,12.040608205802641
8,1992,648,1053,2,768.0,1,0,75.0,140,939,45,1,5,4,4.0,4.0,5.0,5.0,1.0,1.0,2.0,3.0,3.0,0.0,1.0,0.0,0.0,0.0,1.0,0.0,0.0,0.0,0.0,0.0,1.0,0.0,0.0,0.0,0.0,0.0,0.0,1.0,0.0,1,4,12.429216196844383
4,1047,273,641,1,0.0,0,0,60.0,0,0,0,0,122,12,3.0,3.0,2.0,4.0,1.0,1.0,1.0,1.0,3.0,0.0,0.0,0.0,0.0,0.0,0.0,0.0,0.0,0.0,1.0,0.0,0.0,0.0,0.0,1.0,0.0,0.0,0.0,1.0,0.0,1,1,11.512925464970229
5,789,250,789,1,0.0,0,104,50.0,0,0,0,0,60,58,3.0,3.0,3.0,5.0,1.0,5.0,1.0,3.0,3.0,1.0,0.0,0.0,0.0,0.0,0.0,0.0,0.0,0.0,1.0,0.0,0.0,0.0,0.0,1.0,0.0,0.0,0.0,0.0,1.0,1,1,11.652687407345388
5,1517,0,793,2,0.0,0,0,85.0,0,520,0,0,88,2,3.0,2.0,3.0,3.0,1.0,1.0,0.0,1.0,3.0,1.0,0.0,0.0,0.0,0.0,0.0,0.0,0.0,0.0,0.0,1.0,0.0,0.0,0.0,1.0,0.0,0.0,0.0,1.0,0.0,0,1,11.652687407345388
6,1844,546,1844,2,480.0,1,705,105.0,0,0,122,0,33,33,3.0,3.0,4.0,5.0,1.0,4.0,2.0,3.0,2.0,1.0,0.0,0.0,0.0,0.0,1.0,0.0,0.0,0.0,0.0,0.0,0.0,0.0,1.0,0.0,0.0,0.0,0.0,1.0,0.0,1,3,12.154779351142624
6,1855,325,994,2,0.0,0,444,75.0,182,639,0,0,52,34,3.0,3.0,3.0,4.0,1.0,3.0,1.0,3.0,3.0,1.0,0.0,0.0,0.0,0.0,1.0,0.0,0.0,0.0,0.0,0.0,0.0,0.0,1.0,0.0,0.0,0.0,0.0,1.0,0.0,1,1,11.82700601127654
7,1430,400,384,2,0.0,1,250,65.0,180,656,0,1,10,10,3.0,3.0,4.0,5.0,1.0,6.0,3.0,3.0,2.0,0.0,1.0,0.0,0.0,0.0,0.0,0.0,1.0,0.0,0.0,0.0,0.0,0.0,1.0,0.0,0.0,0.0,0.0,1.0,0.0,1,3,12.100712129872347
7,2696,792,1264,2,220.0,1,984,77.0,120,1414,184,1,0,0,4.0,5.0,5.0,5.0,3.0,6.0,3.0,3.0,3.0,0.0,1.0,0.0,0.0,0.0,0.0,0.0,1.0,0.0,0.0,0.0,0.0,0.0,1.0,0.0,0.0,0.0,0.0,0.0,1.0,1,3,12.858319703517948
6,2259,450,1809,2,184.0,2,35,74.0,166,0,120,0,54,54,3.0,4.0,4.0,3.0,2.0,5.0,1.0,3.0,3.0,1.0,0.0,0.0,0.0,0.0,0.0,1.0,0.0,0.0,0.0,0.0,0.0,0.0,1.0,0.0,0.0,0.0,0.0,0.0,0.0,1,4,12.287652632522597
6,2320,180,1028,2,0.0,1,774,61.0,224,884,0,1,62,5,3.0,4.0,3.0,5.0,1.0,5.0,1.0,3.0,2.0,1.0,0.0,0.0,0.0,0.0,0.0,0.0,0.0,0.0,1.0,0.0,0.0,0.0,1.0,0.0,0.0,0.0,0.0,1.0,0.0,1,4,12.46651198158808
6,1458,440,729,2,1129.0,1,419,34.0,0,729,32,1,8,8,3.0,3.0,4.0,4.0,1.0,6.0,1.0,3.0,3.0,0.0,1.0,0.0,0.0,0.0,0.0,0.0,0.0,0.0,1.0,0.0,1.0,0.0,0.0,0.0,0.0,0.0,0.0,1.0,0.0,1,4,12.078239274020289
5,1092,288,1092,1,116.0,1,170,71.0,0,0,20,0,47,47,3.0,3.0,3.0,3.0,1.0,2.0,1.0,3.0,3.0,1.0,0.0,0.0,0.0,0.0,1.0,0.0,0.0,0.0,0.0,0.0,0.0,0.0,1.0,0.0,0.0,0.0,0.0,1.0,0.0,1,2,11.842229212112828
5,1125,430,1125,1,0.0,0,0,74.0,80,0,64,1,1,0,3.0,3.0,4.0,4.0,1.0,1.0,1.0,3.0,3.0,0.0,1.0,0.0,0.0,0.0,1.0,0.0,0.0,0.0,0.0,0.0,0.0,0.0,1.0,0.0,0.0,0.0,0.0,0.0,1.0,1,1,11.951180395901384
7,3222,594,1673,3,0.0,2,1470,90.0,367,1523,0,0,20,20,3.0,4.0,4.0,4.0,2.0,6.0,1.0,3.0,3.0,0.0,1.0,0.0,0.0,0.0,1.0,0.0,0.0,0.0,0.0,0.0,0.0,0.0,1.0,0.0,0.0,0.0,0.0,1.0,0.0,1,3,12.676076274775909
6,1456,390,728,2,0.0,1,0,65.0,0,728,24,1,1,0,4.0,4.0,4.0,5.0,1.0,1.0,3.0,3.0,3.0,0.0,1.0,0.0,0.0,0.0,1.0,0.0,0.0,0.0,0.0,0.0,0.0,0.0,1.0,0.0,0.0,0.0,0.0,0.0,1.0,1,3,12.007560729337492
6,988,540,938,1,0.0,2,938,80.0,0,0,130,0,37,37,3.0,3.0,3.0,5.0,4.0,5.0,1.0,3.0,2.0,1.0,0.0,0.0,0.0,0.0,1.0,0.0,0.0,0.0,0.0,0.0,0.0,0.0,1.0,0.0,0.0,0.0,0.0,1.0,0.0,1,4,12.100712129872347
4,1123,264,732,1,0.0,0,0,50.0,0,351,0,0,68,57,3.0,3.0,3.0,4.0,1.0,1.0,1.0,2.0,3.0,0.0,1.0,0.0,0.0,0.0,0.0,0.0,0.0,0.0,1.0,0.0,0.0,0.0,0.0,1.0,0.0,0.0,0.0,1.0,0.0,1,1,11.512925464970229
6,1080,288,1080,1,135.0,0,570,75.0,0,0,0,0,50,50,3.0,3.0,3.0,4.0,1.0,4.0,1.0,3.0,3.0,1.0,0.0,0.0,0.0,0.0,1.0,0.0,0.0,0.0,0.0,0.0,0.0,0.0,1.0,0.0,0.0,0.0,0.0,1.0,0.0,1,2,11.820410164718188
6,1199,530,1199,2,0.0,0,300,55.0,0,0,63,0,15,15,4.0,4.0,4.0,5.0,1.0,6.0,2.0,3.0,3.0,0.0,1.0,0.0,0.0,0.0,1.0,0.0,0.0,0.0,0.0,0.0,0.0,0.0,1.0,0.0,0.0,0.0,0.0,1.0,0.0,1,3,11.94405831982697
6,1586,435,1362,2,0.0,1,0,48.0,192,0,0,0,30,11,3.0,3.0,4.0,3.0,1.0,1.0,1.0,3.0,2.0,1.0,0.0,0.0,0.0,0.0,1.0,0.0,0.0,0.0,0.0,0.0,0.0,0.0,1.0,0.0,0.0,0.0,0.0,1.0,0.0,1,3,12.106252310247962
6,754,0,520,1,0.0,0,490,60.0,53,0,0,0,71,24,3.0,3.0,3.0,4.0,3.0,6.0,0.0,1.0,3.0,1.0,0.0,0.0,0.0,0.0,0.0,0.0,0.0,0.0,0.0,1.0,0.0,0.0,0.0,1.0,0.0,0.0,0.0,1.0,0.0,0,1,11.344506813345266
6,958,440,1078,2,0.0,1,120,24.0,0,0,205,0,31,31,3.0,3.0,4.0,3.0,1.0,5.0,2.0,3.0,2.0,1.0,0.0,0.0,0.0,0.0,1.0,0.0,0.0,0.0,0.0,0.0,0.0,0.0,1.0,0.0,0.0,0.0,0.0,1.0,0.0,1,2,11.759785542901755
5,840,0,672,1,0.0,1,116,55.0,0,0,0,0,77,57,3.0,3.0,3.0,5.0,1.0,2.0,0.0,1.0,2.0,0.0,0.0,0.0,0.0,0.0,0.0,0.0,0.0,0.0,0.0,1.0,0.0,0.0,0.0,1.0,0.0,0.0,0.0,1.0,0.0,1,1,11.37366339763672
6,1348,453,660,1,266.0,1,512,69.0,188,688,108,1,40,40,3.0,3.0,3.0,3.0,1.0,4.0,2.0,3.0,3.0,1.0,0.0,0.0,0.0,0.0,1.0,0.0,0.0,0.0,0.0,0.0,0.0,0.0,1.0,0.0,0.0,0.0,0.0,1.0,0.0,1,2,11.951180395901384
5,1053,750,1008,1,85.0,0,567,69.0,0,0,80,1,48,15,3.0,5.0,3.0,3.0,1.0,3.0,2.0,3.0,3.0,1.0,0.0,0.0,0.0,0.0,0.0,0.0,0.0,0.0,0.0,0.0,0.0,0.0,1.0,0.0,0.0,0.0,0.0,0.0,0.0,1,2,11.918390573078392
7,2157,487,924,2,309.0,2,445,88.0,105,941,66,1,40,40,3.0,4.0,3.0,5.0,1.0,3.0,3.0,3.0,3.0,1.0,0.0,0.0,0.0,0.0,1.0,0.0,0.0,0.0,0.0,0.0,0.0,0.0,1.0,0.0,0.0,0.0,0.0,1.0,0.0,1,2,12.328290278254423
6,2054,390,992,2,40.0,1,695,65.0,24,1032,48,1,9,9,4.0,4.0,4.0,5.0,1.0,6.0,2.0,3.0,2.0,0.0,1.0,0.0,0.0,0.0,0.0,0.0,1.0,0.0,0.0,0.0,0.0,0.0,1.0,0.0,0.0,0.0,0.0,1.0,0.0,1,3,12.404923504275338
5,1327,624,1063,1,0.0,0,405,75.0,0,0,0,0,48,5,3.0,4.0,3.0,4.0,1.0,3.0,1.0,3.0,3.0,1.0,0.0,0.0,0.0,0.0,0.0,0.0,0.0,0.0,1.0,0.0,0.0,0.0,1.0,0.0,0.0,0.0,0.0,1.0,0.0,1,2,11.923378114589433
8,1296,471,1267,2,136.0,0,1005,85.0,192,0,25,0,8,7,4.0,4.0,5.0,5.0,1.0,6.0,3.0,3.0,2.0,0.0,1.0,0.0,0.0,0.0,1.0,0.0,0.0,0.0,0.0,0.0,0.0,0.0,1.0,0.0,0.0,0.0,0.0,1.0,0.0,1,4,12.301382825334498
5,1721,440,1461,2,0.0,1,570,78.0,0,0,96,1,38,13,3.0,3.0,3.0,4.0,1.0,3.0,2.0,3.0,2.0,1.0,0.0,0.0,0.0,0.0,1.0,0.0,0.0,0.0,0.0,0.0,0.0,0.0,1.0,0.0,0.0,0.0,0.0,1.0,0.0,1,2,12.100712129872347
7,1682,530,1304,2,288.0,1,0,80.0,98,0,0,0,38,38,3.0,3.0,3.0,4.0,1.0,1.0,1.0,3.0,3.0,0.0,1.0,0.0,0.0,0.0,1.0,0.0,0.0,0.0,0.0,0.0,0.0,0.0,1.0,0.0,0.0,0.0,0.0,1.0,0.0,1,3,12.066810578196666
5,1214,318,1214,2,196.0,1,695,73.0,0,0,111,0,40,40,3.0,3.0,3.0,3.0,1.0,4.0,2.0,3.0,2.0,1.0,0.0,0.0,0.0,0.0,1.0,0.0,0.0,0.0,0.0,0.0,0.0,0.0,1.0,0.0,0.0,0.0,0.0,1.0,0.0,1,2,11.870599909242044
7,1959,766,1907,3,70.0,0,0,82.0,0,0,0,0,18,17,3.0,3.0,3.0,4.0,1.0,1.0,1.0,3.0,3.0,1.0,0.0,0.0,0.0,0.0,0.0,0.0,0.0,0.0,0.0,0.0,0.0,0.0,1.0,0.0,0.0,0.0,1.0,0.0,0.0,1,2,12.049418835484797
8,1852,660,1004,2,320.0,2,668,73.0,224,848,106,1,9,8,4.0,4.0,4.0,5.0,2.0,6.0,3.0,3.0,2.0,0.0,1.0,0.0,0.0,0.0,1.0,0.0,0.0,0.0,0.0,0.0,0.0,0.0,1.0,0.0,0.0,0.0,0.0,1.0,0.0,1,3,12.345834587905333
6,1764,470,928,2,0.0,0,821,65.0,276,836,99,1,12,12,3.0,4.0,4.0,5.0,1.0,6.0,2.0,3.0,2.0,0.0,1.0,0.0,0.0,0.0,1.0,0.0,0.0,0.0,0.0,0.0,0.0,0.0,1.0,0.0,0.0,0.0,0.0,1.0,0.0,1,3,12.352335152508426
4,864,0,864,1,0.0,1,432,70.0,0,0,0,0,39,39,3.0,3.0,3.0,3.0,1.0,5.0,0.0,3.0,3.0,1.0,0.0,0.0,0.0,0.0,0.0,0.0,0.0,0.0,0.0,1.0,0.0,0.0,1.0,0.0,0.0,0.0,0.0,1.0,0.0,1,2,11.652687407345388
7,1734,660,1734,2,0.0,0,1300,78.0,160,0,24,0,1,1,4.0,4.0,4.0,5.0,3.0,6.0,3.0,3.0,3.0,0.0,1.0,0.0,0.0,0.0,1.0,0.0,0.0,0.0,0.0,0.0,0.0,0.0,1.0,0.0,0.0,0.0,0.0,1.0,0.0,1,3,12.468436909997665
5,1385,720,910,2,0.0,0,507,71.0,0,475,0,0,58,58,3.0,3.0,3.0,2.0,1.0,3.0,1.0,3.0,3.0,1.0,0.0,0.0,0.0,0.0,0.0,0.0,0.0,0.0,1.0,0.0,0.0,0.0,1.0,0.0,0.0,0.0,0.0,1.0,0.0,1,2,12.01974306733868
7,1501,577,1490,2,183.0,0,679,78.0,144,0,29,0,10,10,4.0,4.0,4.0,5.0,4.0,6.0,2.0,3.0,2.0,0.0,1.0,0.0,0.0,0.0,1.0,0.0,0.0,0.0,0.0,0.0,0.0,0.0,1.0,0.0,0.0,0.0,0.0,1.0,0.0,1,3,12.225875272826354
5,1728,504,1728,2,336.0,0,1332,70.0,0,0,0,0,43,43,3.0,3.0,3.0,3.0,1.0,3.0,1.0,3.0,3.0,1.0,0.0,0.0,0.0,0.0,0.0,0.0,0.0,0.0,1.0,0.0,0.0,0.0,0.0,1.0,0.0,0.0,0.0,0.0,0.0,1,2,11.736069016284437
6,1709,380,970,2,50.0,0,0,24.0,0,739,40,0,2,0,4.0,4.0,4.0,5.0,1.0,1.0,1.0,3.0,3.0,0.0,1.0,0.0,0.0,0.0,0.0,0.0,0.0,0.0,1.0,0.0,0.0,0.0,0.0,1.0,0.0,0.0,0.0,1.0,0.0,1,1,11.77528972943772
5,875,180,715,1,0.0,0,209,51.0,48,0,0,0,78,16,3.0,3.0,3.0,3.0,1.0,4.0,1.0,3.0,3.0,0.0,0.0,0.0,0.0,0.0,0.0,0.0,0.0,0.0,1.0,0.0,0.0,0.0,0.0,1.0,0.0,0.0,0.0,1.0,0.0,1,1,11.56171562913966
7,2035,434,884,2,180.0,1,0,65.0,144,1151,48,1,9,9,4.0,4.0,4.0,5.0,1.0,1.0,3.0,3.0,2.0,0.0,1.0,0.0,0.0,0.0,0.0,0.0,1.0,0.0,0.0,0.0,0.0,0.0,1.0,0.0,0.0,0.0,0.0,1.0,0.0,1,3,12.312682380588432
7,1080,0,1080,1,120.0,0,680,63.0,0,0,0,0,4,3,3.0,4.0,4.0,5.0,1.0,6.0,0.0,3.0,3.0,0.0,1.0,0.0,0.0,0.0,0.0,0.0,0.0,0.0,0.0,1.0,0.0,0.0,1.0,0.0,0.0,0.0,0.0,1.0,0.0,1,3,11.856515169360305
5,1344,240,896,1,0.0,0,0,52.0,200,448,114,0,70,56,3.0,3.0,4.0,4.0,1.0,1.0,1.0,3.0,3.0,0.0,0.0,0.0,0.0,0.0,0.0,0.0,0.0,0.0,1.0,0.0,0.0,0.0,0.0,1.0,0.0,0.0,0.0,1.0,0.0,1,1,11.652687407345388
5,969,440,969,1,0.0,0,716,120.0,0,0,0,1,32,32,3.0,3.0,3.0,3.0,3.0,4.0,1.0,3.0,3.0,1.0,0.0,0.0,0.0,0.0,1.0,0.0,0.0,0.0,0.0,0.0,0.0,0.0,1.0,0.0,0.0,0.0,0.0,1.0,0.0,1,3,11.711776323715394
8,1710,866,1710,2,436.0,1,1400,107.0,0,0,102,0,1,0,4.0,4.0,5.0,5.0,4.0,6.0,2.0,3.0,3.0,0.0,1.0,0.0,0.0,0.0,1.0,0.0,0.0,0.0,0.0,0.0,0.0,0.0,1.0,0.0,0.0,0.0,0.0,0.0,1.0,1,5,12.827729194939907
6,1993,495,825,2,252.0,1,416,80.0,0,896,66,1,35,35,3.0,3.0,3.0,4.0,1.0,3.0,2.0,3.0,2.0,1.0,0.0,0.0,0.0,0.0,1.0,0.0,0.0,0.0,0.0,0.0,0.0,0.0,1.0,0.0,0.0,0.0,0.0,1.0,0.0,1,3,12.154779351142624
6,1252,564,1602,1,0.0,1,429,80.0,409,0,0,0,48,33,3.0,3.0,4.0,4.0,4.0,4.0,2.0,3.0,3.0,1.0,0.0,0.0,0.0,0.0,1.0,0.0,0.0,0.0,0.0,0.0,0.0,0.0,1.0,0.0,0.0,0.0,0.0,1.0,0.0,1,4,12.367340793126296
6,1200,312,1200,1,0.0,0,0,84.0,0,0,0,0,83,56,3.0,3.0,3.0,3.0,1.0,1.0,1.0,3.0,3.0,0.0,0.0,0.0,0.0,0.0,0.0,0.0,0.0,0.0,1.0,0.0,0.0,0.0,0.0,1.0,0.0,0.0,1.0,0.0,0.0,1,1,11.736069016284437
6,1096,0,572,1,0.0,0,0,60.0,0,524,8,0,84,58,3.0,3.0,3.0,2.0,1.0,1.0,0.0,1.0,3.0,0.0,0.0,0.0,0.0,0.0,0.0,0.0,0.0,0.0,0.0,1.0,0.0,0.0,1.0,0.0,0.0,0.0,0.0,1.0,0.0,0,1,11.27720313144916
5,1040,625,0,1,0.0,0,0,60.0,0,0,0,0,56,56,3.0,3.0,0.0,3.0,0.0,0.0,1.0,3.0,3.0,1.0,0.0,0.0,0.0,0.0,0.0,0.0,0.0,0.0,1.0,0.0,0.0,0.0,1.0,0.0,0.0,0.0,0.0,1.0,0.0,1,2,11.603679828238693
8,1968,680,774,2,84.0,1,0,92.0,0,1194,75,1,1,0,4.0,5.0,5.0,5.0,1.0,1.0,3.0,3.0,3.0,0.0,1.0,0.0,0.0,0.0,0.0,0.0,1.0,0.0,0.0,0.0,0.0,0.0,1.0,0.0,0.0,0.0,0.0,0.0,1.0,1,4,12.504323669331189
7,1947,678,991,2,0.0,1,222,100.0,0,956,136,1,6,5,4.0,4.0,4.0,5.0,1.0,6.0,2.0,3.0,3.0,0.0,1.0,0.0,0.0,0.0,1.0,0.0,0.0,0.0,0.0,0.0,1.0,0.0,0.0,0.0,0.0,0.0,0.0,1.0,0.0,1,4,12.448626590364206
7,2462,576,1392,2,456.0,1,57,134.0,239,1070,132,1,1,0,4.0,4.0,4.0,5.0,2.0,6.0,2.0,3.0,2.0,0.0,1.0,0.0,0.0,0.0,1.0,0.0,0.0,0.0,0.0,0.0,0.0,0.0,1.0,0.0,0.0,0.0,0.0,0.0,1.0,1,3,12.676076274775909
6,1232,516,1232,2,0.0,0,660,68.0,0,0,0,0,24,24,3.0,3.0,4.0,3.0,1.0,4.0,1.0,3.0,2.0,0.0,1.0,0.0,0.0,0.0,1.0,0.0,0.0,0.0,0.0,0.0,0.0,0.0,1.0,0.0,0.0,0.0,0.0,1.0,0.0,1,4,11.998433280751929
9,2668,726,1572,2,664.0,2,1016,110.0,400,1096,0,1,5,4,4.0,5.0,5.0,5.0,3.0,6.0,3.0,3.0,2.0,0.0,1.0,0.0,0.0,0.0,0.0,0.0,1.0,0.0,0.0,0.0,0.0,0.0,1.0,0.0,0.0,0.0,0.0,1.0,0.0,1,5,12.929991484756872
7,1541,532,1541,2,226.0,1,1201,95.0,0,0,70,0,5,5,4.0,4.0,4.0,5.0,2.0,4.0,2.0,3.0,3.0,0.0,1.0,0.0,0.0,0.0,1.0,0.0,0.0,0.0,0.0,0.0,0.0,0.0,1.0,0.0,0.0,0.0,0.0,0.0,1.0,1,5,12.301382825334498
4,882,0,882,1,0.0,0,0,55.0,0,0,0,0,51,51,3.0,3.0,3.0,5.0,1.0,1.0,0.0,3.0,3.0,1.0,0.0,0.0,0.0,0.0,0.0,0.0,0.0,0.0,0.0,1.0,0.0,0.0,1.0,0.0,0.0,0.0,0.0,1.0,0.0,1,1,11.544424132029599
6,1616,216,1149,2,0.0,0,370,40.0,0,467,0,0,81,3,3.0,4.0,3.0,4.0,2.0,2.0,1.0,3.0,3.0,0.0,0.0,0.0,0.0,0.0,0.0,0.0,0.0,0.0,1.0,0.0,0.0,0.0,0.0,1.0,0.0,0.0,0.0,1.0,0.0,1,1,11.931635799828413
5,1355,0,644,2,0.0,0,351,62.0,140,547,0,0,68,9,3.0,3.0,3.0,4.0,1.0,5.0,0.0,3.0,3.0,0.0,0.0,0.0,0.0,0.0,0.0,0.0,0.0,0.0,0.0,1.0,0.0,0.0,1.0,0.0,0.0,0.0,0.0,1.0,0.0,1,1,11.755871643580617
5,1867,303,1617,1,0.0,3,379,80.0,476,0,0,0,54,16,4.0,3.0,3.0,5.0,1.0,2.0,3.0,3.0,2.0,1.0,0.0,0.0,0.0,0.0,1.0,0.0,0.0,0.0,0.0,0.0,0.0,0.0,1.0,0.0,0.0,0.0,0.0,1.0,0.0,1,4,12.154779351142624
8,2161,789,1582,1,300.0,1,1288,86.0,178,551,120,1,0,0,4.0,5.0,5.0,5.0,1.0,6.0,3.0,3.0,3.0,0.0,1.0,0.0,0.0,0.0,1.0,0.0,0.0,0.0,0.0,0.0,0.0,0.0,1.0,0.0,0.0,0.0,0.0,0.0,1.0,1,5,12.693498620467778
7,1720,440,840,2,0.0,1,0,62.0,100,880,48,1,3,3,4.0,4.0,4.0,5.0,1.0,1.0,3.0,3.0,2.0,0.0,1.0,0.0,0.0,0.0,1.0,0.0,0.0,0.0,0.0,0.0,0.0,0.0,1.0,0.0,0.0,0.0,0.0,1.0,0.0,1,3,12.119969946476761
8,1707,511,1686,2,653.0,1,0,85.0,574,0,64,1,25,25,4.0,3.0,4.0,3.0,1.0,1.0,2.0,3.0,2.0,1.0,0.0,0.0,0.0,0.0,1.0,0.0,0.0,0.0,0.0,0.0,0.0,0.0,1.0,0.0,0.0,0.0,0.0,1.0,0.0,1,4,12.337100907936577
5,1382,660,720,1,0.0,0,360,60.0,237,0,0,1,66,57,3.0,3.0,3.0,3.0,1.0,3.0,1.0,3.0,2.0,1.0,0.0,0.0,0.0,0.0,0.0,0.0,0.0,0.0,1.0,0.0,0.0,0.0,0.0,1.0,0.0,0.0,0.0,1.0,0.0,1,1,11.763684183317412
6,1656,528,1080,1,112.0,2,639,141.0,210,0,62,0,50,50,3.0,3.0,3.0,2.0,4.0,4.0,3.0,2.0,2.0,1.0,0.0,0.0,0.0,0.0,1.0,0.0,0.0,0.0,0.0,0.0,0.0,0.0,1.0,0.0,0.0,0.0,0.0,1.0,0.0,1,2,12.2783933071098
7,1767,504,1064,2,0.0,1,495,44.0,441,703,35,0,19,19,4.0,4.0,4.0,4.0,1.0,6.0,2.0,3.0,2.0,0.0,1.0,0.0,0.0,0.0,1.0,0.0,0.0,0.0,0.0,0.0,0.0,0.0,1.0,0.0,0.0,0.0,0.0,1.0,0.0,1,5,12.384218830913648
6,1362,504,1362,1,491.0,1,288,80.0,0,0,20,1,47,47,3.0,3.0,3.0,3.0,1.0,5.0,1.0,3.0,2.0,1.0,0.0,0.0,0.0,0.0,1.0,0.0,0.0,0.0,0.0,0.0,0.0,0.0,1.0,0.0,0.0,0.0,0.0,1.0,0.0,1,2,12.0015054797889
6,1651,616,1606,2,132.0,1,1398,47.0,192,0,0,0,22,22,3.0,3.0,4.0,3.0,1.0,5.0,3.0,3.0,2.0,1.0,0.0,0.0,0.0,0.0,1.0,0.0,0.0,0.0,0.0,0.0,0.0,0.0,1.0,0.0,0.0,0.0,0.0,1.0,0.0,1,4,12.122691036591123
6,2158,576,1202,2,0.0,1,477,84.0,0,0,29,0,57,6,3.0,4.0,3.0,3.0,3.0,5.0,1.0,3.0,3.0,1.0,0.0,0.0,0.0,0.0,1.0,0.0,0.0,0.0,0.0,0.0,0.0,0.0,1.0,0.0,0.0,0.0,0.0,1.0,0.0,1,1,12.400816722322686
6,2060,521,1151,2,268.0,1,831,97.0,0,896,228,1,19,18,4.0,3.0,4.0,3.0,1.0,6.0,1.0,3.0,2.0,0.0,1.0,0.0,0.0,0.0,1.0,0.0,0.0,0.0,0.0,0.0,0.0,0.0,1.0,0.0,0.0,0.0,0.0,1.0,0.0,1,4,12.259613412458204
5,1920,451,1052,2,0.0,1,57,71.0,0,668,0,0,48,48,4.0,4.0,3.0,5.0,1.0,5.0,1.0,3.0,3.0,1.0,0.0,0.0,0.0,0.0,1.0,0.0,0.0,0.0,0.0,0.0,0.0,0.0,1.0,0.0,0.0,0.0,0.0,1.0,0.0,1,2,12.058152515453552
9,2234,1166,2216,2,748.0,1,1904,63.0,0,0,60,0,1,0,5.0,5.0,5.0,5.0,1.0,6.0,3.0,3.0,2.0,0.0,1.0,0.0,0.0,0.0,1.0,0.0,0.0,0.0,0.0,0.0,0.0,0.0,1.0,0.0,0.0,0.0,0.0,0.0,1.0,1,5,13.1260306447518
5,968,480,968,1,0.0,0,0,60.0,0,0,0,0,84,1,4.0,3.0,3.0,3.0,1.0,1.0,1.0,1.0,3.0,1.0,0.0,0.0,0.0,0.0,0.0,0.0,0.0,0.0,1.0,0.0,0.0,0.0,0.0,1.0,0.0,0.0,0.0,1.0,0.0,1,1,11.512925464970229
6,1525,440,756,2,456.0,1,436,73.5,0,756,0,1,7,7,4.0,4.0,4.0,5.0,1.0,6.0,1.0,3.0,3.0,0.0,1.0,0.0,0.0,0.0,0.0,0.0,0.0,0.0,1.0,0.0,1.0,0.0,0.0,0.0,0.0,0.0,0.0,1.0,0.0,1,4,12.083905011555967
7,1802,216,793,1,0.0,1,352,54.0,0,901,0,1,86,56,3.0,3.0,2.0,4.0,1.0,2.0,1.0,3.0,3.0,0.0,0.0,0.0,0.0,0.0,0.0,0.0,0.0,0.0,1.0,0.0,0.0,0.0,1.0,0.0,0.0,0.0,0.0,1.0,0.0,1,4,12.206572520571825
5,1340,252,0,1,98.0,1,0,60.0,116,0,0,0,50,1,3.0,3.0,0.0,5.0,0.0,0.0,2.0,3.0,3.0,0.0,1.0,0.0,0.0,0.0,1.0,0.0,0.0,0.0,0.0,0.0,0.0,0.0,1.0,0.0,0.0,0.0,0.0,1.0,0.0,1,1,11.695247021764184
7,2082,484,1362,2,0.0,0,0,63.0,280,720,238,1,5,5,3.0,4.0,4.0,5.0,1.0,1.0,1.0,1.0,3.0,0.0,1.0,0.0,0.0,0.0,0.0,0.0,0.0,0.0,1.0,0.0,0.0,0.0,0.0,1.0,0.0,0.0,0.0,1.0,0.0,1,1,12.206072645530174
5,1252,576,504,1,0.0,0,0,92.0,104,316,0,0,98,15,3.0,3.0,2.0,4.0,1.0,1.0,1.0,3.0,2.0,0.0,1.0,0.0,0.0,0.0,1.0,0.0,0.0,0.0,0.0,0.0,0.0,0.0,1.0,0.0,0.0,0.0,0.0,1.0,0.0,1,1,11.751942365440728
10,3608,840,1107,2,0.0,2,0,90.0,0,1518,260,1,114,13,4.0,5.0,3.0,5.0,2.0,1.0,1.0,3.0,1.0,0.0,0.0,0.0,0.0,0.0,0.0,0.0,0.0,0.0,1.0,0.0,0.0,0.0,0.0,1.0,0.0,0.0,0.0,1.0,0.0,1,1,13.071070083016778
7,1217,497,1188,2,0.0,0,611,73.0,168,0,27,0,19,18,3.0,4.0,4.0,5.0,3.0,6.0,1.0,3.0,2.0,0.0,1.0,0.0,0.0,0.0,1.0,0.0,0.0,0.0,0.0,0.0,0.0,0.0,1.0,0.0,0.0,0.0,0.0,1.0,0.0,1,2,12.061046873479915
5,1656,180,660,2,0.0,0,0,60.0,0,704,0,1,93,22,3.0,3.0,2.0,5.0,1.0,1.0,1.0,1.0,3.0,1.0,0.0,0.0,0.0,0.0,0.0,0.0,0.0,0.0,1.0,0.0,0.0,0.0,1.0,0.0,0.0,0.0,0.0,1.0,0.0,1,1,11.813030057420567
5,1224,528,1086,0,275.0,2,1086,64.0,120,0,0,2,30,30,3.0,3.0,4.0,3.0,3.0,6.0,1.0,3.0,3.0,1.0,0.0,0.0,0.0,0.0,0.0,0.0,0.0,0.0,1.0,0.0,0.0,0.0,1.0,0.0,0.0,1.0,0.0,0.0,0.0,1,3,11.940393392554734
8,1593,682,1593,1,0.0,1,1153,41.0,0,0,120,1,7,6,4.0,5.0,5.0,5.0,3.0,6.0,3.0,3.0,3.0,0.0,1.0,0.0,0.0,0.0,1.0,0.0,0.0,0.0,0.0,0.0,0.0,0.0,1.0,0.0,0.0,0.0,0.0,1.0,0.0,1,5,12.56374708980199
8,2727,440,853,2,0.0,2,297,70.0,0,1178,74,1,75,13,4.0,4.0,4.0,3.0,1.0,3.0,1.0,3.0,3.0,1.0,0.0,0.0,0.0,0.0,0.0,0.0,0.0,0.0,1.0,0.0,0.0,0.0,1.0,0.0,0.0,0.0,0.0,1.0,0.0,1,4,12.66032791780777
7,1479,484,725,1,138.0,0,626,73.0,0,754,32,1,35,3,3.0,4.0,3.0,4.0,1.0,5.0,3.0,3.0,2.0,1.0,0.0,0.0,0.0,0.0,1.0,0.0,0.0,0.0,0.0,0.0,0.0,0.0,1.0,0.0,0.0,0.0,0.0,1.0,0.0,1,2,12.122691036591123
7,1431,666,1431,2,0.0,0,560,68.0,0,0,35,0,10,10,4.0,4.0,4.0,5.0,3.0,6.0,3.0,3.0,2.0,0.0,1.0,0.0,0.0,0.0,1.0,0.0,0.0,0.0,0.0,0.0,0.0,0.0,1.0,0.0,0.0,0.0,0.0,1.0,0.0,1,3,12.165250651009918
7,1709,380,970,2,50.0,0,0,24.0,0,739,40,0,2,2,4.0,4.0,4.0,5.0,1.0,1.0,1.0,3.0,3.0,0.0,1.0,0.0,0.0,0.0,0.0,0.0,0.0,0.0,1.0,0.0,0.0,0.0,0.0,1.0,0.0,0.0,0.0,1.0,0.0,1,1,11.77528972943772
5,864,352,864,1,0.0,0,390,60.0,0,0,0,0,36,36,3.0,3.0,3.0,3.0,3.0,5.0,1.0,3.0,2.0,1.0,0.0,0.0,0.0,0.0,0.0,0.0,0.0,0.0,1.0,0.0,0.0,0.0,1.0,0.0,0.0,0.0,0.0,1.0,0.0,1,3,11.751942365440728
6,1456,440,855,2,0.0,1,566,24.0,87,601,0,1,33,33,3.0,3.0,4.0,3.0,1.0,5.0,1.0,3.0,3.0,1.0,0.0,0.0,0.0,0.0,1.0,0.0,0.0,0.0,0.0,0.0,0.0,0.0,1.0,0.0,0.0,0.0,0.0,1.0,0.0,1,2,11.908340237224891
7,1726,786,1726,2,205.0,1,1126,79.0,171,0,138,0,0,0,5.0,5.0,5.0,5.0,1.0,6.0,3.0,3.0,3.0,0.0,1.0,0.0,0.0,0.0,1.0,0.0,0.0,0.0,0.0,0.0,0.0,0.0,1.0,0.0,0.0,0.0,0.0,0.0,1.0,1,4,12.650348126203179
8,3112,795,1360,2,0.0,1,1036,174.0,0,1360,16,0,88,16,4.0,4.0,3.0,4.0,1.0,6.0,1.0,3.0,3.0,0.0,1.0,0.0,0.0,0.0,0.0,0.0,0.0,0.0,1.0,0.0,0.0,0.0,1.0,0.0,0.0,0.0,0.0,0.0,0.0,1,2,12.367340793126296
6,2229,0,755,1,0.0,0,0,92.0,0,929,198,0,97,59,3.0,3.0,3.0,5.0,1.0,1.0,0.0,3.0,3.0,1.0,0.0,0.0,0.0,0.0,0.0,0.0,0.0,0.0,0.0,1.0,0.0,0.0,0.0,1.0,0.0,0.0,0.0,0.0,0.0,1,1,11.55214617812351
8,1713,856,1713,2,262.0,1,1088,76.0,0,0,26,0,5,4,4.0,5.0,5.0,5.0,3.0,6.0,3.0,3.0,3.0,0.0,1.0,0.0,0.0,0.0,1.0,0.0,0.0,0.0,0.0,0.0,0.0,0.0,1.0,0.0,0.0,0.0,0.0,1.0,0.0,1,5,12.524162674153336
4,1121,440,1121,2,0.0,0,0,80.0,132,0,64,0,7,6,3.0,3.0,4.0,5.0,1.0,1.0,2.0,3.0,3.0,0.0,1.0,0.0,0.0,0.0,1.0,0.0,0.0,0.0,0.0,0.0,0.0,0.0,0.0,1.0,0.0,0.0,0.0,1.0,0.0,1,1,11.84939770159144
6,1279,473,1196,2,0.0,2,641,75.0,238,0,83,0,31,31,3.0,3.0,3.0,3.0,1.0,5.0,1.0,3.0,3.0,1.0,0.0,0.0,0.0,0.0,0.0,0.0,0.0,0.0,1.0,0.0,0.0,0.0,1.0,0.0,0.0,0.0,0.0,1.0,0.0,1,2,12.052338545588132
6,1310,398,617,2,0.0,0,617,50.0,0,445,0,0,82,56,3.0,3.0,2.0,4.0,1.0,2.0,1.0,3.0,3.0,0.0,0.0,0.0,0.0,0.0,1.0,0.0,0.0,0.0,0.0,0.0,0.0,0.0,1.0,0.0,0.0,0.0,0.0,1.0,0.0,1,1,11.626254150277232
6,848,420,848,1,205.0,1,662,70.0,149,0,0,0,4,4,4.0,4.0,4.0,5.0,3.0,6.0,2.0,3.0,3.0,0.0,1.0,0.0,0.0,0.0,1.0,0.0,0.0,0.0,0.0,0.0,0.0,0.0,0.0,1.0,0.0,0.0,0.0,1.0,0.0,1,3,11.911701584927597
5,1284,240,720,1,0.0,0,312,50.0,0,564,35,1,62,59,3.0,3.0,3.0,3.0,1.0,2.0,1.0,3.0,3.0,1.0,0.0,0.0,0.0,0.0,0.0,0.0,0.0,0.0,1.0,0.0,0.0,0.0,0.0,1.0,0.0,0.0,0.0,1.0,0.0,1,1,11.608235644774552
7,1442,500,1424,2,0.0,0,0,99.0,0,0,34,0,19,19,3.0,3.0,4.0,5.0,1.0,1.0,2.0,3.0,3.0,0.0,1.0,0.0,0.0,0.0,1.0,0.0,0.0,0.0,0.0,0.0,0.0,0.0,1.0,0.0,0.0,0.0,0.0,1.0,0.0,1,3,12.103486056755072
5,1696,349,1140,1,0.0,1,0,40.0,0,0,30,1,45,45,3.0,3.0,3.0,3.0,1.0,1.0,2.0,3.0,2.0,1.0,0.0,0.0,0.0,0.0,1.0,0.0,0.0,0.0,0.0,0.0,0.0,0.0,1.0,0.0,0.0,0.0,0.0,1.0,0.0,1,2,11.876873892875459
4,1100,312,1100,1,0.0,1,419,73.0,355,0,0,0,48,48,3.0,3.0,3.0,3.0,1.0,5.0,2.0,3.0,2.0,0.0,1.0,0.0,0.0,0.0,1.0,0.0,0.0,0.0,0.0,0.0,0.0,0.0,1.0,0.0,0.0,0.0,0.0,1.0,0.0,1,2,11.856515169360305
7,2062,454,1157,2,128.0,1,1065,66.5,60,882,55,1,19,18,4.0,3.0,4.0,5.0,4.0,6.0,3.0,3.0,2.0,1.0,0.0,0.0,0.0,0.0,1.0,0.0,0.0,0.0,0.0,0.0,0.0,0.0,1.0,0.0,0.0,0.0,0.0,1.0,0.0,1,3,12.531772785169476
6,1092,504,1092,1,260.0,0,787,75.0,0,0,0,0,44,44,3.0,3.0,4.0,5.0,1.0,3.0,2.0,3.0,3.0,1.0,0.0,0.0,0.0,0.0,1.0,0.0,0.0,0.0,0.0,0.0,0.0,0.0,1.0,0.0,0.0,0.0,0.0,1.0,0.0,1,2,11.884489021402711
5,864,0,864,1,0.0,0,468,67.0,0,0,0,0,83,58,3.0,3.0,3.0,3.0,1.0,3.0,0.0,3.0,3.0,1.0,0.0,0.0,0.0,0.0,0.0,0.0,0.0,0.0,0.0,1.0,0.0,0.0,1.0,0.0,0.0,0.0,0.0,1.0,0.0,0,1,11.49272275765271
6,1212,460,1212,2,0.0,0,36,83.0,100,0,22,0,1,1,3.0,4.0,4.0,5.0,2.0,6.0,2.0,3.0,3.0,0.0,1.0,0.0,0.0,0.0,1.0,0.0,0.0,0.0,0.0,0.0,0.0,0.0,1.0,0.0,0.0,0.0,0.0,1.0,0.0,1,1,12.133501952695338
7,1852,644,900,2,0.0,1,822,72.0,168,920,108,1,0,0,3.0,4.0,4.0,5.0,1.0,6.0,2.0,3.0,3.0,0.0,1.0,0.0,0.0,0.0,1.0,0.0,0.0,0.0,0.0,0.0,1.0,0.0,0.0,0.0,0.0,0.0,0.0,0.0,1.0,1,4,12.439871229831715
5,990,576,990,1,0.0,0,716,43.0,224,0,0,0,11,11,3.0,3.0,4.0,5.0,1.0,5.0,1.0,3.0,1.0,0.0,1.0,0.0,0.0,0.0,1.0,0.0,0.0,0.0,0.0,0.0,0.0,0.0,1.0,0.0,0.0,0.0,0.0,1.0,0.0,1,3,11.957611286231675
6,1392,299,689,1,153.0,0,378,70.0,0,703,36,1,33,33,3.0,3.0,4.0,5.0,1.0,6.0,3.0,3.0,2.0,1.0,0.0,0.0,0.0,0.0,1.0,0.0,0.0,0.0,0.0,0.0,0.0,0.0,1.0,0.0,0.0,0.0,0.0,1.0,0.0,1,3,11.993807212363148
5,1236,447,1070,1,64.0,1,360,72.0,0,0,0,0,49,10,3.0,4.0,3.0,3.0,1.0,4.0,1.0,3.0,2.0,1.0,0.0,0.0,0.0,0.0,1.0,0.0,0.0,0.0,0.0,0.0,0.0,0.0,1.0,0.0,0.0,0.0,0.0,1.0,0.0,1,2,11.80894766169701
7,1436,484,1436,2,266.0,0,946,65.0,139,0,98,0,4,4,4.0,4.0,4.0,5.0,2.0,6.0,1.0,3.0,3.0,0.0,1.0,0.0,0.0,0.0,1.0,0.0,0.0,0.0,0.0,0.0,0.0,0.0,1.0,0.0,0.0,0.0,0.0,1.0,0.0,1,3,12.254862809699606
4,1328,210,686,1,0.0,0,0,57.0,0,518,172,0,81,56,3.0,3.0,3.0,2.0,1.0,1.0,1.0,3.0,3.0,1.0,0.0,0.0,0.0,0.0,0.0,0.0,0.0,0.0,1.0,0.0,0.0,0.0,0.0,1.0,0.0,0.0,1.0,0.0,0.0,0,1,11.580584113444043
7,1954,431,798,1,312.0,2,341,74.0,0,817,119,1,69,2,4.0,4.0,3.0,5.0,1.0,4.0,1.0,3.0,2.0,1.0,0.0,0.0,0.0,0.0,1.0,0.0,0.0,0.0,0.0,0.0,0.0,0.0,1.0,0.0,0.0,0.0,0.0,1.0,0.0,1,4,12.649154617209645
7,1248,438,1248,2,16.0,0,16,43.0,108,0,0,0,1,0,4.0,4.0,4.0,5.0,3.0,6.0,3.0,3.0,3.0,0.0,1.0,0.0,0.0,0.0,1.0,0.0,0.0,0.0,0.0,0.0,0.0,0.0,1.0,0.0,0.0,0.0,0.0,0.0,1.0,1,3,12.0271851854705
7,1498,675,1498,2,0.0,0,0,73.0,351,0,33,0,0,0,4.0,4.0,4.0,5.0,2.0,1.0,2.0,3.0,2.0,0.0,1.0,0.0,0.0,0.0,1.0,0.0,0.0,0.0,0.0,0.0,0.0,0.0,1.0,0.0,0.0,0.0,0.0,0.0,1.0,1,3,12.230277334226992
6,2267,390,1010,2,0.0,1,0,65.0,120,1257,46,1,7,7,4.0,4.0,4.0,5.0,1.0,1.0,2.0,3.0,2.0,0.0,1.0,0.0,0.0,0.0,0.0,0.0,1.0,0.0,0.0,0.0,0.0,0.0,1.0,0.0,0.0,0.0,0.0,1.0,0.0,1,3,12.206072645530174
6,1552,434,713,2,0.0,1,550,85.0,209,741,208,1,31,31,3.0,3.0,4.0,3.0,1.0,5.0,2.0,3.0,3.0,1.0,0.0,0.0,0.0,0.0,1.0,0.0,0.0,0.0,0.0,0.0,0.0,0.0,1.0,0.0,0.0,0.0,0.0,1.0,0.0,1,3,12.100156419938624
4,864,576,864,1,0.0,0,524,70.0,216,0,0,0,38,38,3.0,3.0,3.0,4.0,1.0,5.0,1.0,3.0,3.0,1.0,0.0,0.0,0.0,0.0,0.0,0.0,0.0,0.0,1.0,0.0,0.0,0.0,1.0,0.0,0.0,0.0,0.0,0.0,0.0,1,2,11.48246625748552
10,2392,968,2392,2,922.0,1,56,103.0,248,0,105,0,6,6,5.0,5.0,5.0,5.0,4.0,6.0,3.0,3.0,3.0,0.0,1.0,0.0,0.0,0.0,1.0,0.0,0.0,0.0,0.0,0.0,0.0,0.0,1.0,0.0,0.0,0.0,0.0,1.0,0.0,1,5,12.864240107194092
5,1302,280,630,2,142.0,0,0,21.0,0,672,0,1,38,38,3.0,3.0,3.0,3.0,1.0,1.0,1.0,3.0,3.0,1.0,0.0,0.0,0.0,0.0,0.0,0.0,0.0,0.0,1.0,0.0,0.0,0.0,0.0,1.0,0.0,0.0,0.0,0.0,0.0,1,1,11.626254150277232
7,2520,721,1203,2,290.0,1,565,82.0,224,1306,114,1,12,12,4.0,4.0,4.0,5.0,1.0,6.0,2.0,3.0,2.0,0.0,1.0,0.0,0.0,0.0,1.0,0.0,0.0,0.0,0.0,0.0,0.0,0.0,1.0,0.0,0.0,0.0,0.0,0.0,0.0,1,5,12.577636201962656
6,987,280,483,1,127.0,0,321,21.0,0,504,0,1,38,38,3.0,3.0,3.0,3.0,1.0,3.0,1.0,3.0,3.0,1.0,0.0,0.0,0.0,0.0,0.0,0.0,0.0,0.0,1.0,0.0,0.0,0.0,0.0,1.0,0.0,0.0,0.0,1.0,0.0,1,1,11.571194373094205
5,912,336,912,1,0.0,1,842,70.0,0,0,0,0,43,43,3.0,3.0,3.0,3.0,1.0,5.0,1.0,3.0,3.0,1.0,0.0,0.0,0.0,0.0,0.0,0.0,0.0,0.0,1.0,0.0,0.0,0.0,1.0,0.0,0.0,0.0,0.0,1.0,0.0,1,2,11.736069016284437
7,1555,430,1373,2,16.0,1,16,43.0,143,0,20,0,4,3,4.0,4.0,4.0,5.0,3.0,6.0,3.0,3.0,3.0,0.0,1.0,0.0,0.0,0.0,1.0,0.0,0.0,0.0,0.0,0.0,0.0,0.0,1.0,0.0,0.0,0.0,0.0,1.0,0.0,1,3,12.167851432709975
6,1194,312,1194,1,220.0,0,0,73.0,0,0,0,0,51,51,3.0,3.0,3.0,3.0,1.0,1.0,2.0,3.0,3.0,1.0,0.0,0.0,0.0,0.0,1.0,0.0,0.0,0.0,0.0,0.0,0.0,0.0,1.0,0.0,0.0,0.0,0.0,1.0,0.0,1,2,11.904967552746252
8,2794,810,1462,2,506.0,1,689,174.0,0,1304,146,1,14,13,4.0,5.0,4.0,5.0,1.0,6.0,3.0,3.0,2.0,0.0,1.0,0.0,0.0,0.0,1.0,0.0,0.0,0.0,0.0,0.0,0.0,0.0,1.0,0.0,0.0,0.0,0.0,1.0,0.0,1,5,12.90669184092882
6,987,288,483,1,297.0,1,0,21.0,0,504,0,1,34,34,3.0,3.0,3.0,3.0,1.0,1.0,1.0,3.0,3.0,1.0,0.0,0.0,0.0,0.0,1.0,0.0,0.0,0.0,0.0,0.0,0.0,0.0,0.0,1.0,0.0,0.0,0.0,1.0,0.0,1,1,11.456355113481834
5,894,308,894,1,0.0,0,182,75.0,365,0,0,0,34,34,3.0,3.0,3.0,3.0,3.0,2.0,1.0,3.0,3.0,1.0,0.0,0.0,0.0,0.0,1.0,0.0,0.0,0.0,0.0,0.0,0.0,0.0,1.0,0.0,0.0,0.0,0.0,1.0,0.0,1,3,11.761346823468706
6,1960,440,860,2,0.0,2,625,65.0,288,1100,48,1,8,8,4.0,4.0,4.0,5.0,1.0,6.0,3.0,3.0,3.0,0.0,1.0,0.0,0.0,0.0,0.0,0.0,1.0,0.0,0.0,0.0,0.0,0.0,1.0,0.0,0.0,0.0,0.0,1.0,0.0,1,3,12.285345826424681
6,987,264,483,1,604.0,0,358,21.0,0,504,0,1,37,37,3.0,3.0,3.0,3.0,1.0,5.0,1.0,3.0,3.0,1.0,0.0,0.0,0.0,0.0,0.0,0.0,0.0,0.0,1.0,0.0,0.0,0.0,0.0,1.0,0.0,0.0,0.0,1.0,0.0,1,1,11.401993904262946
7,1414,494,1414,2,98.0,0,24,65.0,132,0,105,0,6,6,4.0,4.0,4.0,5.0,3.0,6.0,2.0,3.0,3.0,0.0,1.0,0.0,0.0,0.0,1.0,0.0,0.0,0.0,0.0,0.0,0.0,0.0,1.0,0.0,0.0,0.0,0.0,1.0,0.0,1,3,12.130810161029627
7,1744,457,996,2,0.0,0,402,66.5,370,730,70,1,17,7,4.0,4.0,4.0,5.0,1.0,4.0,2.0,3.0,2.0,0.0,1.0,0.0,0.0,0.0,1.0,0.0,0.0,0.0,0.0,0.0,0.0,0.0,1.0,0.0,0.0,0.0,0.0,1.0,0.0,1,3,12.178187442040638
8,1694,818,1694,2,254.0,0,0,93.0,168,0,228,0,0,0,5.0,4.0,5.0,5.0,1.0,1.0,3.0,3.0,3.0,0.0,1.0,0.0,0.0,0.0,1.0,0.0,0.0,0.0,0.0,0.0,0.0,0.0,1.0,0.0,0.0,0.0,0.0,0.0,1.0,1,5,12.669806661762314
6,1487,220,735,1,0.0,1,94,52.0,0,689,140,1,65,60,3.0,3.0,3.0,3.0,1.0,2.0,1.0,3.0,3.0,1.0,0.0,0.0,0.0,0.0,0.0,0.0,0.0,0.0,1.0,0.0,0.0,0.0,1.0,0.0,0.0,0.0,0.0,1.0,0.0,1,1,11.635143097694478
8,1566,750,1566,2,36.0,0,1078,75.0,144,0,168,0,2,2,4.0,4.0,4.0,5.0,3.0,6.0,2.0,3.0,3.0,0.0,1.0,0.0,0.0,0.0,1.0,0.0,0.0,0.0,0.0,0.0,1.0,0.0,0.0,0.0,0.0,0.0,0.0,1.0,0.0,1,4,12.478006361013815
5,866,0,686,1,0.0,0,329,40.0,58,0,42,0,62,10,3.0,4.0,3.0,4.0,1.0,5.0,0.0,3.0,3.0,1.0,0.0,0.0,0.0,0.0,0.0,0.0,0.0,0.0,0.0,1.0,0.0,0.0,0.0,1.0,0.0,0.0,0.0,1.0,0.0,1,1,11.612770799939945
5,1440,352,540,1,0.0,0,0,63.0,0,551,0,0,106,56,3.0,3.0,3.0,4.0,1.0,1.0,1.0,3.0,3.0,0.0,0.0,0.0,0.0,0.0,1.0,0.0,0.0,0.0,0.0,0.0,0.0,0.0,0.0,1.0,0.0,0.0,0.0,1.0,0.0,0,1,11.27720313144916
6,1217,288,626,1,0.0,1,0,75.0,0,591,28,1,29,29,3.0,3.0,4.0,3.0,1.0,1.0,2.0,3.0,3.0,1.0,0.0,0.0,0.0,0.0,1.0,0.0,0.0,0.0,0.0,0.0,0.0,0.0,1.0,0.0,0.0,0.0,0.0,1.0,0.0,1,3,11.695247021764184
7,2110,463,948,2,0.0,2,695,66.5,0,888,130,1,16,8,4.0,4.0,4.0,5.0,1.0,6.0,2.0,3.0,2.0,0.0,1.0,0.0,0.0,0.0,1.0,0.0,0.0,0.0,0.0,0.0,0.0,0.0,1.0,0.0,0.0,0.0,0.0,1.0,0.0,1,3,12.230765258120545
7,1872,604,1845,2,102.0,1,929,80.0,197,0,39,0,18,18,3.0,3.0,4.0,4.0,3.0,6.0,3.0,3.0,3.0,1.0,0.0,0.0,0.0,0.0,1.0,0.0,0.0,0.0,0.0,0.0,0.0,0.0,1.0,0.0,0.0,0.0,0.0,1.0,0.0,1,3,12.394624752074764
6,1928,440,1020,2,0.0,0,0,69.0,0,1020,60,0,96,56,3.0,2.0,2.0,4.0,1.0,1.0,1.0,3.0,3.0,0.0,0.0,0.0,1.0,0.0,0.0,0.0,0.0,0.0,1.0,0.0,0.0,0.0,0.0,1.0,0.0,0.0,0.0,1.0,0.0,0,1,11.827736204810263
6,1375,451,1367,1,0.0,1,0,75.0,0,0,30,0,52,52,3.0,3.0,3.0,5.0,1.0,1.0,1.0,3.0,3.0,1.0,0.0,0.0,0.0,0.0,1.0,0.0,0.0,0.0,0.0,0.0,0.0,0.0,1.0,0.0,0.0,0.0,0.0,1.0,0.0,1,2,11.84939770159144
7,1668,500,840,2,101.0,0,0,72.0,144,828,68,1,4,4,4.0,4.0,4.0,5.0,1.0,1.0,2.0,3.0,3.0,0.0,1.0,0.0,0.0,0.0,1.0,0.0,0.0,0.0,0.0,0.0,0.0,0.0,1.0,0.0,0.0,0.0,0.0,1.0,0.0,1,3,12.100712129872347
6,2144,389,1444,2,472.0,2,697,80.0,0,700,98,0,49,1,4.0,4.0,4.0,4.0,4.0,3.0,3.0,3.0,1.0,1.0,0.0,0.0,0.0,0.0,1.0,0.0,0.0,0.0,0.0,0.0,0.0,0.0,1.0,0.0,0.0,0.0,0.0,1.0,0.0,1,4,12.531772785169476
3,1306,0,728,1,0.0,0,0,55.0,263,0,0,0,70,44,3.0,2.0,3.0,5.0,1.0,1.0,0.0,3.0,2.0,1.0,0.0,0.0,0.0,0.0,0.0,0.0,0.0,0.0,0.0,1.0,0.0,0.0,1.0,0.0,0.0,0.0,0.0,1.0,0.0,1,1,11.245046019814627
8,1625,538,1573,2,481.0,1,1573,44.0,123,0,0,0,1,0,4.0,4.0,4.0,5.0,4.0,6.0,3.0,3.0,2.0,0.0,1.0,0.0,0.0,0.0,1.0,0.0,0.0,0.0,0.0,0.0,0.0,0.0,0.0,1.0,0.0,0.0,1.0,0.0,0.0,1,4,12.367340793126296
6,1640,520,798,2,0.0,0,0,65.0,138,842,45,1,4,4,4.0,4.0,4.0,5.0,1.0,1.0,2.0,3.0,2.0,0.0,1.0,0.0,0.0,0.0,1.0,0.0,0.0,0.0,0.0,0.0,0.0,0.0,1.0,0.0,0.0,0.0,0.0,1.0,0.0,1,3,12.061046873479915
6,1302,309,1302,2,108.0,0,270,85.0,333,0,0,0,43,16,3.0,4.0,4.0,5.0,4.0,2.0,2.0,3.0,3.0,1.0,0.0,0.0,0.0,0.0,1.0,0.0,0.0,0.0,0.0,0.0,0.0,0.0,1.0,0.0,0.0,0.0,0.0,1.0,0.0,1,2,11.970350312009105
5,1314,294,1314,1,0.0,0,922,70.0,250,0,0,0,53,53,3.0,3.0,3.0,3.0,1.0,3.0,2.0,3.0,3.0,1.0,0.0,0.0,0.0,0.0,1.0,0.0,0.0,0.0,0.0,0.0,0.0,0.0,1.0,0.0,0.0,0.0,0.0,1.0,0.0,1,2,11.884489021402711
7,2291,429,975,2,302.0,1,0,66.0,192,1286,0,1,7,7,4.0,4.0,4.0,5.0,1.0,1.0,3.0,3.0,2.0,0.0,1.0,0.0,0.0,0.0,0.0,0.0,1.0,0.0,0.0,0.0,0.0,0.0,1.0,0.0,0.0,0.0,0.0,1.0,0.0,1,3,12.345834587905333
6,1728,673,864,2,0.0,0,503,64.0,216,864,56,1,5,5,4.0,4.0,4.0,5.0,1.0,3.0,2.0,3.0,2.0,0.0,1.0,0.0,0.0,0.0,1.0,0.0,0.0,0.0,0.0,0.0,1.0,0.0,0.0,0.0,0.0,0.0,0.0,1.0,0.0,1,4,12.24288661865289
7,1604,660,1604,2,180.0,1,1334,68.0,123,0,110,1,3,3,4.0,4.0,4.0,5.0,1.0,6.0,2.0,3.0,3.0,0.0,1.0,0.0,0.0,0.0,1.0,0.0,0.0,0.0,0.0,0.0,0.0,0.0,1.0,0.0,0.0,0.0,0.0,0.0,0.0,1,3,12.301382825334498
7,1792,564,963,2,172.0,1,361,80.0,0,829,96,1,7,7,4.0,4.0,4.0,5.0,1.0,6.0,2.0,3.0,3.0,0.0,1.0,0.0,0.0,0.0,1.0,0.0,0.0,0.0,0.0,0.0,0.0,0.0,1.0,0.0,0.0,0.0,0.0,1.0,0.0,1,3,12.352335152508426
5,882,308,0,1,0.0,0,0,70.0,0,0,45,0,52,52,3.0,3.0,0.0,4.0,0.0,0.0,1.0,3.0,3.0,0.0,1.0,0.0,0.0,0.0,0.0,0.0,0.0,0.0,1.0,0.0,0.0,0.0,0.0,1.0,0.0,0.0,0.0,1.0,0.0,1,1,11.48246625748552
6,1382,884,1362,1,399.0,1,672,120.0,0,0,0,0,47,47,3.0,3.0,3.0,3.0,4.0,3.0,1.0,3.0,3.0,1.0,0.0,0.0,0.0,0.0,1.0,0.0,0.0,0.0,0.0,0.0,0.0,0.0,1.0,0.0,0.0,0.0,0.0,1.0,0.0,1,2,12.078239274020289
8,2574,868,1482,2,270.0,1,0,69.0,0,1092,148,1,0,0,4.0,5.0,5.0,5.0,1.0,1.0,3.0,3.0,2.0,0.0,1.0,0.0,0.0,0.0,0.0,0.0,1.0,0.0,0.0,0.0,0.0,0.0,1.0,0.0,0.0,0.0,0.0,0.0,1.0,1,3,12.528156144699286
6,1212,492,506,1,46.0,1,506,88.0,292,0,12,0,29,11,3.0,3.0,4.0,3.0,3.0,5.0,1.0,3.0,2.0,1.0,0.0,0.0,0.0,0.0,1.0,0.0,0.0,0.0,0.0,0.0,0.0,0.0,1.0,0.0,0.0,0.0,0.0,1.0,0.0,1,2,11.925035115797062
5,1316,484,926,1,0.0,0,234,50.0,0,0,0,0,81,9,3.0,3.0,3.0,3.0,1.0,2.0,1.0,3.0,3.0,0.0,0.0,0.0,0.0,0.0,0.0,0.0,0.0,0.0,1.0,0.0,0.0,0.0,0.0,1.0,0.0,0.0,0.0,1.0,0.0,1,1,11.77528972943772
5,764,504,680,1,0.0,0,0,30.0,0,0,0,0,83,4,3.0,3.0,2.0,4.0,1.0,1.0,1.0,1.0,0.0,0.0,0.0,0.0,0.0,0.0,0.0,0.0,0.0,0.0,1.0,0.0,0.0,0.0,0.0,1.0,0.0,0.0,0.0,1.0,0.0,0,1,11.198214720130528
6,1422,576,1422,2,210.0,1,588,78.0,276,0,0,0,27,27,3.0,4.0,4.0,3.0,1.0,6.0,3.0,3.0,2.0,1.0,0.0,0.0,0.0,0.0,1.0,0.0,0.0,0.0,0.0,0.0,0.0,0.0,1.0,0.0,0.0,0.0,0.0,1.0,0.0,1,3,12.075394321888057
6,1511,413,802,2,0.0,1,714,70.0,95,709,75,1,9,9,3.0,3.0,4.0,4.0,3.0,6.0,3.0,3.0,2.0,0.0,1.0,0.0,0.0,0.0,1.0,0.0,0.0,0.0,0.0,0.0,0.0,0.0,1.0,0.0,0.0,0.0,0.0,1.0,0.0,1,3,12.128111104060462
5,2192,240,720,2,0.0,1,378,60.0,262,720,24,1,69,11,3.0,4.0,3.0,5.0,1.0,2.0,1.0,3.0,3.0,0.0,1.0,0.0,0.0,0.0,0.0,0.0,0.0,0.0,1.0,0.0,0.0,0.0,1.0,0.0,0.0,0.0,0.0,1.0,0.0,1,2,12.097930486910471
5,778,924,740,1,0.0,1,403,71.0,0,0,25,0,68,53,3.0,3.0,3.0,5.0,1.0,5.0,3.0,3.0,3.0,1.0,0.0,0.0,0.0,0.0,0.0,0.0,0.0,0.0,1.0,0.0,0.0,0.0,0.0,1.0,0.0,0.0,0.0,1.0,0.0,1,1,11.699405031912846
6,1113,504,1143,1,174.0,1,751,65.5,370,0,30,1,31,31,3.0,3.0,3.0,3.0,1.0,4.0,2.0,3.0,2.0,1.0,0.0,0.0,0.0,0.0,1.0,0.0,0.0,0.0,0.0,0.0,0.0,0.0,1.0,0.0,0.0,0.0,0.0,1.0,0.0,1,1,11.904967552746252
8,1939,1053,1095,2,0.0,1,0,84.0,192,844,51,1,0,0,4.0,4.0,4.0,4.0,2.0,1.0,2.0,3.0,3.0,0.0,1.0,0.0,0.0,0.0,1.0,0.0,0.0,0.0,0.0,0.0,1.0,0.0,0.0,0.0,0.0,0.0,0.0,0.0,1.0,1,4,12.491251587763836
7,1363,439,1385,1,0.0,2,226,73.0,81,0,0,0,54,3,3.0,3.0,4.0,5.0,4.0,2.0,1.0,3.0,2.0,1.0,0.0,0.0,0.0,0.0,1.0,0.0,0.0,0.0,0.0,0.0,0.0,0.0,1.0,0.0,0.0,0.0,0.0,1.0,0.0,1,4,12.394624752074764
8,2270,671,1152,2,348.0,1,524,92.0,132,1106,57,1,11,3,4.0,4.0,4.0,5.0,1.0,6.0,3.0,3.0,2.0,0.0,1.0,0.0,0.0,0.0,1.0,0.0,0.0,0.0,0.0,0.0,0.0,0.0,1.0,0.0,0.0,0.0,0.0,1.0,0.0,1,5,12.577636201962656
6,1632,338,1240,2,183.0,1,620,80.0,289,0,0,0,51,21,3.0,3.0,3.0,4.0,1.0,3.0,2.0,3.0,3.0,1.0,0.0,0.0,0.0,0.0,1.0,0.0,0.0,0.0,0.0,0.0,0.0,0.0,1.0,0.0,0.0,0.0,0.0,1.0,0.0,1,2,11.842229212112828
5,816,264,816,1,0.0,0,546,76.0,168,0,0,0,25,25,3.0,3.0,3.0,3.0,4.0,5.0,1.0,3.0,3.0,1.0,0.0,0.0,0.0,0.0,1.0,0.0,0.0,0.0,0.0,0.0,0.0,0.0,1.0,0.0,0.0,0.0,0.0,1.0,0.0,1,2,11.732060994886899
7,1548,672,952,2,0.0,0,0,55.0,74,596,0,1,84,2,4.0,5.0,3.0,4.0,1.0,1.0,1.0,3.0,3.0,0.0,0.0,0.0,0.0,0.0,0.0,0.0,0.0,0.0,1.0,0.0,0.0,0.0,1.0,0.0,0.0,0.0,0.0,1.0,0.0,0,1,12.230765258120545
7,1560,573,1560,2,0.0,0,0,129.0,100,0,150,0,7,7,4.0,4.0,5.0,5.0,1.0,1.0,3.0,3.0,2.0,0.0,1.0,0.0,0.0,0.0,1.0,0.0,0.0,0.0,0.0,0.0,0.0,0.0,1.0,0.0,0.0,0.0,0.0,1.0,0.0,1,2,12.211060187041213
4,864,400,864,1,0.0,0,120,140.0,0,0,0,0,59,59,3.0,3.0,3.0,5.0,1.0,2.0,1.0,3.0,3.0,1.0,0.0,0.0,0.0,0.0,0.0,0.0,0.0,0.0,1.0,0.0,0.0,0.0,1.0,0.0,0.0,0.0,0.0,1.0,0.0,1,3,11.856515169360305
9,2121,732,2121,2,315.0,1,0,107.0,124,0,98,1,1,0,5.0,5.0,5.0,5.0,4.0,1.0,3.0,3.0,3.0,0.0,1.0,0.0,0.0,0.0,1.0,0.0,0.0,0.0,0.0,0.0,0.0,0.0,1.0,0.0,0.0,0.0,0.0,0.0,1.0,1,5,12.936751613811438
7,2022,505,1160,2,299.0,1,392,83.0,288,866,117,1,31,31,3.0,3.0,4.0,5.0,1.0,4.0,3.0,3.0,3.0,1.0,0.0,0.0,0.0,0.0,1.0,0.0,0.0,0.0,0.0,0.0,0.0,0.0,1.0,0.0,0.0,0.0,0.0,1.0,0.0,1,4,12.165250651009918
7,1982,575,807,2,340.0,1,421,82.0,0,807,84,1,18,18,4.0,4.0,4.0,4.0,3.0,6.0,3.0,3.0,3.0,1.0,0.0,0.0,0.0,0.0,1.0,0.0,0.0,0.0,0.0,0.0,0.0,0.0,1.0,0.0,0.0,0.0,0.0,1.0,0.0,1,3,12.339291489316397
6,1262,572,1262,2,68.0,0,905,60.0,0,0,120,0,0,0,4.0,4.0,4.0,4.0,1.0,6.0,3.0,3.0,3.0,0.0,1.0,0.0,0.0,0.0,1.0,0.0,0.0,0.0,0.0,0.0,1.0,0.0,0.0,0.0,0.0,0.0,0.0,0.0,1.0,1,4,12.128111104060462
7,1314,626,1314,2,166.0,1,904,34.0,172,0,62,0,2,1,4.0,4.0,4.0,5.0,1.0,6.0,2.0,3.0,3.0,0.0,1.0,0.0,0.0,0.0,1.0,0.0,0.0,0.0,0.0,0.0,0.0,0.0,1.0,0.0,0.0,0.0,0.0,1.0,0.0,1,5,12.24288661865289
8,1468,898,1468,2,72.0,1,0,74.0,210,0,150,0,1,0,4.0,4.0,4.0,5.0,1.0,1.0,3.0,3.0,3.0,0.0,1.0,0.0,0.0,0.0,1.0,0.0,0.0,0.0,0.0,0.0,0.0,0.0,1.0,0.0,0.0,0.0,0.0,0.0,1.0,1,4,12.407379502235209
6,1575,529,1575,2,0.0,0,430,50.0,0,0,0,0,15,15,4.0,4.0,4.0,4.0,1.0,6.0,2.0,3.0,3.0,0.0,1.0,0.0,0.0,0.0,1.0,0.0,0.0,0.0,0.0,0.0,0.0,0.0,1.0,0.0,0.0,0.0,0.0,1.0,0.0,1,3,12.096257779522967
7,1250,528,625,2,0.0,0,0,35.0,0,625,54,1,1,0,4.0,4.0,4.0,5.0,1.0,1.0,2.0,3.0,2.0,0.0,1.0,0.0,0.0,0.0,0.0,0.0,0.0,0.0,1.0,0.0,1.0,0.0,0.0,0.0,0.0,0.0,0.0,0.0,1.0,1,4,12.011880916165731
6,1734,440,912,1,0.0,1,600,77.0,0,649,0,1,44,25,3.0,4.0,3.0,3.0,1.0,3.0,2.0,3.0,2.0,1.0,0.0,0.0,0.0,0.0,1.0,0.0,0.0,0.0,0.0,0.0,0.0,0.0,1.0,0.0,0.0,0.0,0.0,1.0,0.0,1,2,11.976659481202368
4,858,0,858,1,0.0,0,614,73.0,0,0,0,0,35,35,3.0,3.0,3.0,3.0,1.0,4.0,0.0,3.0,2.0,1.0,0.0,0.0,0.0,0.0,0.0,0.0,0.0,0.0,0.0,1.0,0.0,0.0,1.0,0.0,0.0,0.0,0.0,1.0,0.0,1,2,11.385092093460344
5,900,280,882,1,31.0,0,450,71.0,0,0,0,0,43,43,3.0,3.0,3.0,3.0,1.0,4.0,1.0,3.0,2.0,1.0,0.0,0.0,0.0,0.0,0.0,0.0,0.0,0.0,1.0,0.0,0.0,0.0,1.0,0.0,0.0,0.0,0.0,1.0,0.0,1,2,11.711776323715394
6,1396,384,698,1,0.0,0,0,60.0,0,698,0,0,92,4,3.0,3.0,3.0,5.0,1.0,1.0,1.0,3.0,3.0,0.0,0.0,0.0,0.0,0.0,0.0,0.0,0.0,0.0,1.0,0.0,0.0,0.0,1.0,0.0,0.0,0.0,0.0,1.0,0.0,1,1,11.941944326032129
8,1919,685,1079,2,0.0,1,0,120.0,0,840,51,1,0,0,4.0,4.0,4.0,5.0,3.0,1.0,2.0,3.0,3.0,0.0,1.0,0.0,0.0,0.0,1.0,0.0,0.0,0.0,0.0,0.0,0.0,0.0,1.0,0.0,0.0,0.0,0.0,0.0,1.0,1,3,12.359780370124389
5,1716,0,780,2,0.0,0,210,55.0,0,780,184,0,96,8,3.0,2.0,3.0,5.0,1.0,3.0,0.0,1.0,3.0,0.0,1.0,0.0,0.0,0.0,0.0,0.0,0.0,0.0,0.0,1.0,0.0,0.0,1.0,0.0,0.0,0.0,0.0,1.0,0.0,0,2,11.819674600139235
5,1716,281,768,1,0.0,1,292,60.0,0,568,0,1,60,1,3.0,3.0,3.0,4.0,1.0,2.0,1.0,3.0,3.0,1.0,0.0,0.0,0.0,0.0,1.0,0.0,0.0,0.0,0.0,0.0,0.0,0.0,1.0,0.0,0.0,0.0,0.0,1.0,0.0,1,1,11.782952602183288
7,2263,539,795,2,34.0,1,795,80.0,0,795,250,1,29,12,3.0,4.0,3.0,2.0,1.0,5.0,3.0,3.0,2.0,1.0,0.0,0.0,0.0,0.0,1.0,0.0,0.0,0.0,0.0,0.0,0.0,0.0,1.0,0.0,0.0,0.0,0.0,1.0,0.0,1,3,12.367340793126296
6,1644,418,1416,1,238.0,2,1285,80.0,110,0,0,0,56,56,3.0,3.0,3.0,3.0,1.0,6.0,3.0,3.0,3.0,1.0,0.0,0.0,0.0,0.0,1.0,0.0,0.0,0.0,0.0,0.0,0.0,0.0,1.0,0.0,0.0,0.0,0.0,1.0,0.0,1,2,12.025749091398891
6,1003,588,1003,1,0.0,0,819,37.0,120,0,0,0,22,22,3.0,3.0,3.0,3.0,3.0,6.0,1.0,3.0,2.0,1.0,0.0,0.0,0.0,0.0,0.0,0.0,0.0,0.0,1.0,0.0,0.0,0.0,1.0,0.0,0.0,0.0,0.0,1.0,0.0,1,2,11.867097278690842
5,1558,282,910,1,0.0,0,420,75.0,289,648,0,1,57,57,3.0,3.0,3.0,3.0,1.0,4.0,1.0,3.0,3.0,1.0,0.0,0.0,0.0,0.0,1.0,0.0,0.0,0.0,0.0,0.0,0.0,0.0,0.0,1.0,0.0,0.0,0.0,1.0,0.0,1,1,11.931635799828413
7,1950,576,975,2,1600.0,1,649,66.0,0,975,10,1,10,9,4.0,4.0,4.0,5.0,1.0,4.0,2.0,3.0,2.0,0.0,1.0,0.0,0.0,0.0,0.0,0.0,0.0,0.0,1.0,0.0,1.0,0.0,0.0,0.0,0.0,0.0,0.0,1.0,0.0,1,4,12.384218830913648
6,1743,539,702,1,365.0,1,384,90.0,224,702,0,2,39,39,4.0,3.0,3.0,4.0,1.0,5.0,1.0,3.0,3.0,1.0,0.0,0.0,0.0,0.0,1.0,0.0,0.0,0.0,0.0,0.0,0.0,0.0,1.0,0.0,0.0,0.0,0.0,1.0,0.0,1,3,12.072541252905651
6,1152,300,1092,1,0.0,1,0,80.0,0,0,36,0,59,5,3.0,4.0,3.0,5.0,1.0,1.0,1.0,3.0,3.0,1.0,0.0,0.0,0.0,0.0,1.0,0.0,0.0,0.0,0.0,0.0,0.0,0.0,1.0,0.0,0.0,0.0,1.0,0.0,0.0,1,4,11.973509872299472
5,1336,375,1165,1,56.0,2,841,90.0,0,0,0,0,53,53,3.0,3.0,3.0,3.0,2.0,4.0,1.0,3.0,3.0,1.0,0.0,0.0,0.0,0.0,1.0,0.0,0.0,0.0,0.0,0.0,0.0,0.0,1.0,0.0,0.0,0.0,0.0,1.0,0.0,1,4,11.964001084330445
8,2452,683,1028,2,0.0,1,281,66.0,208,1242,50,1,9,8,4.0,4.0,4.0,5.0,1.0,6.0,3.0,3.0,0.0,0.0,1.0,0.0,0.0,0.0,0.0,0.0,1.0,0.0,0.0,0.0,0.0,0.0,1.0,0.0,0.0,0.0,0.0,1.0,0.0,1,3,12.495003937382387
7,1541,843,1541,2,150.0,1,0,118.0,468,0,81,0,5,4,4.0,4.0,4.0,5.0,1.0,1.0,2.0,3.0,2.0,0.0,1.0,0.0,0.0,0.0,1.0,0.0,0.0,0.0,0.0,0.0,0.0,0.0,1.0,0.0,0.0,0.0,0.0,1.0,0.0,1,3,12.230765258120545
5,894,552,894,1,0.0,0,894,70.0,256,0,0,0,34,34,3.0,3.0,3.0,3.0,1.0,5.0,1.0,3.0,3.0,0.0,1.0,0.0,0.0,0.0,1.0,0.0,0.0,0.0,0.0,0.0,0.0,0.0,1.0,0.0,0.0,0.0,0.0,0.0,0.0,1,3,11.917723684090689
7,3493,870,1470,3,0.0,1,0,87.0,302,1818,0,0,128,6,3.0,4.0,3.0,5.0,1.0,1.0,1.0,3.0,3.0,0.0,0.0,0.0,0.0,0.0,1.0,0.0,0.0,0.0,0.0,0.0,0.0,0.0,0.0,1.0,0.0,0.0,0.0,1.0,0.0,1,1,12.594730635321957
8,2000,888,2000,2,246.0,0,1464,80.0,168,0,0,0,3,2,4.0,4.0,4.0,5.0,1.0,6.0,3.0,3.0,3.0,0.0,1.0,0.0,0.0,0.0,1.0,0.0,0.0,0.0,0.0,0.0,0.0,0.0,1.0,0.0,0.0,0.0,0.0,1.0,0.0,1,3,12.631013530138995
7,2243,746,700,2,246.0,1,700,116.0,127,1121,44,1,17,16,4.0,4.0,4.0,4.0,1.0,5.0,2.0,3.0,3.0,1.0,0.0,0.0,0.0,0.0,1.0,0.0,0.0,0.0,0.0,0.0,0.0,0.0,1.0,0.0,0.0,0.0,0.0,1.0,0.0,1,3,12.323855681186558
6,1406,0,319,1,0.0,0,0,60.0,0,371,144,0,88,58,3.0,2.0,3.0,3.0,1.0,1.0,0.0,1.0,2.0,1.0,0.0,0.0,0.0,0.0,0.0,0.0,0.0,0.0,0.0,1.0,0.0,0.0,0.0,1.0,0.0,0.0,0.0,1.0,0.0,1,1,11.401993904262946
4,861,539,861,1,0.0,0,262,65.5,158,0,0,0,69,59,3.0,3.0,3.0,5.0,1.0,4.0,1.0,3.0,2.0,1.0,0.0,0.0,0.0,0.0,0.0,0.0,0.0,0.0,1.0,0.0,0.0,0.0,1.0,0.0,0.0,0.0,0.0,1.0,0.0,1,1,11.320553572322773
9,1944,708,1896,2,0.0,3,1274,90.0,208,0,175,0,3,2,4.0,5.0,5.0,5.0,4.0,6.0,3.0,3.0,2.0,0.0,1.0,0.0,0.0,0.0,1.0,0.0,0.0,0.0,0.0,0.0,0.0,0.0,1.0,0.0,0.0,0.0,0.0,1.0,0.0,1,5,12.793859310432293
6,1501,420,697,2,112.0,1,518,65.0,190,804,63,1,13,12,3.0,4.0,4.0,4.0,1.0,5.0,3.0,3.0,2.0,0.0,1.0,0.0,0.0,0.0,1.0,0.0,0.0,0.0,0.0,0.0,0.0,0.0,1.0,0.0,0.0,0.0,0.0,1.0,0.0,1,3,12.017330520933296
6,972,240,972,1,0.0,1,680,50.0,0,0,0,0,61,7,3.0,3.0,3.0,5.0,1.0,5.0,1.0,3.0,3.0,1.0,0.0,0.0,0.0,0.0,0.0,0.0,0.0,0.0,1.0,0.0,0.0,0.0,1.0,0.0,0.0,0.0,0.0,1.0,0.0,1,2,11.790557201568507
5,1118,410,793,1,0.0,1,507,65.0,0,325,0,0,67,56,3.0,3.0,4.0,3.0,2.0,3.0,1.0,3.0,3.0,1.0,0.0,0.0,0.0,0.0,0.0,0.0,0.0,0.0,1.0,0.0,0.0,0.0,0.0,1.0,0.0,0.0,0.0,1.0,0.0,1,1,11.694413341015606
7,2036,513,2136,2,0.0,2,1236,150.0,0,0,0,0,44,44,3.0,3.0,4.0,3.0,4.0,5.0,2.0,3.0,0.0,1.0,0.0,0.0,0.0,0.0,1.0,0.0,0.0,0.0,0.0,0.0,0.0,0.0,1.0,0.0,0.0,0.0,0.0,1.0,0.0,1,4,12.834681304952548
7,1641,546,728,1,0.0,1,16,60.0,0,809,0,1,81,16,3.0,5.0,3.0,5.0,1.0,2.0,1.0,3.0,3.0,0.0,0.0,0.0,0.0,0.0,0.0,0.0,0.0,0.0,1.0,0.0,0.0,0.0,0.0,1.0,0.0,0.0,0.0,1.0,0.0,1,1,12.089538829274222
7,1432,432,716,2,0.0,1,425,71.0,100,716,51,1,5,4,4.0,4.0,4.0,5.0,1.0,6.0,3.0,3.0,2.0,0.0,1.0,0.0,0.0,0.0,1.0,0.0,0.0,0.0,0.0,0.0,0.0,0.0,1.0,0.0,0.0,0.0,0.0,1.0,0.0,1,3,12.146853285870202
7,2353,484,845,2,278.0,1,692,94.0,288,1200,195,1,29,29,4.0,5.0,4.0,3.0,1.0,6.0,2.0,3.0,2.0,1.0,0.0,0.0,0.0,0.0,1.0,0.0,0.0,0.0,0.0,0.0,0.0,0.0,1.0,0.0,0.0,0.0,0.0,1.0,0.0,1,3,12.468436909997665
8,1959,1025,1088,2,0.0,1,0,75.0,208,871,46,1,1,1,4.0,4.0,4.0,5.0,3.0,1.0,2.0,3.0,3.0,0.0,1.0,0.0,0.0,0.0,1.0,0.0,0.0,0.0,0.0,0.0,1.0,0.0,0.0,0.0,0.0,0.0,0.0,1.0,0.0,1,4,12.506177237980511
7,2646,656,1347,2,256.0,1,987,90.0,340,1274,60,1,16,16,4.0,4.0,4.0,5.0,4.0,6.0,2.0,3.0,3.0,0.0,1.0,0.0,0.0,0.0,1.0,0.0,0.0,0.0,0.0,0.0,0.0,0.0,1.0,0.0,0.0,0.0,0.0,1.0,0.0,1,5,12.468436909997665
7,1472,588,1372,2,225.0,2,1036,80.0,233,0,48,0,29,29,3.0,3.0,4.0,3.0,3.0,6.0,1.0,3.0,3.0,1.0,0.0,0.0,0.0,0.0,1.0,0.0,0.0,0.0,0.0,0.0,0.0,0.0,1.0,0.0,0.0,0.0,0.0,1.0,0.0,1,3,12.141534124392603
9,2596,840,1249,3,370.0,0,0,111.0,240,1347,154,1,0,0,3.0,4.0,5.0,5.0,3.0,1.0,2.0,3.0,3.0,0.0,1.0,0.0,0.0,0.0,1.0,0.0,0.0,0.0,0.0,0.0,0.0,0.0,1.0,0.0,0.0,0.0,0.0,0.0,1.0,1,5,12.7444443677961
8,2468,872,1136,2,388.0,1,970,99.0,184,1332,154,1,3,3,4.0,4.0,5.0,5.0,3.0,6.0,3.0,3.0,2.0,0.0,1.0,0.0,0.0,0.0,0.0,0.0,1.0,0.0,0.0,0.0,0.0,0.0,1.0,0.0,0.0,0.0,0.0,1.0,0.0,1,5,12.777052192115912
7,2730,576,1502,2,172.0,1,28,86.0,201,1177,96,1,21,20,4.0,4.0,3.0,5.0,4.0,2.0,3.0,3.0,2.0,1.0,0.0,0.0,0.0,0.0,1.0,0.0,0.0,0.0,0.0,0.0,0.0,0.0,1.0,0.0,0.0,0.0,0.0,1.0,0.0,1,3,12.614865543731012
3,1163,220,1162,1,0.0,0,256,49.0,142,0,98,0,51,1,3.0,3.0,3.0,5.0,1.0,5.0,1.0,3.0,3.0,1.0,0.0,0.0,0.0,0.0,1.0,0.0,0.0,0.0,0.0,0.0,0.0,0.0,0.0,1.0,0.0,0.0,0.0,1.0,0.0,1,1,11.745425111208464
7,2978,564,710,2,300.0,1,0,96.0,240,1080,0,1,43,3,4.0,4.0,4.0,5.0,1.0,1.0,3.0,3.0,3.0,1.0,0.0,0.0,0.0,0.0,0.0,0.0,1.0,0.0,0.0,0.0,0.0,0.0,1.0,0.0,0.0,0.0,0.0,1.0,0.0,1,2,12.396693005138824
5,803,360,720,1,0.0,0,116,50.0,0,0,0,0,66,57,3.0,3.0,3.0,1.0,3.0,4.0,1.0,3.0,3.0,1.0,0.0,0.0,0.0,0.0,0.0,0.0,0.0,0.0,1.0,0.0,0.0,0.0,0.0,1.0,0.0,0.0,0.0,1.0,0.0,0,1,11.37366339763672
8,1719,473,1719,1,0.0,2,1619,32.0,122,0,30,1,15,15,4.0,4.0,4.0,5.0,4.0,6.0,3.0,3.0,2.0,0.0,1.0,0.0,0.0,0.0,1.0,0.0,0.0,0.0,0.0,0.0,0.0,0.0,1.0,0.0,0.0,0.0,0.0,1.0,0.0,1,4,12.688498794774466
6,1383,292,1383,1,175.0,0,565,80.0,0,0,45,1,46,46,3.0,3.0,3.0,3.0,1.0,3.0,2.0,3.0,3.0,1.0,0.0,0.0,0.0,0.0,1.0,0.0,0.0,0.0,0.0,0.0,0.0,0.0,1.0,0.0,0.0,0.0,0.0,1.0,0.0,1,2,11.886211674714158
6,2134,441,844,2,0.0,0,0,52.0,0,689,60,0,93,15,3.0,4.0,3.0,4.0,1.0,1.0,1.0,3.0,2.0,0.0,0.0,0.0,0.0,0.0,0.0,0.0,0.0,0.0,1.0,0.0,0.0,0.0,1.0,0.0,0.0,0.0,0.0,1.0,0.0,0,1,12.27606501735021
5,1192,189,596,1,0.0,0,0,60.0,0,596,0,0,89,59,3.0,3.0,3.0,3.0,2.0,1.0,1.0,1.0,3.0,0.0,1.0,0.0,0.0,0.0,0.0,0.0,0.0,0.0,1.0,0.0,0.0,0.0,0.0,1.0,0.0,0.0,0.0,1.0,0.0,0,1,11.26446410567173
5,1728,352,1728,2,84.0,0,40,73.0,155,0,0,0,43,43,3.0,3.0,3.0,3.0,1.0,6.0,1.0,3.0,2.0,1.0,0.0,0.0,0.0,0.0,0.0,0.0,0.0,0.0,1.0,0.0,0.0,0.0,1.0,0.0,0.0,0.0,0.0,1.0,0.0,1,2,11.686878772093667
5,1056,308,1056,1,0.0,0,846,70.0,0,0,0,0,49,15,3.0,3.0,3.0,2.0,1.0,3.0,2.0,3.0,3.0,1.0,0.0,0.0,0.0,0.0,1.0,0.0,0.0,0.0,0.0,0.0,0.0,0.0,1.0,0.0,0.0,0.0,0.0,1.0,0.0,1,2,11.842229212112828
8,1629,880,3206,2,296.0,1,1124,85.0,0,0,0,0,6,5,4.0,4.0,4.0,5.0,1.0,6.0,2.0,3.0,2.0,0.0,1.0,0.0,0.0,0.0,1.0,0.0,0.0,0.0,0.0,0.0,0.0,0.0,1.0,0.0,0.0,0.0,0.0,1.0,0.0,1,5,12.556729517143344
7,1358,484,1358,2,146.0,1,720,59.0,192,0,30,0,4,4,4.0,4.0,4.0,5.0,3.0,6.0,2.0,3.0,3.0,0.0,1.0,0.0,0.0,0.0,1.0,0.0,0.0,0.0,0.0,0.0,0.0,0.0,0.0,1.0,0.0,0.0,0.0,1.0,0.0,1,5,12.240474072247506
6,1638,472,943,2,0.0,2,828,59.0,100,695,38,1,10,10,3.0,3.0,4.0,4.0,4.0,6.0,3.0,3.0,2.0,0.0,1.0,0.0,0.0,0.0,1.0,0.0,0.0,0.0,0.0,0.0,0.0,0.0,1.0,0.0,0.0,0.0,0.0,1.0,0.0,1,3,12.165250651009918
5,1786,529,1499,2,0.0,2,1249,85.0,670,167,0,0,43,43,3.0,3.0,3.0,5.0,4.0,5.0,3.0,3.0,2.0,1.0,0.0,0.0,0.0,0.0,1.0,0.0,0.0,0.0,0.0,0.0,0.0,0.0,1.0,0.0,0.0,0.0,0.0,1.0,0.0,1,4,12.341258918085241
9,1922,676,1922,2,200.0,1,1249,86.0,178,0,51,0,2,1,4.0,4.0,5.0,5.0,4.0,6.0,3.0,3.0,2.0,0.0,1.0,0.0,0.0,0.0,1.0,0.0,0.0,0.0,0.0,0.0,0.0,0.0,1.0,0.0,0.0,0.0,0.0,1.0,0.0,1,5,12.841129801965447
7,1536,532,1536,2,113.0,0,810,70.0,192,0,74,0,6,5,4.0,4.0,4.0,5.0,3.0,6.0,2.0,3.0,3.0,0.0,1.0,0.0,0.0,0.0,1.0,0.0,0.0,0.0,0.0,0.0,0.0,0.0,1.0,0.0,0.0,0.0,0.0,1.0,0.0,1,3,12.273731294003989
7,1621,440,1208,2,0.0,0,213,91.0,108,0,45,0,22,8,4.0,4.0,4.0,5.0,2.0,5.0,2.0,3.0,3.0,1.0,0.0,0.0,0.0,0.0,1.0,0.0,0.0,0.0,0.0,0.0,0.0,0.0,1.0,0.0,0.0,0.0,0.0,1.0,0.0,1,3,12.218495165528731
6,1215,297,1215,1,176.0,0,585,66.0,0,0,0,0,51,11,3.0,3.0,3.0,3.0,1.0,3.0,1.0,3.0,2.0,1.0,0.0,0.0,0.0,0.0,1.0,0.0,0.0,0.0,0.0,0.0,0.0,0.0,1.0,0.0,0.0,0.0,0.0,1.0,0.0,1,2,11.951180395901384
8,1908,431,967,2,0.0,0,0,85.0,135,915,0,1,8,8,4.0,4.0,4.0,5.0,1.0,1.0,3.0,3.0,3.0,0.0,1.0,0.0,0.0,0.0,1.0,0.0,0.0,0.0,0.0,0.0,0.0,0.0,1.0,0.0,0.0,0.0,0.0,1.0,0.0,1,4,12.220468525813907
4,841,294,721,1,0.0,0,0,60.0,250,0,0,0,59,59,2.0,3.0,3.0,4.0,1.0,1.0,1.0,1.0,3.0,1.0,0.0,0.0,0.0,0.0,0.0,0.0,0.0,1.0,0.0,0.0,0.0,1.0,0.0,0.0,0.0,0.0,0.0,1.0,0.0,1,3,11.314474526246391
3,1040,400,0,2,340.0,0,0,73.0,0,0,0,0,57,56,3.0,3.0,0.0,2.0,0.0,0.0,1.0,3.0,3.0,0.0,0.0,1.0,0.0,0.0,0.0,0.0,0.0,0.0,1.0,0.0,0.0,0.0,1.0,0.0,0.0,0.0,0.0,1.0,0.0,0,2,11.379394072345706
9,1684,564,1684,2,616.0,1,28,63.0,495,0,72,0,3,3,5.0,5.0,5.0,5.0,1.0,6.0,2.0,3.0,2.0,0.0,1.0,0.0,0.0,0.0,1.0,0.0,0.0,0.0,0.0,0.0,0.0,0.0,1.0,0.0,0.0,0.0,0.0,1.0,0.0,1,5,12.491251587763836
5,1112,336,536,1,0.0,0,129,36.0,182,576,0,1,34,34,3.0,3.0,4.0,3.0,1.0,3.0,1.0,3.0,3.0,1.0,0.0,0.0,0.0,0.0,1.0,0.0,0.0,0.0,0.0,0.0,0.0,0.0,0.0,1.0,0.0,0.0,0.0,1.0,0.0,1,1,11.350406535472453
6,1577,312,972,1,0.0,1,0,65.0,0,605,0,0,67,56,3.0,2.0,3.0,4.0,1.0,1.0,1.0,3.0,3.0,0.0,0.0,0.0,0.0,0.0,0.0,0.0,0.0,0.0,1.0,0.0,0.0,0.0,1.0,0.0,0.0,0.0,0.0,1.0,0.0,1,1,11.850825253582627
6,958,301,958,1,0.0,0,498,73.0,0,0,0,0,47,9,3.0,3.0,3.0,3.0,2.0,4.0,2.0,3.0,2.0,1.0,0.0,0.0,0.0,0.0,1.0,0.0,0.0,0.0,0.0,0.0,0.0,0.0,1.0,0.0,0.0,0.0,0.0,1.0,0.0,1,2,11.928340903931561
6,1478,498,1478,2,30.0,2,1270,73.0,0,0,40,0,49,49,3.0,3.0,3.0,5.0,1.0,4.0,1.0,3.0,2.0,1.0,0.0,0.0,0.0,0.0,1.0,0.0,0.0,0.0,0.0,0.0,0.0,0.0,1.0,0.0,0.0,0.0,0.0,1.0,0.0,1,2,11.967180737247824
7,1626,474,764,2,106.0,0,573,36.0,0,862,27,1,5,4,4.0,4.0,4.0,5.0,1.0,6.0,2.0,3.0,3.0,0.0,1.0,0.0,0.0,0.0,0.0,0.0,1.0,0.0,0.0,0.0,0.0,0.0,1.0,0.0,0.0,0.0,0.0,1.0,0.0,1,5,11.944707881395766
9,2728,706,1848,2,870.0,2,1410,56.0,0,880,0,1,1,0,5.0,5.0,5.0,5.0,1.0,6.0,3.0,3.0,1.0,0.0,1.0,0.0,0.0,0.0,1.0,0.0,0.0,0.0,0.0,0.0,0.0,0.0,1.0,0.0,0.0,0.0,0.0,0.0,1.0,1,5,12.988040814744458
9,1869,617,1869,2,362.0,1,0,68.0,210,0,54,0,0,0,5.0,5.0,5.0,5.0,1.0,1.0,2.0,3.0,2.0,0.0,1.0,0.0,0.0,0.0,1.0,0.0,0.0,0.0,0.0,0.0,0.0,0.0,1.0,0.0,0.0,0.0,0.0,0.0,1.0,1,5,12.669998467265833
7,1453,445,1453,1,0.0,1,1082,80.0,0,0,80,1,20,20,3.0,4.0,4.0,4.0,4.0,6.0,2.0,3.0,2.0,0.0,1.0,0.0,0.0,0.0,1.0,0.0,0.0,0.0,0.0,0.0,0.0,0.0,1.0,0.0,0.0,0.0,0.0,0.0,0.0,1,4,12.154779351142624
5,1111,200,616,1,0.0,0,236,60.0,48,495,0,0,67,58,3.0,3.0,3.0,3.0,2.0,2.0,1.0,3.0,3.0,1.0,0.0,0.0,0.0,0.0,0.0,0.0,0.0,0.0,1.0,0.0,0.0,0.0,1.0,0.0,0.0,0.0,0.0,1.0,0.0,0,1,11.461632170582678
6,720,484,624,1,0.0,0,0,60.0,106,0,0,0,82,7,3.0,3.0,3.0,4.0,1.0,1.0,1.0,3.0,3.0,0.0,0.0,0.0,0.0,0.0,0.0,0.0,0.0,0.0,1.0,0.0,0.0,0.0,0.0,1.0,0.0,0.0,0.0,1.0,0.0,1,1,11.570250531589497
6,1595,240,940,1,0.0,2,388,60.0,0,403,0,0,66,6,3.0,3.0,3.0,5.0,1.0,2.0,1.0,3.0,3.0,1.0,0.0,0.0,0.0,0.0,1.0,0.0,0.0,0.0,0.0,0.0,0.0,0.0,1.0,0.0,0.0,0.0,0.0,1.0,0.0,1,2,11.84939770159144
6,1200,521,1200,2,0.0,0,334,105.0,0,0,26,0,12,12,4.0,4.0,4.0,5.0,1.0,5.0,2.0,3.0,1.0,0.0,1.0,0.0,0.0,0.0,1.0,0.0,0.0,0.0,0.0,0.0,0.0,0.0,1.0,0.0,0.0,0.0,0.0,1.0,0.0,1,3,12.086725887897607
6,1167,400,1158,2,106.0,0,560,65.0,120,0,26,0,17,17,3.0,4.0,4.0,4.0,1.0,6.0,2.0,3.0,2.0,0.0,1.0,0.0,0.0,0.0,1.0,0.0,0.0,0.0,0.0,0.0,0.0,0.0,1.0,0.0,0.0,0.0,0.0,1.0,0.0,1,3,12.061046873479915
5,1142,528,1142,1,0.0,1,874,44.0,536,0,90,1,31,31,3.0,3.0,4.0,3.0,1.0,5.0,3.0,3.0,3.0,0.0,1.0,0.0,0.0,0.0,1.0,0.0,0.0,0.0,0.0,0.0,0.0,0.0,0.0,1.0,0.0,0.0,0.0,1.0,0.0,1,1,11.805595078933049
5,1352,288,1062,1,120.0,0,300,92.0,168,0,0,0,48,48,3.0,4.0,3.0,5.0,3.0,4.0,1.0,3.0,2.0,1.0,0.0,0.0,0.0,0.0,0.0,0.0,1.0,0.0,0.0,0.0,0.0,0.0,1.0,0.0,0.0,0.0,0.0,0.0,0.0,1,4,11.77528972943772
8,1924,592,1086,2,530.0,1,956,78.0,208,838,75,1,8,8,4.0,4.0,4.0,5.0,3.0,6.0,2.0,3.0,2.0,0.0,1.0,0.0,0.0,0.0,1.0,0.0,0.0,0.0,0.0,0.0,0.0,0.0,1.0,0.0,0.0,0.0,0.0,1.0,0.0,1,5,12.542544882151386
6,912,470,888,1,0.0,1,773,73.0,0,0,0,0,29,29,3.0,3.0,4.0,5.0,3.0,6.0,2.0,3.0,2.0,1.0,0.0,0.0,0.0,0.0,1.0,0.0,0.0,0.0,0.0,0.0,0.0,0.0,1.0,0.0,0.0,0.0,0.0,1.0,0.0,1,2,11.957611286231675
5,1505,240,883,1,0.0,0,399,52.0,0,517,0,0,68,26,3.0,3.0,3.0,4.0,1.0,3.0,1.0,1.0,3.0,1.0,0.0,0.0,0.0,0.0,0.0,0.0,0.0,0.0,1.0,0.0,0.0,0.0,1.0,0.0,0.0,0.0,0.0,1.0,0.0,1,1,11.884489021402711
7,1922,672,0,3,500.0,1,0,64.0,0,1427,0,0,6,6,4.0,4.0,0.0,5.0,0.0,0.0,2.0,3.0,3.0,0.0,0.0,1.0,0.0,0.0,0.0,0.0,1.0,0.0,0.0,0.0,0.0,0.0,1.0,0.0,0.0,0.0,0.0,1.0,0.0,1,1,12.198544379109382
6,987,264,483,1,510.0,0,162,21.0,250,504,0,1,37,2,3.0,4.0,3.0,4.0,1.0,5.0,1.0,3.0,3.0,1.0,0.0,0.0,0.0,0.0,0.0,0.0,0.0,0.0,1.0,0.0,0.0,0.0,0.0,1.0,0.0,0.0,0.0,1.0,0.0,1,1,11.678439903447801
6,1574,566,796,2,120.0,1,712,80.0,306,784,111,1,30,30,3.0,3.0,4.0,3.0,2.0,6.0,3.0,3.0,2.0,0.0,1.0,0.0,0.0,0.0,1.0,0.0,0.0,0.0,0.0,0.0,0.0,0.0,1.0,0.0,0.0,0.0,0.0,1.0,0.0,1,3,12.154779351142624
5,1344,468,672,1,0.0,0,456,59.0,0,672,128,0,89,12,3.0,3.0,3.0,4.0,1.0,3.0,1.0,3.0,3.0,1.0,0.0,0.0,0.0,0.0,0.0,0.0,0.0,0.0,1.0,0.0,0.0,0.0,0.0,1.0,0.0,0.0,0.0,1.0,0.0,1,1,11.898187865760873
6,1394,514,1394,1,247.0,2,609,73.0,0,0,76,1,46,46,3.0,3.0,4.0,4.0,1.0,4.0,2.0,3.0,2.0,1.0,0.0,0.0,0.0,0.0,1.0,0.0,0.0,0.0,0.0,0.0,0.0,0.0,1.0,0.0,0.0,0.0,0.0,1.0,0.0,1,2,11.976659481202368
6,1431,296,1099,1,305.0,1,371,101.0,64,0,110,0,46,46,3.0,3.0,4.0,4.0,4.0,6.0,2.0,3.0,2.0,1.0,0.0,0.0,0.0,0.0,0.0,1.0,0.0,0.0,0.0,0.0,0.0,0.0,1.0,0.0,0.0,0.0,0.0,1.0,0.0,1,2,12.013700752882718
5,1268,244,1268,1,200.0,1,540,78.0,0,0,98,0,56,56,3.0,3.0,3.0,4.0,1.0,2.0,3.0,3.0,3.0,0.0,1.0,0.0,0.0,0.0,1.0,0.0,0.0,0.0,0.0,0.0,0.0,0.0,1.0,0.0,0.0,0.0,0.0,1.0,0.0,1,2,11.790557201568507
5,1287,576,1063,1,0.0,1,72,73.0,364,0,17,0,51,4,3.0,4.0,3.0,5.0,1.0,5.0,3.0,3.0,2.0,1.0,0.0,0.0,0.0,0.0,0.0,0.0,0.0,0.0,1.0,0.0,0.0,0.0,1.0,0.0,0.0,0.0,0.0,1.0,0.0,1,2,11.99535161421452
6,1664,460,953,2,0.0,1,0,65.0,100,711,40,1,6,6,3.0,3.0,4.0,5.0,1.0,1.0,2.0,3.0,2.0,0.0,1.0,0.0,0.0,0.0,1.0,0.0,0.0,0.0,0.0,0.0,0.0,0.0,1.0,0.0,0.0,0.0,0.0,1.0,0.0,1,3,12.05757263721173
4,1588,680,0,2,0.0,1,0,80.0,0,468,59,0,49,49,3.0,3.0,0.0,3.0,0.0,0.0,3.0,1.0,3.0,1.0,0.0,0.0,0.0,0.0,0.0,0.0,0.0,0.0,1.0,0.0,0.0,0.0,1.0,0.0,0.0,0.0,0.0,1.0,0.0,1,4,11.808813773969108
6,752,264,744,1,0.0,0,623,50.0,353,0,0,0,26,26,3.0,3.0,4.0,3.0,1.0,5.0,1.0,3.0,3.0,1.0,0.0,0.0,0.0,0.0,1.0,0.0,0.0,0.0,0.0,0.0,0.0,0.0,1.0,0.0,0.0,0.0,0.0,1.0,0.0,1,3,11.736069016284437
5,1319,270,608,1,0.0,0,428,79.0,66,0,0,0,56,56,3.0,3.0,3.0,3.0,1.0,4.0,1.0,3.0,3.0,0.0,1.0,0.0,0.0,0.0,1.0,0.0,0.0,0.0,0.0,0.0,0.0,0.0,1.0,0.0,0.0,0.0,0.0,1.0,0.0,1,2,11.719939634354555
7,1928,434,847,2,0.0,1,0,65.0,100,1081,48,1,4,3,4.0,4.0,4.0,5.0,1.0,1.0,3.0,3.0,3.0,0.0,1.0,0.0,0.0,0.0,0.0,0.0,1.0,0.0,0.0,0.0,0.0,0.0,1.0,0.0,0.0,0.0,0.0,1.0,0.0,1,3,12.299107511497363
1,904,0,683,0,0.0,0,350,65.5,0,0,0,1,87,59,2.0,2.0,2.0,4.0,4.0,4.0,0.0,3.0,2.0,0.0,0.0,0.0,0.0,0.0,0.0,0.0,0.0,0.0,0.0,1.0,0.0,0.0,1.0,0.0,0.0,0.0,0.0,1.0,0.0,0,1,11.018629143155449
5,914,576,870,1,0.0,0,298,57.0,0,0,0,0,10,10,4.0,3.0,4.0,5.0,3.0,6.0,1.0,3.0,2.0,0.0,1.0,0.0,0.0,0.0,0.0,0.0,0.0,0.0,1.0,0.0,0.0,0.0,1.0,0.0,0.0,0.0,0.0,1.0,0.0,1,3,11.904967552746252
8,2466,610,1580,3,0.0,1,0,102.0,159,886,214,0,3,2,4.0,4.0,4.0,5.0,1.0,1.0,2.0,3.0,2.0,0.0,1.0,0.0,0.0,0.0,1.0,0.0,0.0,0.0,0.0,0.0,1.0,0.0,0.0,0.0,0.0,0.0,0.0,1.0,0.0,1,4,12.736700896592344
9,1856,834,1856,1,350.0,1,1445,88.0,113,0,0,1,0,0,4.0,5.0,5.0,5.0,3.0,6.0,3.0,3.0,3.0,0.0,1.0,0.0,0.0,0.0,1.0,0.0,0.0,0.0,0.0,0.0,0.0,0.0,1.0,0.0,0.0,0.0,0.0,0.0,1.0,1,5,12.885202034321916
6,1800,463,982,2,16.0,1,0,60.0,100,793,63,1,9,9,3.0,3.0,4.0,5.0,1.0,1.0,3.0,3.0,2.0,0.0,1.0,0.0,0.0,0.0,1.0,0.0,0.0,0.0,0.0,0.0,0.0,0.0,1.0,0.0,0.0,0.0,0.0,1.0,0.0,1,3,12.095141084822892
5,1691,308,1026,2,0.0,1,218,50.0,0,665,0,0,86,60,3.0,4.0,3.0,3.0,1.0,2.0,1.0,3.0,3.0,0.0,0.0,0.0,0.0,0.0,0.0,0.0,0.0,0.0,1.0,0.0,0.0,0.0,1.0,0.0,0.0,0.0,0.0,1.0,0.0,1,2,11.751942365440728
7,1301,572,1293,2,0.0,1,0,60.0,216,0,121,0,0,0,4.0,4.0,4.0,5.0,1.0,1.0,2.0,3.0,3.0,0.0,1.0,0.0,0.0,0.0,1.0,0.0,0.0,0.0,0.0,0.0,1.0,0.0,0.0,0.0,0.0,0.0,0.0,0.0,1.0,1,4,12.142866569626381
7,1797,639,939,2,0.0,0,0,79.0,144,858,53,1,1,1,4.0,4.0,4.0,5.0,3.0,1.0,2.0,3.0,2.0,0.0,1.0,0.0,0.0,0.0,1.0,0.0,0.0,0.0,0.0,0.0,0.0,0.0,1.0,0.0,0.0,0.0,0.0,1.0,0.0,1,3,12.271392111650817
6,784,360,784,1,0.0,0,0,60.0,0,0,0,0,81,59,3.0,3.0,2.0,3.0,1.0,1.0,1.0,1.0,3.0,0.0,0.0,0.0,0.0,0.0,0.0,0.0,0.0,0.0,1.0,0.0,0.0,1.0,0.0,0.0,0.0,0.0,0.0,1.0,0.0,0,3,11.238488619268468
6,1953,501,1580,2,0.0,2,985,80.0,216,874,231,1,15,15,4.0,4.0,4.0,5.0,3.0,6.0,3.0,3.0,1.0,0.0,1.0,0.0,0.0,0.0,1.0,0.0,0.0,0.0,0.0,0.0,0.0,0.0,1.0,0.0,0.0,0.0,0.0,1.0,0.0,1,4,12.388394202324129
8,1269,430,1256,2,16.0,1,24,43.0,146,0,20,0,6,5,4.0,4.0,4.0,5.0,1.0,6.0,3.0,3.0,3.0,0.0,1.0,0.0,0.0,0.0,1.0,0.0,0.0,0.0,0.0,0.0,0.0,0.0,1.0,0.0,0.0,0.0,0.0,1.0,0.0,1,3,12.165250651009918
5,1184,0,658,1,0.0,0,0,58.0,0,526,151,0,96,10,3.0,3.0,3.0,3.0,1.0,1.0,0.0,1.0,3.0,0.0,1.0,0.0,0.0,0.0,0.0,0.0,0.0,0.0,0.0,1.0,0.0,0.0,1.0,0.0,1.0,0.0,0.0,0.0,0.0,1,1,11.302204433654575
6,1125,352,1041,1,255.0,1,631,72.0,296,0,0,0,33,33,3.0,3.0,3.0,5.0,3.0,5.0,1.0,3.0,3.0,1.0,0.0,0.0,0.0,0.0,0.0,0.0,0.0,0.0,1.0,0.0,0.0,0.0,1.0,0.0,0.0,0.0,0.0,0.0,0.0,1,1,11.736069016284437
7,1479,577,1468,2,125.0,0,0,93.0,120,0,25,0,9,8,4.0,4.0,4.0,5.0,1.0,1.0,2.0,3.0,2.0,0.0,1.0,0.0,0.0,0.0,1.0,0.0,0.0,0.0,0.0,0.0,0.0,0.0,1.0,0.0,0.0,0.0,0.0,1.0,0.0,1,3,12.160028707028767
10,2332,846,1682,2,272.0,1,1280,96.0,196,590,134,1,1,0,5.0,5.0,5.0,5.0,3.0,6.0,3.0,3.0,3.0,0.0,1.0,0.0,0.0,0.0,0.0,0.0,1.0,0.0,0.0,0.0,0.0,0.0,1.0,0.0,0.0,0.0,0.0,0.0,1.0,1,5,12.962194625251508
5,1367,384,861,1,0.0,0,241,50.0,0,406,130,0,108,58,3.0,3.0,3.0,5.0,1.0,3.0,1.0,3.0,3.0,0.0,0.0,0.0,0.0,0.0,0.0,0.0,0.0,0.0,1.0,0.0,0.0,0.0,1.0,0.0,0.0,0.0,0.0,1.0,0.0,1,1,11.686878772093667
6,1961,560,804,2,0.0,1,690,71.0,125,1157,192,1,8,7,3.0,4.0,5.0,5.0,1.0,5.0,3.0,3.0,2.0,0.0,1.0,0.0,0.0,0.0,0.0,0.0,1.0,0.0,0.0,0.0,0.0,0.0,1.0,0.0,0.0,0.0,0.0,1.0,0.0,1,2,12.2783933071098
5,882,294,0,1,0.0,0,0,73.0,0,0,0,0,48,48,3.0,3.0,0.0,3.0,0.0,0.0,2.0,3.0,2.0,0.0,0.0,1.0,0.0,0.0,1.0,0.0,0.0,0.0,0.0,0.0,0.0,0.0,1.0,0.0,0.0,0.0,0.0,1.0,0.0,1,2,11.575900264131617
4,788,0,788,1,0.0,2,266,52.0,0,0,0,0,65,56,3.0,3.0,3.0,3.0,1.0,3.0,0.0,3.0,3.0,1.0,0.0,0.0,0.0,0.0,0.0,0.0,0.0,0.0,0.0,1.0,0.0,0.0,1.0,0.0,0.0,0.0,0.0,0.0,0.0,1,1,11.512925464970229
5,1034,240,735,1,0.0,0,0,60.0,0,299,39,0,67,57,3.0,3.0,3.0,4.0,1.0,1.0,1.0,3.0,3.0,1.0,0.0,0.0,0.0,0.0,0.0,0.0,0.0,0.0,1.0,0.0,0.0,0.0,1.0,0.0,0.0,0.0,0.0,1.0,0.0,1,1,11.59910316121128
5,1144,596,1144,1,0.0,0,739,68.0,44,0,0,0,54,54,3.0,3.0,3.0,3.0,3.0,4.0,1.0,3.0,3.0,1.0,0.0,0.0,0.0,0.0,1.0,0.0,0.0,0.0,0.0,0.0,0.0,0.0,1.0,0.0,0.0,0.0,0.0,1.0,0.0,1,1,11.76756768334381
5,894,600,894,1,0.0,0,777,60.0,215,0,0,0,37,37,3.0,3.0,3.0,3.0,3.0,3.0,2.0,3.0,3.0,1.0,0.0,0.0,0.0,0.0,0.0,0.0,0.0,0.0,1.0,0.0,0.0,0.0,1.0,0.0,0.0,0.0,0.0,1.0,0.0,1,3,11.719939634354555
5,1812,264,864,2,288.0,1,540,69.0,0,936,168,0,45,45,3.0,3.0,3.0,3.0,1.0,5.0,2.0,3.0,3.0,1.0,0.0,0.0,0.0,0.0,1.0,0.0,0.0,0.0,0.0,0.0,0.0,0.0,1.0,0.0,0.0,0.0,0.0,1.0,0.0,1,2,12.040608205802641
5,1077,338,961,1,0.0,0,0,60.0,0,0,0,0,87,57,3.0,3.0,2.0,4.0,1.0,1.0,1.0,1.0,3.0,0.0,0.0,0.0,0.0,0.0,0.0,0.0,0.0,0.0,1.0,0.0,0.0,0.0,0.0,1.0,0.0,0.0,0.0,0.0,0.0,1,1,11.112447898373103
7,1550,438,1092,2,100.0,0,812,65.0,0,438,168,0,3,2,4.0,4.0,4.0,5.0,1.0,6.0,3.0,3.0,3.0,0.0,1.0,0.0,0.0,0.0,1.0,0.0,0.0,0.0,0.0,0.0,1.0,0.0,0.0,0.0,0.0,0.0,0.0,1.0,0.0,1,4,12.392552212472792
8,1288,500,1260,1,0.0,2,786,38.0,120,0,30,1,12,12,4.0,5.0,4.0,5.0,1.0,6.0,3.0,3.0,1.0,0.0,1.0,0.0,0.0,0.0,1.0,0.0,0.0,0.0,0.0,0.0,0.0,0.0,1.0,0.0,0.0,0.0,0.0,1.0,0.0,1,4,12.411052226216713
7,1310,400,1310,2,0.0,1,24,65.0,0,0,0,0,1,1,4.0,4.0,4.0,5.0,3.0,6.0,3.0,3.0,2.0,0.0,1.0,0.0,0.0,0.0,1.0,0.0,0.0,0.0,0.0,0.0,0.0,0.0,1.0,0.0,0.0,0.0,0.0,0.0,1.0,1,3,12.01364014498549
5,672,240,672,1,0.0,0,0,60.0,168,0,0,0,68,11,3.0,3.0,3.0,5.0,1.0,1.0,1.0,1.0,3.0,0.0,1.0,0.0,0.0,0.0,0.0,0.0,0.0,0.0,1.0,0.0,0.0,0.0,1.0,0.0,0.0,0.0,0.0,1.0,0.0,1,2,11.589886506106357
8,2263,420,1141,2,650.0,1,0,93.0,144,1098,123,1,8,8,4.0,4.0,4.0,4.0,1.0,1.0,3.0,3.0,3.0,0.0,1.0,0.0,0.0,0.0,0.0,0.0,1.0,0.0,0.0,0.0,0.0,0.0,1.0,0.0,0.0,0.0,0.0,0.0,0.0,1,5,12.460714863903755
6,1572,373,806,2,0.0,1,0,65.0,0,766,40,1,12,11,3.0,3.0,4.0,4.0,1.0,1.0,3.0,3.0,2.0,0.0,1.0,0.0,0.0,0.0,0.0,0.0,1.0,0.0,0.0,0.0,0.0,0.0,1.0,0.0,0.0,0.0,0.0,1.0,0.0,1,3,12.031719258385396
4,1620,490,1281,2,0.0,1,1116,71.0,120,0,78,0,33,16,3.0,3.0,3.0,5.0,1.0,4.0,1.0,3.0,2.0,1.0,0.0,0.0,0.0,0.0,1.0,0.0,0.0,0.0,0.0,0.0,0.0,0.0,1.0,0.0,0.0,0.0,0.0,1.0,0.0,1,2,11.918390573078392
6,1639,240,1064,1,0.0,0,0,51.0,0,0,0,0,72,58,3.0,3.0,3.0,5.0,1.0,1.0,1.0,3.0,3.0,0.0,0.0,0.0,0.0,0.0,0.0,0.0,0.0,0.0,1.0,0.0,0.0,0.0,1.0,0.0,0.0,0.0,0.0,1.0,0.0,1,2,11.652687407345388
6,1680,308,840,2,0.0,0,0,63.0,0,840,0,0,93,32,3.0,3.0,4.0,5.0,1.0,1.0,1.0,3.0,3.0,0.0,0.0,0.0,0.0,0.0,1.0,0.0,0.0,0.0,0.0,0.0,0.0,0.0,1.0,0.0,0.0,0.0,0.0,1.0,0.0,1,4,12.083905011555967
7,2172,947,1063,2,350.0,1,0,109.0,192,1101,62,1,1,1,4.0,4.0,5.0,5.0,1.0,1.0,2.0,3.0,3.0,0.0,1.0,0.0,0.0,0.0,1.0,0.0,0.0,0.0,0.0,0.0,0.0,0.0,1.0,0.0,0.0,0.0,0.0,0.0,1.0,1,5,12.542544882151386
8,2078,836,1034,2,100.0,1,789,85.0,0,1028,102,1,1,0,4.0,5.0,5.0,5.0,1.0,6.0,3.0,3.0,3.0,0.0,1.0,0.0,0.0,0.0,1.0,0.0,0.0,0.0,0.0,0.0,1.0,0.0,0.0,0.0,0.0,0.0,0.0,0.0,1.0,1,4,12.73596533201339
5,1276,350,1276,1,0.0,0,0,68.0,0,0,0,0,51,51,3.0,3.0,3.0,3.0,1.0,1.0,1.0,3.0,3.0,1.0,0.0,0.0,0.0,0.0,1.0,0.0,0.0,0.0,0.0,0.0,0.0,0.0,1.0,0.0,0.0,0.0,0.0,0.0,0.0,1,1,11.002099841204238
5,1056,572,1056,1,0.0,0,1056,100.0,264,0,0,0,51,51,3.0,3.0,3.0,3.0,2.0,3.0,3.0,3.0,3.0,1.0,0.0,0.0,0.0,0.0,1.0,0.0,0.0,0.0,0.0,0.0,0.0,0.0,1.0,0.0,0.0,0.0,0.0,1.0,0.0,0,3,11.884489021402711
7,1478,484,1470,2,432.0,1,578,73.5,0,0,144,1,1,1,5.0,4.0,5.0,5.0,3.0,6.0,3.0,3.0,1.0,0.0,1.0,0.0,0.0,0.0,1.0,0.0,0.0,0.0,0.0,0.0,1.0,0.0,0.0,0.0,0.0,0.0,0.0,0.0,1.0,1,4,12.310432660854417
5,1028,360,1008,1,0.0,1,0,56.0,0,0,0,0,83,60,3.0,3.0,3.0,4.0,1.0,1.0,1.0,3.0,3.0,1.0,0.0,0.0,0.0,0.0,0.0,0.0,0.0,0.0,1.0,0.0,0.0,0.0,0.0,1.0,0.0,0.0,0.0,1.0,0.0,1,1,11.652687407345388
7,2097,678,1080,2,0.0,1,50,59.0,196,1017,187,1,15,15,4.0,4.0,4.0,5.0,1.0,4.0,1.0,3.0,1.0,0.0,1.0,0.0,0.0,0.0,1.0,0.0,0.0,0.0,0.0,0.0,0.0,0.0,1.0,0.0,0.0,0.0,0.0,1.0,0.0,1,3,12.337100907936577
7,1340,396,1340,2,0.0,0,24,73.0,100,0,30,0,0,0,4.0,4.0,4.0,5.0,3.0,6.0,3.0,3.0,2.0,0.0,1.0,0.0,0.0,0.0,1.0,0.0,0.0,0.0,0.0,0.0,0.0,0.0,1.0,0.0,0.0,0.0,0.0,0.0,1.0,1,3,12.106992367829498
6,1400,440,672,1,203.0,1,209,74.0,0,728,0,1,28,28,3.0,3.0,3.0,3.0,1.0,5.0,3.0,3.0,3.0,1.0,0.0,0.0,0.0,0.0,1.0,0.0,0.0,0.0,0.0,0.0,0.0,0.0,1.0,0.0,0.0,0.0,0.0,1.0,0.0,1,2,11.915051671812877
6,2624,864,1370,2,0.0,1,1128,86.0,0,1254,0,1,89,57,3.0,3.0,4.0,3.0,1.0,4.0,1.0,1.0,2.0,0.0,0.0,0.0,0.0,0.0,0.0,0.0,0.0,0.0,1.0,0.0,0.0,0.0,1.0,0.0,0.0,0.0,0.0,1.0,0.0,0,4,12.384218830913648
5,1134,240,756,1,0.0,0,312,60.0,0,378,0,1,67,57,3.0,3.0,3.0,2.0,1.0,5.0,1.0,2.0,3.0,0.0,0.0,0.0,0.0,0.0,0.0,0.0,0.0,0.0,1.0,0.0,0.0,0.0,1.0,0.0,1.0,0.0,0.0,0.0,0.0,0,1,11.744037185933616
5,1056,304,1056,1,0.0,1,775,65.0,0,0,85,0,42,42,3.0,3.0,3.0,5.0,1.0,4.0,1.0,3.0,3.0,1.0,0.0,0.0,0.0,0.0,1.0,0.0,0.0,0.0,0.0,0.0,0.0,0.0,1.0,0.0,0.0,0.0,0.0,1.0,0.0,1,2,11.863582336583399
7,1344,784,1344,2,200.0,0,1309,78.0,0,0,0,0,11,10,3.0,3.0,4.0,5.0,4.0,6.0,3.0,3.0,3.0,0.0,1.0,0.0,0.0,0.0,1.0,0.0,0.0,0.0,0.0,0.0,0.0,0.0,0.0,1.0,0.0,1.0,0.0,0.0,0.0,1,2,12.237086699059343
6,1602,529,1602,2,126.0,1,1246,80.0,240,0,0,0,32,9,4.0,4.0,4.0,4.0,1.0,5.0,3.0,3.0,2.0,1.0,0.0,0.0,0.0,0.0,1.0,0.0,0.0,0.0,0.0,0.0,0.0,0.0,1.0,0.0,0.0,0.0,0.0,1.0,0.0,1,3,12.2783933071098
5,988,520,988,1,0.0,0,0,100.0,0,0,0,0,54,54,3.0,3.0,3.0,5.0,1.0,1.0,2.0,1.0,3.0,1.0,0.0,0.0,0.0,0.0,1.0,0.0,0.0,0.0,0.0,0.0,0.0,0.0,1.0,0.0,0.0,0.0,0.0,1.0,0.0,1,2,11.635143097694478
8,2630,696,1470,2,473.0,1,986,80.0,0,1160,66,1,10,10,4.0,4.0,4.0,4.0,1.0,6.0,3.0,3.0,3.0,0.0,1.0,0.0,0.0,0.0,1.0,0.0,0.0,0.0,0.0,0.0,0.0,0.0,1.0,0.0,0.0,0.0,0.0,1.0,0.0,1,5,12.66032791780777
6,1196,297,1196,1,74.0,1,616,72.0,0,0,44,0,52,52,3.0,3.0,4.0,4.0,1.0,2.0,2.0,3.0,3.0,1.0,0.0,0.0,0.0,0.0,1.0,0.0,0.0,0.0,0.0,0.0,0.0,0.0,1.0,0.0,0.0,0.0,0.0,1.0,0.0,1,2,11.842229212112828
7,1389,240,651,1,0.0,2,0,60.0,0,682,0,1,63,17,3.0,3.0,3.0,4.0,1.0,1.0,1.0,2.0,3.0,1.0,0.0,0.0,0.0,0.0,0.0,0.0,0.0,0.0,1.0,0.0,0.0,0.0,0.0,1.0,0.0,0.0,0.0,1.0,0.0,1,1,11.813030057420567
7,1644,569,1518,2,145.0,1,1518,66.5,80,0,0,0,20,20,4.0,4.0,4.0,4.0,4.0,6.0,3.0,3.0,3.0,0.0,1.0,0.0,0.0,0.0,1.0,0.0,0.0,0.0,0.0,0.0,0.0,0.0,1.0,0.0,0.0,0.0,0.0,1.0,0.0,1,3,12.524526376648708
4,907,352,907,1,0.0,0,288,77.0,0,0,0,0,51,51,3.0,3.0,3.0,5.0,1.0,3.0,1.0,3.0,2.0,1.0,0.0,0.0,0.0,0.0,0.0,0.0,0.0,0.0,1.0,0.0,0.0,0.0,1.0,0.0,0.0,0.0,0.0,1.0,0.0,1,2,11.59917655301345
7,1208,628,1208,2,108.0,0,664,64.0,105,0,54,0,0,0,4.0,4.0,4.0,5.0,1.0,6.0,2.0,3.0,3.0,0.0,1.0,0.0,0.0,0.0,1.0,0.0,0.0,0.0,0.0,0.0,0.0,0.0,1.0,0.0,0.0,0.0,0.0,0.0,1.0,1,3,12.182804018590819
6,1412,576,1392,2,0.0,1,1005,130.0,0,0,0,0,21,21,3.0,4.0,4.0,3.0,2.0,6.0,1.0,3.0,2.0,1.0,0.0,0.0,0.0,0.0,1.0,0.0,0.0,0.0,0.0,0.0,0.0,0.0,1.0,0.0,0.0,0.0,0.0,1.0,0.0,1,4,12.072541252905651
6,987,264,483,1,232.0,0,387,21.0,0,504,0,1,37,37,3.0,3.0,3.0,3.0,1.0,5.0,1.0,3.0,3.0,1.0,0.0,0.0,0.0,0.0,0.0,0.0,0.0,0.0,1.0,0.0,0.0,0.0,0.0,1.0,0.0,0.0,0.0,0.0,0.0,1,1,11.355101379776661
6,1198,0,901,1,0.0,0,0,60.0,0,110,98,0,88,10,3.0,3.0,3.0,4.0,1.0,1.0,0.0,1.0,2.0,0.0,0.0,0.0,0.0,0.0,0.0,0.0,0.0,0.0,0.0,1.0,0.0,0.0,0.0,1.0,0.0,0.0,0.0,0.0,0.0,1,1,11.288531131754366
5,1365,440,765,1,376.0,0,471,24.0,240,600,36,1,36,36,3.0,3.0,3.0,5.0,1.0,5.0,1.0,3.0,3.0,1.0,0.0,0.0,0.0,0.0,0.0,0.0,0.0,0.0,1.0,0.0,0.0,0.0,0.0,1.0,0.0,0.0,0.0,1.0,0.0,1,1,11.715866308966918
6,1604,470,926,2,0.0,1,0,100.0,0,678,36,1,11,10,3.0,3.0,4.0,5.0,1.0,1.0,3.0,3.0,2.0,0.0,1.0,0.0,0.0,0.0,1.0,0.0,0.0,0.0,0.0,0.0,0.0,0.0,1.0,0.0,0.0,0.0,0.0,1.0,0.0,1,3,12.106252310247962
4,630,0,630,1,0.0,0,495,21.0,88,0,0,0,36,36,3.0,3.0,4.0,4.0,3.0,5.0,0.0,3.0,3.0,1.0,0.0,0.0,0.0,0.0,0.0,0.0,0.0,0.0,0.0,1.0,0.0,0.0,0.0,1.0,0.0,0.0,0.0,1.0,0.0,1,1,11.302204433654575
7,1661,550,799,2,0.0,1,385,43.0,158,834,61,1,13,13,4.0,4.0,4.0,5.0,3.0,6.0,2.0,3.0,1.0,0.0,1.0,0.0,0.0,0.0,1.0,0.0,0.0,0.0,0.0,0.0,0.0,0.0,1.0,0.0,0.0,0.0,0.0,1.0,0.0,1,3,12.26434155365415
6,1118,440,648,1,0.0,0,0,40.0,0,384,0,0,86,56,3.0,3.0,2.0,3.0,1.0,1.0,1.0,3.0,3.0,0.0,0.0,0.0,0.0,0.0,0.0,0.0,0.0,0.0,1.0,0.0,0.0,0.0,0.0,1.0,0.0,0.0,0.0,1.0,0.0,1,1,11.661345470088502
6,904,180,884,1,0.0,0,0,50.0,0,0,0,0,83,5,4.0,3.0,3.0,4.0,1.0,1.0,1.0,3.0,3.0,0.0,1.0,0.0,0.0,0.0,0.0,0.0,0.0,0.0,1.0,0.0,0.0,0.0,0.0,1.0,0.0,0.0,0.0,1.0,0.0,1,1,11.686878772093667
5,694,352,440,1,0.0,1,365,40.0,0,0,0,0,94,5,3.0,4.0,3.0,3.0,1.0,2.0,1.0,2.0,3.0,0.0,1.0,0.0,0.0,0.0,0.0,0.0,0.0,0.0,1.0,0.0,0.0,0.0,1.0,0.0,0.0,0.0,0.0,1.0,0.0,0,4,11.411446296020374
6,1196,528,684,1,0.0,0,0,67.0,0,512,46,0,89,9,3.0,4.0,3.0,4.0,2.0,1.0,1.0,3.0,3.0,0.0,0.0,0.0,0.0,0.0,0.0,0.0,0.0,0.0,1.0,0.0,0.0,0.0,1.0,0.0,0.0,0.0,0.0,1.0,0.0,1,1,11.608235644774552
10,2402,672,3094,2,200.0,2,1767,105.0,0,0,72,0,1,1,5.0,5.0,5.0,5.0,4.0,6.0,3.0,3.0,3.0,0.0,1.0,0.0,0.0,0.0,1.0,0.0,0.0,0.0,0.0,0.0,0.0,0.0,1.0,0.0,0.0,0.0,0.0,1.0,0.0,1,5,13.226723392728571
4,1440,0,1440,2,270.0,0,133,92.0,0,0,0,0,53,53,3.0,2.0,3.0,3.0,1.0,5.0,0.0,3.0,3.0,1.0,0.0,0.0,0.0,0.0,0.0,0.0,0.0,0.0,0.0,1.0,0.0,0.0,1.0,0.0,0.0,0.0,0.0,1.0,0.0,0,1,11.678439903447801
5,1573,360,1078,2,0.0,1,0,52.0,0,445,0,0,78,16,3.0,3.0,3.0,3.0,1.0,1.0,1.0,2.0,3.0,0.0,1.0,0.0,0.0,0.0,0.0,0.0,0.0,0.0,1.0,0.0,0.0,0.0,0.0,1.0,0.0,0.0,0.0,1.0,0.0,1,1,12.000891794590137
7,1258,648,1258,2,72.0,1,0,53.0,144,0,16,0,1,0,4.0,4.0,5.0,5.0,3.0,1.0,3.0,3.0,3.0,0.0,1.0,0.0,0.0,0.0,1.0,0.0,0.0,0.0,0.0,0.0,0.0,0.0,1.0,0.0,0.0,0.0,0.0,0.0,1.0,1,3,12.058152515453552
7,1908,493,915,2,0.0,1,642,70.0,144,975,133,1,14,13,4.0,4.0,4.0,5.0,1.0,6.0,1.0,3.0,3.0,0.0,1.0,0.0,0.0,0.0,1.0,0.0,0.0,0.0,0.0,0.0,0.0,0.0,1.0,0.0,0.0,0.0,0.0,1.0,0.0,1,3,12.254862809699606
6,1689,480,1436,1,0.0,1,0,73.0,0,0,0,0,53,53,3.0,3.0,3.0,2.0,1.0,1.0,1.0,3.0,3.0,1.0,0.0,0.0,0.0,0.0,1.0,0.0,0.0,0.0,0.0,0.0,0.0,0.0,1.0,0.0,0.0,0.0,0.0,1.0,0.0,1,1,11.755871643580617
6,1888,578,1517,2,0.0,1,247,137.0,0,0,0,1,44,8,4.0,4.0,3.0,5.0,1.0,5.0,3.0,3.0,2.0,1.0,0.0,0.0,0.0,0.0,1.0,0.0,0.0,0.0,0.0,0.0,0.0,0.0,1.0,0.0,0.0,0.0,0.0,1.0,0.0,1,2,12.154779351142624
7,1886,431,930,2,0.0,1,0,65.0,89,930,0,1,8,7,4.0,4.0,4.0,4.0,1.0,1.0,3.0,3.0,2.0,0.0,1.0,0.0,0.0,0.0,1.0,0.0,0.0,0.0,0.0,0.0,0.0,0.0,1.0,0.0,0.0,0.0,0.0,1.0,0.0,1,3,12.205572520488492
6,1376,198,780,2,0.0,1,0,50.0,0,596,0,0,69,56,3.0,3.0,3.0,3.0,1.0,1.0,1.0,1.0,3.0,0.0,0.0,0.0,0.0,0.0,0.0,0.0,0.0,0.0,1.0,0.0,0.0,0.0,0.0,1.0,0.0,0.0,0.0,1.0,0.0,1,1,11.691071650353702
3,1183,308,649,1,0.0,0,331,50.0,0,504,176,1,59,5,3.0,3.0,3.0,5.0,1.0,5.0,1.0,3.0,3.0,1.0,0.0,0.0,0.0,0.0,0.0,0.0,0.0,0.0,1.0,0.0,0.0,0.0,0.0,1.0,0.0,0.0,0.0,1.0,0.0,1,1,11.695247021764184
6,813,270,813,1,0.0,0,0,70.0,0,0,113,0,76,1,3.0,4.0,3.0,5.0,1.0,1.0,1.0,1.0,3.0,0.0,0.0,0.0,0.0,0.0,0.0,0.0,0.0,0.0,1.0,0.0,0.0,0.0,0.0,1.0,0.0,0.0,0.0,1.0,0.0,1,1,11.608235644774552
7,1533,576,1533,2,0.0,2,655,62.0,200,0,54,0,31,31,3.0,4.0,4.0,3.0,4.0,5.0,1.0,3.0,2.0,1.0,0.0,0.0,0.0,0.0,1.0,0.0,0.0,0.0,0.0,0.0,0.0,0.0,1.0,0.0,0.0,0.0,0.0,1.0,0.0,1,4,12.542544882151386
6,1756,422,872,2,42.0,0,742,85.0,144,868,122,1,11,10,4.0,3.0,5.0,5.0,1.0,5.0,3.0,3.0,2.0,0.0,1.0,0.0,0.0,0.0,1.0,0.0,0.0,0.0,0.0,0.0,0.0,0.0,1.0,0.0,0.0,0.0,0.0,1.0,0.0,1,4,12.225875272826354
8,1590,676,768,2,0.0,0,0,75.0,0,804,30,1,1,1,4.0,4.0,4.0,5.0,1.0,1.0,2.0,3.0,3.0,0.0,1.0,0.0,0.0,0.0,1.0,0.0,0.0,0.0,0.0,0.0,1.0,0.0,0.0,0.0,0.0,0.0,0.0,1.0,0.0,1,4,12.254862809699606
5,1728,560,1728,2,0.0,0,1606,63.0,0,0,0,0,30,30,3.0,3.0,3.0,3.0,1.0,5.0,1.0,3.0,3.0,1.0,0.0,0.0,0.0,0.0,0.0,0.0,0.0,0.0,1.0,0.0,0.0,0.0,1.0,0.0,0.0,0.0,1.0,0.0,0.0,1,2,12.144197241812087
7,1242,528,1242,1,320.0,1,916,80.0,0,0,0,1,34,34,3.0,3.0,3.0,2.0,1.0,5.0,1.0,3.0,3.0,1.0,0.0,0.0,0.0,0.0,1.0,0.0,0.0,0.0,0.0,0.0,0.0,0.0,1.0,0.0,0.0,0.0,0.0,1.0,0.0,1,3,12.075394321888057
5,1344,513,624,1,0.0,0,0,34.0,0,720,0,0,92,58,3.0,3.0,3.0,2.0,1.0,1.0,1.0,3.0,3.0,0.0,0.0,0.0,0.0,0.0,0.0,0.0,0.0,0.0,1.0,0.0,0.0,0.0,0.0,1.0,0.0,0.0,0.0,0.0,0.0,0,1,11.49272275765271
4,1663,529,1364,1,0.0,2,1116,80.0,224,0,137,0,54,14,3.0,4.0,4.0,5.0,4.0,4.0,3.0,3.0,2.0,1.0,0.0,0.0,0.0,0.0,1.0,0.0,0.0,0.0,0.0,0.0,0.0,0.0,1.0,0.0,0.0,0.0,0.0,1.0,0.0,1,4,12.4529327234617
8,1666,228,588,1,0.0,1,0,60.0,192,833,63,0,83,12,3.0,4.0,3.0,2.0,1.0,1.0,1.0,3.0,3.0,0.0,1.0,0.0,0.0,0.0,0.0,0.0,0.0,0.0,1.0,0.0,0.0,0.0,0.0,1.0,0.0,0.0,0.0,1.0,0.0,1,1,11.9891596439666
5,1203,352,709,1,161.0,1,185,52.0,0,224,0,0,59,59,3.0,4.0,3.0,3.0,1.0,2.0,1.0,3.0,2.0,1.0,0.0,0.0,0.0,0.0,0.0,0.0,0.0,0.0,1.0,0.0,0.0,0.0,1.0,0.0,0.0,0.0,0.0,1.0,0.0,1,1,11.608235644774552
8,1935,552,832,2,110.0,0,544,75.0,0,1103,150,1,0,0,4.0,3.0,4.0,5.0,1.0,6.0,3.0,3.0,2.0,0.0,1.0,0.0,0.0,0.0,0.0,0.0,1.0,0.0,0.0,0.0,1.0,0.0,0.0,0.0,0.0,0.0,0.0,0.0,1.0,1,4,12.481561937216318
7,1135,576,560,1,0.0,0,350,60.0,256,560,0,0,73,2,4.0,4.0,4.0,5.0,1.0,5.0,2.0,3.0,3.0,0.0,1.0,0.0,0.0,0.0,0.0,0.0,0.0,0.0,1.0,0.0,0.0,0.0,1.0,0.0,0.0,0.0,0.0,1.0,0.0,1,2,11.951180395901384
5,864,360,864,1,0.0,1,553,60.0,0,0,0,0,44,44,3.0,3.0,3.0,4.0,1.0,3.0,1.0,3.0,2.0,1.0,0.0,0.0,0.0,0.0,0.0,0.0,0.0,0.0,1.0,0.0,0.0,0.0,1.0,0.0,0.0,0.0,0.0,1.0,0.0,1,2,11.041048081342682
6,1660,240,715,1,0.0,1,326,74.0,0,811,0,1,74,13,3.0,3.0,3.0,2.0,1.0,2.0,1.0,3.0,2.0,1.0,0.0,0.0,0.0,0.0,0.0,0.0,0.0,0.0,1.0,0.0,0.0,0.0,1.0,0.0,0.0,0.0,0.0,1.0,0.0,1,4,12.147913731356642
5,1040,0,1040,2,136.0,0,616,60.0,0,0,0,0,31,31,3.0,3.0,4.0,3.0,1.0,3.0,0.0,3.0,3.0,1.0,0.0,0.0,0.0,0.0,0.0,0.0,0.0,0.0,0.0,1.0,0.0,0.0,1.0,0.0,0.0,0.0,0.0,1.0,0.0,1,3,11.728036844587175
7,1414,398,1375,2,18.0,1,0,43.0,144,0,20,0,2,2,4.0,4.0,4.0,5.0,1.0,1.0,3.0,3.0,3.0,0.0,1.0,0.0,0.0,0.0,1.0,0.0,0.0,0.0,0.0,0.0,0.0,0.0,0.0,1.0,0.0,0.0,0.0,1.0,0.0,1,3,12.093687514935382
7,1277,526,1277,1,0.0,1,778,85.0,0,0,0,0,37,37,3.0,3.0,3.0,3.0,4.0,6.0,1.0,3.0,3.0,1.0,0.0,0.0,0.0,0.0,1.0,0.0,0.0,0.0,0.0,0.0,0.0,0.0,1.0,0.0,0.0,0.0,0.0,1.0,0.0,1,2,12.025749091398891
5,1644,312,728,1,224.0,2,386,79.0,168,756,0,1,65,12,3.0,4.0,3.0,5.0,1.0,2.0,1.0,3.0,3.0,1.0,0.0,0.0,0.0,0.0,1.0,0.0,0.0,0.0,0.0,0.0,0.0,0.0,1.0,0.0,0.0,0.0,0.0,1.0,0.0,1,2,11.894780707439258
8,1634,866,1626,2,248.0,1,0,98.0,0,0,44,0,1,1,4.0,4.0,4.0,5.0,1.0,1.0,2.0,3.0,2.0,0.0,1.0,0.0,0.0,0.0,1.0,0.0,0.0,0.0,0.0,0.0,0.0,0.0,1.0,0.0,0.0,0.0,0.0,1.0,0.0,1,5,12.429216196844383
6,1710,506,832,2,120.0,0,426,76.0,144,878,70,1,15,15,4.0,4.0,4.0,5.0,1.0,6.0,2.0,3.0,2.0,0.0,1.0,0.0,0.0,0.0,1.0,0.0,0.0,0.0,0.0,0.0,0.0,0.0,1.0,0.0,0.0,0.0,0.0,1.0,0.0,1,3,12.138863895836725
8,1502,528,1488,1,0.0,0,368,61.5,0,0,54,1,25,25,4.0,4.0,4.0,3.0,3.0,6.0,2.0,3.0,2.0,0.0,1.0,0.0,0.0,0.0,1.0,0.0,0.0,0.0,0.0,0.0,0.0,0.0,1.0,0.0,0.0,0.0,0.0,1.0,0.0,1,5,12.26434155365415
7,1969,534,808,2,0.0,1,0,92.0,0,808,0,1,30,30,3.0,3.0,4.0,3.0,1.0,1.0,2.0,3.0,3.0,1.0,0.0,0.0,0.0,0.0,1.0,0.0,0.0,0.0,0.0,0.0,0.0,0.0,1.0,0.0,0.0,0.0,0.0,1.0,0.0,1,3,12.154779351142624
6,1072,525,547,1,80.0,0,459,35.0,0,0,28,0,3,3,3.0,3.0,4.0,5.0,4.0,6.0,2.0,3.0,3.0,0.0,1.0,0.0,0.0,0.0,0.0,1.0,0.0,0.0,0.0,0.0,0.0,0.0,0.0,1.0,0.0,0.0,0.0,1.0,0.0,1,1,11.904967552746252
8,1976,908,1976,2,304.0,1,1350,110.0,250,0,63,0,1,0,4.0,4.0,5.0,5.0,4.0,6.0,2.0,3.0,2.0,0.0,1.0,0.0,0.0,0.0,1.0,0.0,0.0,0.0,0.0,0.0,0.0,0.0,1.0,0.0,0.0,0.0,0.0,0.0,1.0,1,5,12.994530005894443
8,1652,499,1494,2,0.0,0,1196,41.0,96,0,48,0,7,7,4.0,5.0,4.0,5.0,3.0,6.0,2.0,3.0,3.0,0.0,1.0,0.0,0.0,0.0,1.0,0.0,0.0,0.0,0.0,0.0,0.0,0.0,1.0,0.0,0.0,0.0,0.0,1.0,0.0,1,5,12.43320821811392
5,970,624,970,1,0.0,0,630,80.0,0,0,24,0,44,44,3.0,3.0,3.0,3.0,1.0,6.0,1.0,3.0,3.0,1.0,0.0,0.0,0.0,0.0,0.0,0.0,0.0,0.0,1.0,0.0,0.0,0.0,1.0,0.0,0.0,0.0,0.0,1.0,0.0,1,2,11.794337924408413
6,1493,508,1478,2,215.0,1,994,75.0,140,0,39,0,11,10,3.0,4.0,4.0,5.0,4.0,6.0,3.0,3.0,3.0,0.0,1.0,0.0,0.0,0.0,1.0,0.0,0.0,0.0,0.0,0.0,0.0,0.0,1.0,0.0,0.0,0.0,0.0,1.0,0.0,1,3,12.249610947544657
9,2643,694,2153,2,772.0,1,0,105.0,414,574,84,1,1,1,5.0,5.0,4.0,5.0,3.0,1.0,3.0,3.0,3.0,0.0,1.0,0.0,0.0,0.0,0.0,0.0,1.0,0.0,0.0,0.0,0.0,0.0,1.0,0.0,0.0,0.0,0.0,1.0,0.0,1,5,12.84792653170257
8,1718,826,1705,2,336.0,1,1288,79.0,208,0,44,0,2,1,4.0,4.0,5.0,5.0,4.0,6.0,2.0,3.0,3.0,0.0,1.0,0.0,0.0,0.0,1.0,0.0,0.0,0.0,0.0,0.0,0.0,0.0,1.0,0.0,0.0,0.0,0.0,1.0,0.0,1,3,12.601487417784837
4,1131,672,907,1,435.0,0,168,50.0,0,0,72,0,70,7,3.0,3.0,2.0,3.0,1.0,3.0,1.0,3.0,3.0,0.0,0.0,0.0,0.0,0.0,0.0,0.0,0.0,0.0,1.0,0.0,0.0,0.0,0.0,1.0,0.0,1.0,0.0,0.0,0.0,1,1,11.401669829409995
9,1850,772,1833,2,378.0,1,1261,98.0,519,0,112,0,2,1,4.0,4.0,5.0,5.0,4.0,6.0,3.0,3.0,2.0,0.0,1.0,0.0,0.0,0.0,1.0,0.0,0.0,0.0,0.0,0.0,0.0,0.0,1.0,0.0,0.0,0.0,0.0,1.0,0.0,1,5,12.694652660348845
9,1792,874,1792,2,562.0,1,1567,72.0,206,0,49,0,3,2,4.0,5.0,5.0,5.0,4.0,6.0,3.0,3.0,2.0,0.0,1.0,0.0,0.0,0.0,1.0,0.0,0.0,0.0,0.0,0.0,0.0,0.0,1.0,0.0,0.0,0.0,0.0,1.0,0.0,1,5,12.832011076396668
7,1826,164,910,1,0.0,1,299,50.0,0,910,0,1,94,4,4.0,5.0,3.0,5.0,1.0,5.0,1.0,3.0,3.0,0.0,1.0,0.0,0.0,0.0,1.0,0.0,0.0,0.0,0.0,0.0,0.0,0.0,0.0,1.0,0.0,0.0,0.0,1.0,0.0,1,1,11.951180395901384
6,1216,402,1216,2,116.0,0,897,32.0,0,0,125,0,8,8,3.0,3.0,5.0,5.0,1.0,6.0,1.0,3.0,3.0,0.0,1.0,0.0,0.0,0.0,1.0,0.0,0.0,0.0,0.0,0.0,0.0,0.0,0.0,1.0,0.0,0.0,0.0,1.0,0.0,1,2,12.007621706806335
5,999,264,999,1,0.0,0,588,71.0,0,0,132,0,45,6,3.0,4.0,3.0,4.0,1.0,5.0,1.0,3.0,2.0,1.0,0.0,0.0,0.0,0.0,0.0,0.0,0.0,0.0,1.0,0.0,0.0,0.0,1.0,0.0,0.0,0.0,0.0,1.0,0.0,1,2,11.794337924408413
5,1113,264,1113,1,0.0,1,607,80.0,0,0,80,0,59,2,4.0,4.0,3.0,4.0,1.0,5.0,1.0,3.0,3.0,1.0,0.0,0.0,0.0,0.0,1.0,0.0,0.0,0.0,0.0,0.0,0.0,0.0,1.0,0.0,0.0,0.0,0.0,1.0,0.0,1,2,11.898187865760873
5,1073,515,1073,1,168.0,0,836,79.0,0,0,0,1,42,42,3.0,3.0,3.0,3.0,1.0,5.0,2.0,3.0,3.0,1.0,0.0,0.0,0.0,0.0,1.0,0.0,0.0,0.0,0.0,0.0,0.0,0.0,1.0,0.0,0.0,0.0,0.0,1.0,0.0,1,2,11.957611286231675
5,1484,487,1484,2,0.0,1,998,70.0,224,0,0,0,36,36,3.0,3.0,4.0,4.0,3.0,5.0,1.0,3.0,2.0,1.0,0.0,0.0,0.0,0.0,1.0,0.0,0.0,0.0,0.0,0.0,0.0,0.0,1.0,0.0,0.0,0.0,0.0,1.0,0.0,1,3,12.072541252905651
5,2414,520,954,2,0.0,1,664,60.0,142,648,0,0,106,36,3.0,3.0,3.0,3.0,1.0,4.0,1.0,1.0,3.0,1.0,0.0,0.0,0.0,0.0,1.0,0.0,0.0,0.0,0.0,0.0,0.0,0.0,1.0,0.0,0.0,0.0,0.0,1.0,0.0,0,1,11.982929094215963
4,630,286,630,1,0.0,0,515,21.0,0,0,0,0,39,7,3.0,4.0,4.0,3.0,3.0,6.0,1.0,3.0,3.0,1.0,0.0,0.0,0.0,0.0,1.0,0.0,0.0,0.0,0.0,0.0,0.0,0.0,0.0,1.0,0.0,0.0,0.0,1.0,0.0,1,1,11.362102575235644
5,1304,336,264,1,0.0,1,0,21.0,141,688,24,1,32,32,3.0,3.0,4.0,3.0,2.0,1.0,3.0,3.0,3.0,0.0,1.0,0.0,0.0,0.0,0.0,0.0,1.0,0.0,0.0,0.0,0.0,0.0,0.0,1.0,0.0,0.0,0.0,1.0,0.0,1,1,11.652687407345388
6,1578,240,806,1,0.0,2,403,79.0,0,620,0,0,65,56,3.0,2.0,3.0,3.0,1.0,4.0,1.0,3.0,3.0,1.0,0.0,0.0,0.0,0.0,1.0,0.0,0.0,0.0,0.0,0.0,0.0,0.0,1.0,0.0,0.0,0.0,0.0,1.0,0.0,1,2,11.79810440720389
6,1456,429,728,2,0.0,0,0,105.0,0,728,0,1,0,0,4.0,3.0,4.0,4.0,1.0,1.0,2.0,3.0,2.0,0.0,1.0,0.0,0.0,0.0,1.0,0.0,0.0,0.0,0.0,0.0,0.0,0.0,1.0,0.0,0.0,0.0,0.0,0.0,1.0,1,3,12.059803326028716
5,1269,308,1269,1,0.0,1,374,70.0,0,0,0,1,48,48,3.0,3.0,3.0,3.0,1.0,4.0,1.0,3.0,3.0,1.0,0.0,0.0,0.0,0.0,0.0,0.0,0.0,0.0,1.0,0.0,0.0,0.0,1.0,0.0,0.0,0.0,0.0,1.0,0.0,1,2,11.951180395901384
5,886,273,190,1,0.0,0,0,50.0,144,0,20,0,71,13,3.0,3.0,2.0,4.0,1.0,1.0,1.0,3.0,3.0,0.0,0.0,0.0,0.0,0.0,1.0,0.0,0.0,0.0,0.0,0.0,0.0,0.0,0.0,1.0,0.0,0.0,0.0,1.0,0.0,1,1,11.421906066583059
4,720,0,720,1,0.0,0,495,60.0,0,0,523,0,89,59,3.0,3.0,3.0,3.0,1.0,3.0,0.0,1.0,3.0,1.0,0.0,0.0,0.0,0.0,0.0,0.0,0.0,0.0,0.0,1.0,0.0,0.0,0.0,0.0,0.0,0.0,0.0,0.0,0.0,0,1,10.460242108190519
8,3228,546,3200,3,0.0,1,1231,91.0,264,0,75,0,15,14,4.0,4.0,4.0,5.0,1.0,6.0,2.0,3.0,2.0,0.0,1.0,0.0,0.0,0.0,1.0,0.0,0.0,0.0,0.0,0.0,0.0,0.0,1.0,0.0,0.0,0.0,0.0,1.0,0.0,1,5,12.971540487669746
7,1820,240,1026,2,0.0,0,329,60.0,0,687,100,0,83,58,3.0,3.0,3.0,5.0,1.0,3.0,1.0,1.0,3.0,0.0,1.0,0.0,0.0,0.0,0.0,0.0,0.0,0.0,1.0,0.0,0.0,0.0,1.0,0.0,0.0,0.0,0.0,1.0,0.0,1,1,12.122691036591123
5,899,288,864,1,89.0,0,450,65.0,64,0,0,0,42,5,3.0,4.0,3.0,5.0,1.0,5.0,3.0,3.0,3.0,0.0,1.0,0.0,0.0,0.0,1.0,0.0,0.0,0.0,0.0,0.0,0.0,0.0,1.0,0.0,0.0,0.0,0.0,1.0,0.0,1,2,11.77528972943772
5,912,297,912,1,0.0,0,111,70.0,12,0,285,0,49,22,3.0,3.0,3.0,2.0,1.0,4.0,3.0,3.0,2.0,1.0,0.0,0.0,0.0,0.0,1.0,0.0,0.0,0.0,0.0,0.0,0.0,0.0,1.0,0.0,0.0,0.0,0.0,1.0,0.0,1,2,11.695247021764184
6,1218,264,672,1,285.0,0,356,21.0,144,546,28,1,34,34,3.0,3.0,3.0,3.0,1.0,4.0,1.0,3.0,3.0,1.0,0.0,0.0,0.0,0.0,0.0,0.0,0.0,0.0,1.0,0.0,0.0,0.0,0.0,1.0,0.0,0.0,0.0,1.0,0.0,1,1,11.635143097694478
7,1768,603,866,2,0.0,0,400,75.0,0,902,108,1,3,3,4.0,4.0,4.0,4.0,1.0,6.0,2.0,3.0,3.0,0.0,1.0,0.0,0.0,0.0,1.0,0.0,0.0,0.0,0.0,0.0,1.0,0.0,0.0,0.0,0.0,0.0,0.0,1.0,0.0,1,4,12.33138283649562
5,1214,461,1214,1,0.0,0,698,70.0,0,0,0,0,42,42,3.0,3.0,3.0,5.0,1.0,5.0,1.0,3.0,3.0,1.0,0.0,0.0,0.0,0.0,0.0,0.0,0.0,0.0,1.0,0.0,0.0,0.0,1.0,0.0,0.0,0.0,0.0,1.0,0.0,1,1,11.84939770159144
7,1801,484,1501,2,0.0,2,1247,100.0,0,0,54,0,51,13,3.0,3.0,3.0,3.0,1.0,5.0,3.0,3.0,2.0,1.0,0.0,0.0,0.0,0.0,1.0,0.0,0.0,0.0,0.0,0.0,0.0,0.0,1.0,0.0,0.0,0.0,0.0,1.0,0.0,1,4,12.57418196709457
6,1322,440,855,2,0.0,1,257,24.0,260,467,0,1,35,35,3.0,3.0,3.0,3.0,1.0,5.0,1.0,3.0,3.0,1.0,0.0,0.0,0.0,0.0,1.0,0.0,0.0,0.0,0.0,0.0,0.0,0.0,1.0,0.0,0.0,0.0,0.0,1.0,0.0,1,2,11.898187865760873
5,1960,400,960,2,360.0,0,0,60.0,0,1000,0,0,57,57,3.0,3.0,3.0,4.0,1.0,1.0,1.0,1.0,3.0,1.0,0.0,0.0,0.0,0.0,0.0,0.0,0.0,0.0,1.0,0.0,0.0,0.0,0.0,1.0,0.0,0.0,0.0,1.0,0.0,1,1,11.732060994886899
8,1911,471,777,2,125.0,1,380,80.0,182,846,81,1,13,12,4.0,4.0,4.0,5.0,1.0,6.0,2.0,3.0,2.0,0.0,1.0,0.0,0.0,0.0,1.0,0.0,0.0,0.0,0.0,0.0,0.0,0.0,1.0,0.0,0.0,0.0,0.0,1.0,0.0,1,3,12.2783933071098
6,1218,676,1218,2,0.0,0,27,75.0,0,0,102,0,0,0,4.0,4.0,4.0,5.0,1.0,6.0,3.0,3.0,2.0,0.0,1.0,0.0,0.0,0.0,1.0,0.0,0.0,0.0,0.0,0.0,1.0,0.0,0.0,0.0,0.0,0.0,0.0,0.0,1.0,1,4,12.246734627249063
7,1378,360,689,2,0.0,1,141,60.0,0,689,0,0,80,3,3.0,4.0,3.0,5.0,1.0,3.0,1.0,1.0,3.0,0.0,0.0,0.0,0.0,0.0,0.0,0.0,0.0,0.0,1.0,0.0,0.0,0.0,0.0,1.0,0.0,0.0,0.0,1.0,0.0,1,1,11.9891596439666
5,1041,270,1041,1,132.0,0,991,80.0,224,0,88,0,50,50,3.0,3.0,3.0,5.0,1.0,5.0,2.0,3.0,3.0,1.0,0.0,0.0,0.0,0.0,1.0,0.0,0.0,0.0,0.0,0.0,0.0,0.0,1.0,0.0,0.0,0.0,0.0,1.0,0.0,1,2,11.732060994886899
5,1363,288,1008,1,70.0,2,650,75.0,324,0,42,0,58,9,4.0,3.0,3.0,5.0,1.0,4.0,1.0,3.0,3.0,1.0,0.0,0.0,0.0,0.0,0.0,0.0,0.0,1.0,0.0,0.0,0.0,0.0,1.0,0.0,0.0,0.0,0.0,1.0,0.0,1,2,12.01309450854769
7,1368,474,1368,2,94.0,1,0,40.0,132,0,35,0,1,0,4.0,4.0,4.0,5.0,1.0,1.0,2.0,3.0,2.0,0.0,1.0,0.0,0.0,0.0,1.0,0.0,0.0,0.0,0.0,0.0,0.0,0.0,1.0,0.0,0.0,0.0,0.0,0.0,1.0,1,5,12.219309648562168
5,864,624,864,1,0.0,0,521,70.0,0,0,0,0,48,48,3.0,3.0,3.0,3.0,1.0,4.0,1.0,3.0,3.0,1.0,0.0,0.0,0.0,0.0,0.0,0.0,0.0,0.0,1.0,0.0,0.0,0.0,1.0,0.0,0.0,0.0,0.0,1.0,0.0,1,2,11.77452020265869
6,1080,484,1084,1,0.0,0,336,71.0,120,0,0,1,24,24,3.0,3.0,3.0,3.0,1.0,5.0,1.0,3.0,3.0,0.0,1.0,0.0,0.0,0.0,1.0,0.0,0.0,0.0,0.0,0.0,0.0,0.0,1.0,0.0,0.0,0.0,0.0,1.0,0.0,1,2,11.805595078933049
5,789,200,768,1,0.0,0,0,55.0,0,0,0,0,81,57,3.0,3.0,3.0,2.0,1.0,1.0,1.0,3.0,3.0,0.0,0.0,0.0,0.0,0.0,0.0,0.0,0.0,0.0,1.0,0.0,0.0,0.0,1.0,0.0,0.0,0.0,0.0,1.0,0.0,0,4,11.477298287327077
10,2020,900,2006,2,305.0,1,1436,94.0,156,0,54,1,0,0,5.0,5.0,5.0,5.0,1.0,6.0,3.0,3.0,3.0,1.0,0.0,0.0,0.0,0.0,1.0,0.0,0.0,0.0,0.0,0.0,0.0,0.0,1.0,0.0,0.0,0.0,0.0,0.0,1.0,1,5,12.906346868281233
6,2119,583,689,2,333.0,1,0,80.0,0,741,104,1,37,37,3.0,3.0,3.0,3.0,1.0,1.0,2.0,3.0,2.0,1.0,0.0,0.0,0.0,0.0,1.0,0.0,0.0,0.0,0.0,0.0,0.0,0.0,1.0,0.0,0.0,0.0,0.0,0.0,0.0,1,3,11.970350312009105
7,2344,889,1264,2,921.0,1,0,79.0,220,1067,0,1,13,12,4.0,4.0,4.0,5.0,1.0,1.0,2.0,3.0,2.0,0.0,1.0,0.0,0.0,0.0,1.0,0.0,0.0,0.0,0.0,0.0,0.0,0.0,1.0,0.0,0.0,0.0,0.0,1.0,0.0,1,5,12.487485104968359
6,1796,546,794,2,0.0,0,706,70.0,0,914,36,1,9,9,3.0,3.0,4.0,5.0,2.0,6.0,2.0,3.0,2.0,0.0,1.0,0.0,0.0,0.0,1.0,0.0,0.0,0.0,0.0,0.0,0.0,0.0,1.0,0.0,0.0,0.0,0.0,1.0,0.0,1,3,12.259613412458204
7,2080,282,1276,1,0.0,2,0,53.0,0,804,0,1,83,5,4.0,4.0,4.0,5.0,1.0,1.0,1.0,3.0,3.0,0.0,0.0,0.0,0.0,0.0,0.0,0.0,0.0,0.0,1.0,0.0,0.0,0.0,1.0,0.0,0.0,0.0,0.0,1.0,0.0,1,4,12.363076394339839
4,1294,0,0,2,0.0,0,0,60.0,220,600,114,0,108,8,3.0,3.0,0.0,3.0,0.0,0.0,0.0,1.0,3.0,0.0,0.0,0.0,0.0,0.0,0.0,0.0,0.0,0.0,0.0,1.0,0.0,0.0,1.0,0.0,0.0,0.0,0.0,1.0,0.0,0,1,11.573550086786664
6,1244,336,1244,1,0.0,2,777,90.0,0,0,40,1,50,50,3.0,3.0,3.0,5.0,1.0,3.0,1.0,3.0,2.0,1.0,0.0,0.0,0.0,0.0,1.0,0.0,0.0,0.0,0.0,0.0,0.0,0.0,1.0,0.0,0.0,0.0,0.0,1.0,0.0,1,2,11.918390573078392
6,1664,420,1004,2,0.0,2,399,50.0,0,660,24,0,59,56,3.0,3.0,3.0,5.0,1.0,5.0,1.0,3.0,3.0,1.0,0.0,0.0,0.0,0.0,0.0,0.0,0.0,0.0,1.0,0.0,0.0,0.0,0.0,1.0,0.0,0.0,0.0,1.0,0.0,1,1,11.976659481202368
10,4676,884,3138,3,762.0,1,2260,130.0,208,1538,406,1,0,0,5.0,5.0,5.0,5.0,4.0,6.0,3.0,3.0,2.0,0.0,1.0,0.0,0.0,0.0,0.0,0.0,1.0,0.0,0.0,0.0,0.0,0.0,1.0,0.0,0.0,0.0,0.0,0.0,1.0,1,1,12.126758838810447
7,2398,834,1379,2,594.0,1,719,95.0,239,1015,60,1,11,10,4.0,4.0,4.0,5.0,1.0,6.0,3.0,3.0,2.0,0.0,1.0,0.0,0.0,0.0,1.0,0.0,0.0,0.0,0.0,0.0,0.0,0.0,1.0,0.0,0.0,0.0,0.0,1.0,0.0,1,5,12.662706040212738
7,1266,453,1257,2,0.0,1,0,62.0,38,0,144,0,1,1,4.0,4.0,4.0,5.0,1.0,1.0,1.0,3.0,3.0,0.0,1.0,0.0,0.0,0.0,1.0,0.0,0.0,0.0,0.0,0.0,1.0,0.0,0.0,0.0,0.0,0.0,0.0,1.0,0.0,1,4,12.078239274020289
5,928,252,928,1,0.0,0,377,70.0,261,0,0,0,51,7,3.0,3.0,4.0,3.0,1.0,3.0,1.0,3.0,3.0,1.0,0.0,0.0,0.0,0.0,1.0,0.0,0.0,0.0,0.0,0.0,0.0,0.0,1.0,0.0,0.0,0.0,0.0,1.0,0.0,1,2,11.790557201568507
9,2713,858,1452,2,268.0,1,1330,67.0,126,1237,66,1,0,0,5.0,5.0,5.0,5.0,3.0,6.0,3.0,3.0,2.0,0.0,1.0,0.0,0.0,0.0,1.0,0.0,0.0,0.0,0.0,0.0,0.0,0.0,1.0,0.0,0.0,0.0,0.0,0.0,1.0,1,5,13.008659261632127
4,605,0,528,1,0.0,0,348,58.0,0,0,0,0,87,5,3.0,3.0,3.0,5.0,2.0,5.0,0.0,1.0,2.0,0.0,0.0,0.0,0.0,0.0,0.0,0.0,0.0,0.0,0.0,1.0,0.0,0.0,1.0,0.0,0.0,0.0,0.0,1.0,0.0,1,1,11.362102575235644
6,2515,484,2035,3,0.0,2,1219,74.0,0,0,0,0,50,32,4.0,3.0,3.0,3.0,1.0,3.0,2.0,3.0,2.0,0.0,1.0,0.0,0.0,0.0,1.0,0.0,0.0,0.0,0.0,0.0,0.0,0.0,1.0,0.0,0.0,1.0,0.0,0.0,0.0,1,4,12.209187788430318
6,1509,600,1461,2,219.0,1,783,85.0,224,0,0,0,20,19,4.0,4.0,4.0,5.0,3.0,6.0,2.0,3.0,3.0,1.0,0.0,0.0,0.0,0.0,1.0,0.0,0.0,0.0,0.0,0.0,0.0,0.0,1.0,0.0,0.0,0.0,0.0,0.0,0.0,1,4,12.072541252905651
6,1362,502,611,2,0.0,0,0,60.0,0,611,0,0,88,9,3.0,3.0,2.0,5.0,2.0,1.0,3.0,3.0,2.0,0.0,0.0,0.0,0.0,0.0,0.0,0.0,0.0,0.0,1.0,0.0,0.0,0.0,0.0,1.0,0.0,0.0,0.0,1.0,0.0,1,1,11.759785542901755
5,827,392,0,1,0.0,1,0,60.0,0,0,0,0,55,3,3.0,3.0,0.0,5.0,0.0,0.0,1.0,3.0,3.0,0.0,0.0,1.0,0.0,0.0,0.0,0.0,0.0,0.0,1.0,0.0,0.0,0.0,1.0,0.0,0.0,0.0,0.0,1.0,0.0,1,2,11.585246126549855
1,334,0,0,1,0.0,0,0,50.0,0,0,0,0,61,57,2.0,2.0,0.0,2.0,0.0,0.0,0.0,1.0,3.0,0.0,0.0,1.0,0.0,0.0,0.0,0.0,0.0,0.0,0.0,1.0,0.0,0.0,1.0,0.0,0.0,0.0,0.0,1.0,0.0,0,1,10.578979797857352
8,1414,403,707,2,0.0,1,0,74.0,100,707,35,1,2,2,4.0,4.0,5.0,5.0,3.0,1.0,3.0,3.0,2.0,0.0,1.0,0.0,0.0,0.0,1.0,0.0,0.0,0.0,0.0,0.0,0.0,0.0,1.0,0.0,0.0,0.0,0.0,1.0,0.0,1,3,12.089538829274222
5,1347,0,1117,1,0.0,0,969,70.0,85,527,0,0,98,17,3.0,3.0,4.0,3.0,4.0,6.0,0.0,1.0,3.0,1.0,0.0,0.0,0.0,0.0,0.0,0.0,0.0,0.0,0.0,1.0,0.0,0.0,1.0,0.0,0.0,0.0,0.0,1.0,0.0,1,1,11.585246126549855
7,1724,527,880,2,0.0,0,0,57.0,120,844,155,1,10,9,3.0,4.0,4.0,5.0,3.0,1.0,3.0,3.0,2.0,0.0,1.0,0.0,0.0,0.0,1.0,0.0,0.0,0.0,0.0,0.0,0.0,0.0,1.0,0.0,0.0,0.0,0.0,1.0,0.0,1,3,12.144197241812087
4,864,576,864,1,0.0,0,600,73.0,216,0,0,0,36,36,3.0,3.0,3.0,3.0,1.0,4.0,1.0,3.0,2.0,1.0,0.0,0.0,0.0,0.0,0.0,0.0,0.0,0.0,1.0,0.0,0.0,0.0,1.0,0.0,0.0,0.0,0.0,1.0,0.0,1,2,11.619535200028487
5,1159,336,1051,1,188.0,1,673,71.0,466,0,0,1,38,38,3.0,3.0,3.0,3.0,1.0,4.0,1.0,3.0,2.0,1.0,0.0,0.0,0.0,0.0,1.0,0.0,0.0,0.0,0.0,0.0,0.0,0.0,1.0,0.0,0.0,0.0,0.0,1.0,0.0,1,2,11.970350312009105
8,1601,670,1581,2,479.0,1,1358,70.0,180,0,0,0,9,8,4.0,4.0,4.0,5.0,3.0,6.0,2.0,3.0,3.0,0.0,1.0,0.0,0.0,0.0,1.0,0.0,0.0,0.0,0.0,0.0,0.0,0.0,1.0,0.0,0.0,0.0,0.0,1.0,0.0,1,3,12.513557345278134
9,1838,765,1838,2,584.0,1,1260,85.0,270,0,68,0,3,3,5.0,5.0,5.0,5.0,3.0,6.0,3.0,3.0,3.0,0.0,1.0,0.0,0.0,0.0,1.0,0.0,0.0,0.0,0.0,0.0,0.0,0.0,1.0,0.0,0.0,0.0,0.0,1.0,0.0,1,4,12.66032791780777
8,2285,648,969,2,72.0,1,0,91.0,0,1288,56,1,7,7,4.0,4.0,4.0,5.0,1.0,1.0,3.0,3.0,3.0,0.0,1.0,0.0,0.0,0.0,0.0,0.0,1.0,0.0,0.0,0.0,0.0,0.0,1.0,0.0,0.0,0.0,0.0,1.0,0.0,1,5,12.421184025147118
7,1680,583,1650,2,0.0,1,144,78.0,78,0,73,0,11,10,4.0,4.0,5.0,5.0,1.0,2.0,3.0,3.0,3.0,0.0,1.0,0.0,0.0,0.0,1.0,0.0,0.0,0.0,0.0,0.0,0.0,0.0,1.0,0.0,0.0,0.0,0.0,1.0,0.0,1,3,12.270220465353926
7,767,367,723,1,182.0,0,584,34.0,120,0,40,0,9,9,3.0,3.0,4.0,5.0,3.0,6.0,3.0,3.0,3.0,0.0,1.0,0.0,0.0,0.0,1.0,0.0,0.0,0.0,0.0,0.0,0.0,1.0,0.0,0.0,0.0,0.0,0.0,1.0,0.0,1,2,11.79810440720389
7,1496,426,654,2,0.0,1,554,58.0,100,832,24,1,0,0,4.0,4.0,4.0,5.0,3.0,6.0,2.0,3.0,2.0,0.0,1.0,0.0,0.0,0.0,1.0,0.0,0.0,0.0,0.0,0.0,0.0,0.0,1.0,0.0,0.0,0.0,0.0,0.0,1.0,1,3,12.09884928474215
7,2183,786,1204,2,178.0,0,1002,80.0,0,806,0,1,18,18,4.0,4.0,4.0,4.0,1.0,6.0,1.0,3.0,2.0,0.0,1.0,0.0,0.0,0.0,1.0,0.0,0.0,0.0,0.0,0.0,0.0,0.0,1.0,0.0,0.0,0.0,0.0,1.0,0.0,1,3,12.341477282536376
6,1635,440,1065,1,0.0,1,300,70.0,0,720,38,1,84,57,3.0,3.0,4.0,5.0,1.0,3.0,1.0,3.0,2.0,0.0,0.0,0.0,0.0,0.0,0.0,0.0,0.0,0.0,1.0,0.0,0.0,0.0,1.0,0.0,0.0,0.0,0.0,1.0,0.0,1,1,12.254862809699606
5,768,624,768,1,0.0,0,619,54.0,104,0,0,0,37,37,3.0,3.0,4.0,5.0,3.0,5.0,1.0,3.0,3.0,1.0,0.0,0.0,0.0,0.0,0.0,0.0,0.0,0.0,1.0,0.0,0.0,0.0,1.0,0.0,0.0,0.0,0.0,1.0,0.0,1,2,11.771436160121729
5,825,720,825,1,0.0,0,180,49.0,140,0,50,0,53,13,3.0,3.0,3.0,3.0,1.0,2.0,2.0,3.0,2.0,1.0,0.0,0.0,0.0,0.0,0.0,0.0,0.0,0.0,1.0,0.0,0.0,0.0,0.0,1.0,0.0,0.0,0.0,1.0,0.0,1,1,11.736069016284437
7,2094,615,912,2,0.0,1,0,75.0,182,1182,182,1,6,5,4.0,4.0,4.0,5.0,1.0,1.0,3.0,3.0,3.0,0.0,1.0,0.0,0.0,0.0,0.0,0.0,1.0,0.0,0.0,0.0,1.0,0.0,0.0,0.0,0.0,0.0,0.0,1.0,0.0,1,4,12.479909311159902
6,1069,440,1069,2,0.0,0,559,53.0,0,0,55,0,31,31,3.0,3.0,4.0,3.0,1.0,5.0,2.0,3.0,3.0,1.0,0.0,0.0,0.0,0.0,1.0,0.0,0.0,0.0,0.0,0.0,0.0,0.0,1.0,0.0,0.0,0.0,0.0,0.0,0.0,1,2,11.84939770159144
5,928,288,928,1,0.0,0,308,50.0,0,0,0,0,51,51,3.0,3.0,3.0,4.0,1.0,3.0,3.0,3.0,3.0,1.0,0.0,0.0,0.0,0.0,1.0,0.0,0.0,0.0,0.0,0.0,0.0,0.0,0.0,1.0,0.0,0.0,0.0,1.0,0.0,1,1,11.630708500626612
8,1717,908,1709,2,250.0,1,0,87.0,169,0,39,0,3,3,4.0,4.0,5.0,5.0,3.0,1.0,2.0,3.0,2.0,0.0,1.0,0.0,0.0,0.0,1.0,0.0,0.0,0.0,0.0,0.0,0.0,0.0,1.0,0.0,0.0,0.0,0.0,1.0,0.0,1,5,12.450977688625896
4,1126,520,0,2,0.0,0,0,67.0,0,0,96,0,60,6,3.0,4.0,0.0,5.0,0.0,0.0,3.0,1.0,3.0,1.0,0.0,0.0,0.0,0.0,0.0,0.0,0.0,0.0,1.0,0.0,0.0,0.0,1.0,0.0,0.0,0.0,0.0,1.0,0.0,1,1,11.589886506106357
7,2046,871,998,2,292.0,1,866,85.0,320,1040,62,1,5,4,4.0,4.0,4.0,5.0,1.0,6.0,2.0,3.0,3.0,0.0,1.0,0.0,0.0,0.0,0.0,0.0,1.0,0.0,0.0,0.0,0.0,0.0,1.0,0.0,0.0,0.0,0.0,1.0,0.0,1,5,12.556729517143344
5,1048,280,993,1,0.0,1,0,58.0,0,0,0,0,84,56,3.0,3.0,3.0,3.0,1.0,1.0,1.0,3.0,3.0,0.0,0.0,0.0,0.0,0.0,0.0,0.0,0.0,0.0,1.0,0.0,0.0,0.0,0.0,1.0,0.0,0.0,0.0,1.0,0.0,1,1,11.635143097694478
5,1092,299,1092,1,0.0,1,895,69.0,268,0,0,0,49,49,3.0,3.0,3.0,3.0,1.0,3.0,3.0,3.0,2.0,1.0,0.0,0.0,0.0,0.0,1.0,0.0,0.0,0.0,0.0,0.0,0.0,0.0,1.0,0.0,0.0,0.0,0.0,1.0,0.0,1,2,11.856515169360305
4,1336,570,637,1,0.0,0,637,60.0,0,439,47,1,86,56,3.0,3.0,3.0,4.0,1.0,3.0,1.0,3.0,3.0,1.0,0.0,0.0,0.0,0.0,0.0,0.0,0.0,1.0,0.0,0.0,0.0,0.0,0.0,0.0,0.0,0.0,0.0,1.0,0.0,1,1,11.589886506106357
7,1446,406,729,2,0.0,1,604,57.0,264,717,22,1,12,11,3.0,3.0,4.0,5.0,4.0,6.0,1.0,3.0,1.0,0.0,1.0,0.0,0.0,0.0,1.0,0.0,0.0,0.0,0.0,0.0,0.0,0.0,1.0,0.0,0.0,0.0,0.0,1.0,0.0,1,3,12.072541252905651
7,1557,420,1374,2,18.0,1,0,43.0,143,0,20,0,3,2,4.0,4.0,4.0,5.0,4.0,1.0,3.0,3.0,3.0,0.0,1.0,0.0,0.0,0.0,1.0,0.0,0.0,0.0,0.0,0.0,0.0,0.0,1.0,0.0,0.0,0.0,0.0,1.0,0.0,1,3,12.363076394339839
5,1392,528,1392,1,180.0,1,1302,71.0,0,0,0,1,53,14,3.0,3.0,4.0,3.0,1.0,5.0,1.0,3.0,2.0,1.0,0.0,0.0,0.0,0.0,0.0,0.0,0.0,0.0,1.0,0.0,0.0,0.0,1.0,0.0,0.0,0.0,0.0,1.0,0.0,1,2,11.70766954176274
5,1389,418,1389,1,0.0,1,1071,77.0,240,0,38,0,32,31,3.0,3.0,4.0,4.0,3.0,5.0,2.0,3.0,3.0,1.0,0.0,0.0,0.0,0.0,1.0,0.0,0.0,0.0,0.0,0.0,0.0,0.0,1.0,0.0,0.0,0.0,0.0,1.0,0.0,1,2,12.043553716032399
5,996,0,996,1,0.0,1,290,63.0,144,0,0,0,68,39,3.0,3.0,3.0,5.0,1.0,4.0,0.0,3.0,3.0,1.0,0.0,0.0,0.0,0.0,0.0,0.0,0.0,0.0,0.0,1.0,0.0,0.0,1.0,0.0,0.0,0.0,0.0,1.0,0.0,1,1,11.589886506106357
6,1674,396,1163,2,0.0,1,0,66.0,72,511,36,0,90,58,3.0,3.0,4.0,5.0,2.0,1.0,3.0,1.0,3.0,0.0,0.0,0.0,0.0,0.0,0.0,0.0,0.0,0.0,1.0,0.0,0.0,0.0,1.0,0.0,0.0,0.0,0.0,1.0,0.0,1,1,12.128111104060462
7,2295,590,1095,2,0.0,1,728,91.0,0,1129,40,1,14,6,4.0,4.0,4.0,5.0,1.0,6.0,2.0,3.0,2.0,0.0,1.0,0.0,0.0,0.0,1.0,0.0,0.0,0.0,0.0,0.0,0.0,0.0,1.0,0.0,0.0,0.0,0.0,1.0,0.0,1,5,12.498742259492994
6,1647,216,806,1,0.0,0,0,66.0,0,806,66,1,95,60,3.0,2.0,4.0,3.0,1.0,1.0,1.0,3.0,3.0,0.0,1.0,0.0,0.0,0.0,0.0,0.0,0.0,0.0,1.0,0.0,0.0,0.0,1.0,0.0,0.0,0.0,0.0,1.0,0.0,0,2,11.759785542901755
9,2504,656,1122,2,245.0,1,0,77.0,144,1370,39,1,3,1,4.0,5.0,4.0,5.0,1.0,1.0,3.0,3.0,2.0,0.0,1.0,0.0,0.0,0.0,0.0,0.0,1.0,0.0,0.0,0.0,0.0,0.0,1.0,0.0,0.0,0.0,0.0,1.0,0.0,1,5,12.691580461311874
7,1535,532,1517,2,168.0,0,2,70.0,0,0,0,0,6,6,4.0,4.0,4.0,5.0,1.0,6.0,2.0,3.0,2.0,0.0,1.0,0.0,0.0,0.0,1.0,0.0,0.0,0.0,0.0,0.0,0.0,0.0,1.0,0.0,0.0,0.0,0.0,1.0,0.0,1,5,12.273731294003989
8,2132,612,1496,1,0.0,1,1441,79.0,349,636,40,1,26,0,4.0,4.0,4.0,5.0,4.0,6.0,3.0,3.0,2.0,1.0,0.0,0.0,0.0,0.0,0.0,0.0,1.0,0.0,0.0,0.0,0.0,0.0,1.0,0.0,0.0,0.0,0.0,1.0,0.0,1,3,12.66539442642905
5,943,600,943,1,0.0,2,943,73.0,42,0,0,0,27,27,3.0,3.0,4.0,3.0,4.0,6.0,1.0,3.0,2.0,1.0,0.0,0.0,0.0,0.0,0.0,0.0,0.0,0.0,1.0,0.0,0.0,0.0,1.0,0.0,0.0,0.0,0.0,1.0,0.0,1,2,11.820116003810051
5,1728,576,1728,2,108.0,0,231,74.0,0,0,0,0,43,43,3.0,3.0,3.0,3.0,1.0,2.0,1.0,3.0,2.0,1.0,0.0,0.0,0.0,0.0,0.0,0.0,0.0,0.0,1.0,0.0,0.0,0.0,1.0,0.0,0.0,0.0,0.0,1.0,0.0,1,2,11.867798786962332
6,864,288,864,1,207.0,0,414,60.0,168,0,0,0,47,47,3.0,4.0,3.0,5.0,1.0,4.0,1.0,3.0,3.0,1.0,0.0,0.0,0.0,0.0,1.0,0.0,0.0,0.0,0.0,0.0,0.0,0.0,1.0,0.0,0.0,0.0,0.0,0.0,0.0,1,2,11.695247021764184
7,1692,650,846,2,0.0,0,0,83.0,208,846,114,1,0,0,3.0,4.0,5.0,4.0,3.0,1.0,2.0,3.0,2.0,0.0,1.0,0.0,0.0,0.0,1.0,0.0,0.0,0.0,0.0,0.0,0.0,0.0,1.0,0.0,0.0,0.0,0.0,0.0,1.0,1,4,12.321630986164447
7,1430,400,384,2,0.0,1,0,76.0,100,656,0,1,7,7,3.0,3.0,4.0,5.0,1.0,1.0,2.0,3.0,2.0,0.0,1.0,0.0,0.0,0.0,0.0,0.0,1.0,0.0,0.0,0.0,0.0,0.0,1.0,0.0,0.0,0.0,0.0,1.0,0.0,1,3,12.043553716032399
5,1109,288,372,1,82.0,0,349,70.0,35,533,0,0,36,2,3.0,3.0,3.0,3.0,3.0,5.0,1.0,3.0,3.0,1.0,0.0,0.0,0.0,0.0,0.0,0.0,1.0,0.0,0.0,0.0,0.0,0.0,1.0,0.0,0.0,0.0,0.0,1.0,0.0,1,2,11.842229212112828
5,1216,336,832,1,0.0,0,442,80.0,158,384,0,0,61,58,3.0,3.0,3.0,3.0,1.0,3.0,1.0,3.0,3.0,1.0,0.0,0.0,0.0,0.0,0.0,0.0,0.0,0.0,1.0,0.0,0.0,0.0,1.0,0.0,0.0,0.0,0.0,0.0,0.0,1,2,11.682668239557323
7,1477,216,861,2,0.0,1,0,52.0,0,600,50,0,81,59,3.0,3.0,3.0,4.0,1.0,1.0,1.0,3.0,3.0,0.0,0.0,0.0,0.0,0.0,0.0,0.0,0.0,0.0,1.0,0.0,0.0,0.0,1.0,0.0,0.0,0.0,0.0,1.0,0.0,1,2,11.884489021402711
5,1320,564,1164,1,97.0,2,328,96.0,160,0,68,0,40,40,3.0,3.0,3.0,5.0,3.0,2.0,2.0,3.0,2.0,1.0,0.0,0.0,0.0,0.0,1.0,0.0,0.0,0.0,0.0,0.0,0.0,0.0,1.0,0.0,0.0,0.0,0.0,0.0,0.0,1,2,12.010665849187564
7,1392,540,689,2,0.0,0,0,34.0,0,689,102,0,1,1,4.0,4.0,4.0,5.0,1.0,1.0,1.0,3.0,3.0,0.0,1.0,0.0,0.0,0.0,0.0,0.0,0.0,0.0,1.0,0.0,1.0,0.0,0.0,0.0,0.0,0.0,0.0,0.0,0.0,1,4,11.891361900690473
5,1795,352,1050,2,335.0,0,0,81.0,0,745,0,0,54,54,3.0,3.0,3.0,5.0,1.0,1.0,1.0,3.0,3.0,0.0,0.0,0.0,0.0,0.0,1.0,0.0,0.0,0.0,0.0,0.0,0.0,0.0,0.0,1.0,0.0,0.0,0.0,1.0,0.0,0,1,11.786762130599957
6,1429,572,1144,1,85.0,2,594,73.0,216,0,110,0,47,20,3.0,4.0,3.0,5.0,1.0,4.0,1.0,3.0,2.0,1.0,0.0,0.0,0.0,0.0,1.0,0.0,0.0,0.0,0.0,0.0,0.0,0.0,1.0,0.0,0.0,0.0,0.0,1.0,0.0,1,2,12.111212364506214
8,2042,1390,2042,2,306.0,1,0,98.0,0,0,90,1,1,0,5.0,5.0,5.0,5.0,1.0,1.0,2.0,3.0,3.0,0.0,1.0,0.0,0.0,0.0,1.0,0.0,0.0,0.0,0.0,0.0,0.0,0.0,1.0,0.0,0.0,0.0,0.0,0.0,1.0,1,5,12.442302200392747
6,816,0,816,1,104.0,0,816,81.0,0,0,32,0,17,17,3.0,3.0,4.0,3.0,3.0,6.0,0.0,3.0,3.0,1.0,0.0,0.0,0.0,0.0,0.0,0.0,0.0,0.0,0.0,1.0,0.0,0.0,1.0,0.0,0.0,0.0,0.0,1.0,0.0,1,1,11.682668239557323
10,2775,880,1237,3,0.0,1,0,75.0,105,1254,502,1,115,8,5.0,4.0,3.0,4.0,1.0,1.0,1.0,3.0,3.0,0.0,0.0,0.0,0.0,0.0,0.0,0.0,0.0,0.0,1.0,0.0,0.0,0.0,0.0,1.0,0.0,0.0,0.0,1.0,0.0,1,1,12.691580461311874
4,1573,240,884,1,0.0,0,0,51.0,0,584,0,0,74,14,3.0,4.0,3.0,5.0,1.0,1.0,1.0,3.0,3.0,0.0,0.0,0.0,0.0,0.0,0.0,0.0,0.0,0.0,1.0,0.0,0.0,0.0,0.0,1.0,0.0,0.0,0.0,1.0,0.0,1,1,11.79810440720389
8,2028,880,1868,2,208.0,2,1460,88.0,326,0,66,0,1,0,4.0,4.0,5.0,5.0,4.0,6.0,2.0,3.0,3.0,0.0,1.0,0.0,0.0,0.0,1.0,0.0,0.0,0.0,0.0,0.0,0.0,0.0,1.0,0.0,0.0,0.0,0.0,0.0,1.0,1,4,12.820987977820545
6,838,275,816,1,0.0,0,210,55.0,0,0,0,0,90,8,3.0,2.0,3.0,5.0,2.0,3.0,3.0,1.0,3.0,0.0,0.0,0.0,0.0,0.0,0.0,0.0,0.0,0.0,1.0,0.0,0.0,0.0,1.0,0.0,0.0,0.0,0.0,1.0,0.0,1,1,11.77528972943772
5,860,528,840,1,0.0,0,672,74.0,0,0,0,0,27,27,3.0,3.0,3.0,3.0,3.0,5.0,1.0,3.0,2.0,1.0,0.0,0.0,0.0,0.0,0.0,0.0,0.0,0.0,1.0,0.0,0.0,0.0,1.0,0.0,0.0,0.0,0.0,1.0,0.0,1,2,11.827736204810263
5,1473,452,1437,1,0.0,2,1324,65.0,0,0,48,0,41,6,3.0,5.0,3.0,5.0,4.0,6.0,1.0,3.0,2.0,1.0,0.0,0.0,0.0,0.0,1.0,0.0,0.0,0.0,0.0,0.0,0.0,0.0,1.0,0.0,0.0,0.0,0.0,0.0,1.0,1,4,11.870599909242044
5,935,308,742,1,0.0,0,0,50.0,0,0,0,0,78,48,3.0,3.0,3.0,3.0,1.0,1.0,1.0,2.0,3.0,0.0,0.0,0.0,0.0,0.0,0.0,0.0,0.0,0.0,1.0,0.0,0.0,0.0,0.0,1.0,0.0,0.0,0.0,1.0,0.0,1,1,11.283512300642423
7,1582,520,770,2,0.0,0,490,64.0,0,812,45,1,4,4,4.0,4.0,4.0,5.0,1.0,6.0,2.0,3.0,3.0,0.0,1.0,0.0,0.0,0.0,1.0,0.0,0.0,0.0,0.0,0.0,0.0,0.0,1.0,0.0,0.0,0.0,0.0,1.0,0.0,1,3,12.132964173709535
10,2296,842,1722,2,420.0,1,1338,97.0,382,568,274,1,1,1,5.0,5.0,5.0,5.0,4.0,6.0,2.0,3.0,2.0,0.0,1.0,0.0,0.0,0.0,0.0,0.0,1.0,0.0,0.0,0.0,0.0,0.0,1.0,0.0,0.0,0.0,0.0,1.0,0.0,1,5,13.021326833226556
5,816,816,816,1,0.0,0,816,60.0,0,0,0,0,26,5,3.0,3.0,3.0,5.0,1.0,6.0,3.0,3.0,3.0,0.0,1.0,0.0,0.0,0.0,0.0,0.0,0.0,0.0,1.0,0.0,0.0,0.0,1.0,0.0,0.0,0.0,0.0,1.0,0.0,1,2,11.835008964139341
6,848,420,848,1,170.0,0,685,70.0,140,0,0,0,6,6,4.0,4.0,4.0,5.0,3.0,6.0,3.0,3.0,3.0,0.0,1.0,0.0,0.0,0.0,1.0,0.0,0.0,0.0,0.0,0.0,0.0,0.0,0.0,1.0,0.0,0.0,0.0,1.0,0.0,1,3,11.84939770159144
5,924,280,924,1,0.0,0,0,88.0,0,0,0,0,33,33,3.0,3.0,4.0,3.0,1.0,1.0,1.0,3.0,2.0,1.0,0.0,0.0,0.0,0.0,0.0,0.0,0.0,0.0,1.0,0.0,0.0,0.0,1.0,0.0,0.0,0.0,0.0,1.0,0.0,1,3,11.608235644774552
8,1826,758,1814,2,238.0,1,1422,69.0,180,0,75,0,1,0,4.0,4.0,4.0,5.0,4.0,6.0,3.0,3.0,2.0,0.0,1.0,0.0,0.0,0.0,1.0,0.0,0.0,0.0,0.0,0.0,0.0,0.0,1.0,0.0,0.0,0.0,0.0,0.0,1.0,1,5,12.672946381766982
6,1368,216,684,1,0.0,0,0,60.0,0,684,158,0,96,13,3.0,3.0,3.0,5.0,1.0,1.0,1.0,1.0,3.0,1.0,0.0,0.0,0.0,0.0,0.0,0.0,0.0,0.0,1.0,0.0,0.0,0.0,0.0,1.0,0.0,0.0,0.0,1.0,0.0,0,1,11.648365035864053
7,1402,648,1258,0,72.0,1,0,53.0,120,0,16,2,1,0,4.0,4.0,5.0,5.0,3.0,1.0,3.0,3.0,3.0,0.0,1.0,0.0,0.0,0.0,1.0,0.0,0.0,0.0,0.0,0.0,0.0,0.0,1.0,0.0,0.0,0.0,0.0,0.0,1.0,1,3,12.17664898415669
5,1647,621,1430,2,459.0,1,1283,80.0,0,0,0,0,29,29,3.0,4.0,4.0,5.0,2.0,5.0,3.0,3.0,3.0,1.0,0.0,0.0,0.0,0.0,1.0,0.0,0.0,0.0,0.0,0.0,0.0,0.0,1.0,0.0,0.0,0.0,0.0,1.0,0.0,1,4,12.289954129510877
6,1556,452,716,2,0.0,1,81,24.0,161,840,0,1,28,28,3.0,3.0,4.0,3.0,1.0,2.0,3.0,3.0,3.0,1.0,0.0,0.0,0.0,0.0,1.0,0.0,0.0,0.0,0.0,0.0,0.0,0.0,0.0,1.0,0.0,0.0,0.0,1.0,0.0,1,2,11.925035115797062
8,1904,736,1058,2,280.0,1,546,74.0,179,846,60,1,1,1,4.0,5.0,4.0,5.0,3.0,6.0,3.0,3.0,3.0,0.0,1.0,0.0,0.0,0.0,0.0,0.0,1.0,0.0,0.0,0.0,0.0,0.0,1.0,0.0,0.0,0.0,0.0,1.0,0.0,1,5,12.524526376648708
6,1375,544,780,1,0.0,1,0,50.0,0,595,162,1,70,57,3.0,4.0,3.0,3.0,1.0,1.0,1.0,2.0,3.0,0.0,1.0,0.0,0.0,0.0,0.0,0.0,0.0,0.0,1.0,0.0,0.0,0.0,0.0,1.0,0.0,0.0,0.0,1.0,0.0,1,1,11.856515169360305
8,1915,506,908,2,0.0,1,789,80.0,120,988,150,1,14,14,4.0,4.0,4.0,5.0,2.0,6.0,3.0,3.0,2.0,0.0,1.0,0.0,0.0,0.0,1.0,0.0,0.0,0.0,0.0,0.0,0.0,0.0,1.0,0.0,0.0,0.0,0.0,0.0,0.0,1,3,12.301382825334498
7,1200,480,600,2,0.0,0,0,30.0,0,600,172,1,6,5,4.0,4.0,4.0,5.0,1.0,1.0,2.0,3.0,3.0,0.0,1.0,0.0,0.0,0.0,0.0,0.0,0.0,0.0,1.0,0.0,1.0,0.0,0.0,0.0,0.0,0.0,0.0,1.0,0.0,1,4,11.925035115797062
7,1494,530,1494,2,99.0,1,922,88.0,192,0,36,0,6,6,4.0,4.0,4.0,5.0,2.0,6.0,2.0,3.0,2.0,0.0,1.0,0.0,0.0,0.0,1.0,0.0,0.0,0.0,0.0,0.0,0.0,0.0,1.0,0.0,0.0,0.0,0.0,1.0,0.0,1,3,12.30591798049989
7,1986,486,768,2,176.0,3,454,85.0,0,800,42,1,44,19,3.0,3.0,3.0,3.0,1.0,4.0,1.0,3.0,3.0,1.0,0.0,0.0,0.0,0.0,1.0,0.0,0.0,0.0,0.0,0.0,0.0,0.0,1.0,0.0,0.0,0.0,0.0,1.0,0.0,1,2,12.230765258120545
5,1040,576,1040,1,0.0,0,732,82.0,168,0,0,0,13,13,3.0,4.0,4.0,4.0,1.0,6.0,1.0,3.0,1.0,0.0,1.0,0.0,0.0,0.0,0.0,0.0,0.0,0.0,1.0,0.0,0.0,0.0,1.0,0.0,0.0,0.0,0.0,1.0,0.0,1,3,11.931635799828413
5,2008,230,896,3,0.0,0,603,78.0,103,896,0,0,58,4,3.0,5.0,3.0,5.0,1.0,6.0,1.0,3.0,3.0,1.0,0.0,0.0,0.0,0.0,1.0,0.0,0.0,0.0,0.0,0.0,0.0,0.0,1.0,0.0,0.0,0.0,0.0,1.0,0.0,1,1,12.323855681186558
8,3194,380,965,2,0.0,2,428,78.0,0,1254,0,1,73,9,3.0,3.0,4.0,3.0,2.0,4.0,1.0,3.0,3.0,0.0,1.0,0.0,0.0,0.0,0.0,1.0,0.0,0.0,0.0,0.0,0.0,0.0,1.0,0.0,0.0,1.0,0.0,0.0,0.0,1,4,12.791356180214175
4,1029,261,1029,1,192.0,0,903,61.0,64,0,0,0,46,46,3.0,3.0,3.0,4.0,2.0,3.0,1.0,3.0,3.0,1.0,0.0,0.0,0.0,0.0,1.0,0.0,0.0,0.0,0.0,0.0,0.0,0.0,1.0,0.0,0.0,0.0,0.0,1.0,0.0,1,2,11.682668239557323
9,2153,736,1440,2,204.0,2,904,70.0,253,677,142,1,9,9,4.0,5.0,5.0,5.0,2.0,6.0,3.0,3.0,3.0,0.0,1.0,0.0,0.0,0.0,1.0,0.0,0.0,0.0,0.0,0.0,0.0,0.0,1.0,0.0,0.0,0.0,0.0,1.0,0.0,1,3,12.65395846952229
6,1032,564,1032,2,233.0,1,605,80.0,0,0,0,0,29,29,3.0,3.0,4.0,3.0,3.0,5.0,1.0,3.0,2.0,1.0,0.0,0.0,0.0,0.0,1.0,0.0,0.0,0.0,0.0,0.0,0.0,0.0,1.0,0.0,0.0,0.0,0.0,1.0,0.0,1,3,11.904967552746252
8,1872,531,1299,2,108.0,1,990,70.0,160,573,122,1,8,8,4.0,5.0,4.0,5.0,3.0,6.0,2.0,3.0,3.0,0.0,1.0,0.0,0.0,0.0,0.0,0.0,1.0,0.0,0.0,0.0,0.0,0.0,1.0,0.0,0.0,0.0,0.0,1.0,0.0,1,3,12.474189562487116
5,1120,0,1120,1,0.0,0,206,70.0,0,0,30,0,0,0,3.0,3.0,4.0,5.0,1.0,5.0,0.0,3.0,3.0,0.0,1.0,0.0,0.0,0.0,0.0,0.0,0.0,0.0,0.0,1.0,0.0,0.0,1.0,0.0,0.0,0.0,0.0,0.0,1.0,1,2,11.898187865760873
4,630,0,630,1,0.0,0,150,21.0,96,0,24,0,38,38,3.0,3.0,4.0,5.0,3.0,2.0,0.0,3.0,3.0,1.0,0.0,0.0,0.0,0.0,0.0,0.0,0.0,0.0,0.0,1.0,0.0,0.0,0.0,1.0,0.0,0.0,0.0,1.0,0.0,1,1,11.231887935237117
6,1054,480,936,1,156.0,0,763,80.0,120,0,0,0,47,47,3.0,4.0,3.0,5.0,4.0,6.0,2.0,3.0,3.0,0.0,1.0,0.0,0.0,0.0,1.0,0.0,0.0,0.0,0.0,0.0,0.0,0.0,1.0,0.0,0.0,0.0,0.0,0.0,0.0,1,2,11.831379196088763
6,1509,393,783,2,0.0,1,457,65.0,100,702,75,1,4,3,4.0,4.0,4.0,5.0,1.0,6.0,3.0,3.0,2.0,0.0,1.0,0.0,0.0,0.0,1.0,0.0,0.0,0.0,0.0,0.0,0.0,0.0,1.0,0.0,0.0,0.0,0.0,1.0,0.0,1,3,12.118333731222167
6,832,528,832,1,0.0,0,0,59.0,0,0,0,0,54,54,3.0,4.0,3.0,4.0,1.0,1.0,1.0,3.0,3.0,1.0,0.0,0.0,0.0,0.0,0.0,0.0,0.0,0.0,1.0,0.0,0.0,0.0,1.0,0.0,0.0,0.0,0.0,1.0,0.0,1,2,11.566466231898259
9,1828,774,1822,2,452.0,1,48,90.0,0,0,108,0,0,0,5.0,4.0,5.0,5.0,3.0,6.0,1.0,3.0,3.0,0.0,1.0,0.0,0.0,0.0,1.0,0.0,0.0,0.0,0.0,0.0,0.0,0.0,1.0,0.0,0.0,0.0,0.0,0.0,1.0,1,5,12.659734090733718
8,2262,749,1482,2,226.0,2,871,85.0,168,780,0,1,5,5,4.0,4.0,4.0,5.0,4.0,6.0,3.0,3.0,3.0,0.0,1.0,0.0,0.0,0.0,1.0,0.0,0.0,0.0,0.0,0.0,0.0,0.0,1.0,0.0,0.0,0.0,0.0,1.0,0.0,1,4,12.628067055589549
3,864,0,864,1,0.0,0,41,45.0,0,0,0,0,94,58,3.0,3.0,3.0,3.0,1.0,4.0,0.0,1.0,3.0,0.0,0.0,0.0,0.0,0.0,0.0,0.0,0.0,0.0,0.0,1.0,0.0,0.0,1.0,0.0,0.0,0.0,0.0,1.0,0.0,0,1,11.112447898373103
6,2614,624,1522,2,0.0,1,956,90.0,38,1066,243,1,34,11,3.0,3.0,3.0,3.0,1.0,5.0,2.0,3.0,3.0,1.0,0.0,0.0,0.0,0.0,1.0,0.0,0.0,0.0,0.0,0.0,0.0,0.0,1.0,0.0,0.0,0.0,0.0,1.0,0.0,1,3,12.388394202324129
5,980,484,980,1,153.0,0,560,71.0,192,0,0,0,32,32,3.0,3.0,3.0,3.0,1.0,4.0,1.0,3.0,3.0,1.0,0.0,0.0,0.0,0.0,0.0,0.0,0.0,0.0,1.0,0.0,0.0,0.0,1.0,0.0,0.0,0.0,0.0,1.0,0.0,1,2,11.813030057420567
6,1512,440,756,2,513.0,1,420,73.5,0,756,32,1,7,7,4.0,4.0,4.0,5.0,1.0,6.0,1.0,3.0,3.0,0.0,1.0,0.0,0.0,0.0,0.0,0.0,0.0,0.0,1.0,0.0,1.0,0.0,0.0,0.0,0.0,0.0,0.0,1.0,0.0,1,4,12.034691028774553
6,1790,484,732,1,288.0,1,247,80.0,148,778,0,2,34,34,3.0,3.0,3.0,4.0,1.0,3.0,2.0,3.0,3.0,1.0,0.0,0.0,0.0,0.0,1.0,0.0,0.0,0.0,0.0,0.0,0.0,0.0,1.0,0.0,0.0,0.0,0.0,1.0,0.0,1,3,12.014609430818936
6,1116,440,1116,1,261.0,0,0,87.0,0,0,0,1,48,48,3.0,3.0,3.0,3.0,1.0,1.0,1.0,3.0,2.0,1.0,0.0,0.0,0.0,0.0,1.0,0.0,0.0,0.0,0.0,0.0,0.0,0.0,1.0,0.0,0.0,0.0,0.0,1.0,0.0,1,2,11.982929094215963
5,1422,286,978,1,0.0,1,0,73.0,0,0,0,0,47,29,3.0,3.0,3.0,3.0,1.0,1.0,2.0,3.0,2.0,1.0,0.0,0.0,0.0,0.0,1.0,0.0,0.0,0.0,0.0,0.0,0.0,0.0,1.0,0.0,0.0,0.0,0.0,1.0,0.0,1,2,11.848683160653573
6,1520,364,1156,1,164.0,2,674,80.0,0,0,0,0,55,38,3.0,3.0,3.0,5.0,3.0,4.0,2.0,3.0,3.0,1.0,0.0,0.0,0.0,0.0,0.0,1.0,0.0,0.0,0.0,0.0,0.0,0.0,1.0,0.0,0.0,0.0,0.0,1.0,0.0,1,2,11.938193200374572
5,2080,504,1040,1,192.0,2,650,70.0,335,1040,0,2,38,38,3.0,2.0,4.0,3.0,3.0,3.0,1.0,3.0,2.0,0.0,1.0,0.0,0.0,0.0,1.0,0.0,0.0,0.0,0.0,0.0,0.0,0.0,1.0,0.0,0.0,0.0,1.0,0.0,0.0,1,2,11.813030057420567
6,1350,520,1248,1,259.0,0,624,82.0,176,0,0,1,44,44,3.0,3.0,3.0,3.0,4.0,6.0,2.0,3.0,3.0,1.0,0.0,0.0,0.0,0.0,1.0,0.0,0.0,0.0,0.0,0.0,0.0,0.0,1.0,0.0,0.0,0.0,0.0,1.0,0.0,1,2,12.034691028774553
5,1750,240,636,1,0.0,0,0,50.0,0,661,0,0,126,15,3.0,5.0,2.0,3.0,1.0,1.0,1.0,1.0,3.0,0.0,0.0,0.0,0.0,0.0,0.0,0.0,0.0,0.0,1.0,0.0,0.0,0.0,0.0,1.0,0.0,0.0,0.0,0.0,0.0,1,1,11.728036844587175
8,1554,627,1554,2,108.0,1,24,34.0,156,0,73,0,1,1,4.0,4.0,4.0,5.0,2.0,6.0,2.0,3.0,3.0,0.0,1.0,0.0,0.0,0.0,1.0,0.0,0.0,0.0,0.0,0.0,0.0,0.0,1.0,0.0,0.0,0.0,0.0,1.0,0.0,1,5,12.25247901834433
7,1411,544,1386,2,209.0,1,822,85.0,192,0,0,0,32,32,3.0,3.0,3.0,3.0,1.0,5.0,3.0,3.0,3.0,1.0,0.0,0.0,0.0,0.0,1.0,0.0,0.0,0.0,0.0,0.0,0.0,0.0,1.0,0.0,0.0,0.0,1.0,0.0,0.0,1,3,11.320553572322773
5,1056,260,1056,1,0.0,0,480,80.0,390,0,0,0,53,2,3.0,3.0,3.0,3.0,1.0,4.0,1.0,3.0,3.0,1.0,0.0,0.0,0.0,0.0,1.0,0.0,0.0,0.0,0.0,0.0,0.0,0.0,1.0,0.0,0.0,0.0,0.0,1.0,0.0,1,2,11.845102777308561
6,1056,576,1056,0,0.0,0,1056,64.0,264,0,56,0,30,30,3.0,3.0,3.0,4.0,1.0,6.0,1.0,3.0,3.0,1.0,0.0,0.0,0.0,0.0,0.0,0.0,0.0,0.0,1.0,0.0,0.0,0.0,1.0,0.0,0.0,0.0,0.0,1.0,0.0,1,1,11.877568578558138
6,3395,0,1440,2,0.0,0,256,60.0,0,1440,110,0,93,12,2.0,2.0,3.0,5.0,1.0,2.0,0.0,1.0,3.0,1.0,0.0,0.0,0.0,0.0,0.0,0.0,0.0,0.0,0.0,1.0,0.0,1.0,0.0,0.0,0.0,0.0,0.0,0.0,0.0,1,2,12.206072645530174
2,800,0,264,1,0.0,1,0,51.0,0,0,0,0,73,59,2.0,2.0,3.0,2.0,1.0,1.0,0.0,1.0,3.0,0.0,0.0,0.0,0.0,0.0,0.0,0.0,0.0,0.0,0.0,1.0,0.0,0.0,0.0,1.0,0.0,0.0,0.0,1.0,0.0,0,1,11.002099841204238
5,1387,256,811,2,0.0,0,0,50.0,0,576,0,0,55,55,3.0,4.0,3.0,3.0,1.0,1.0,1.0,3.0,3.0,1.0,0.0,0.0,0.0,0.0,0.0,0.0,1.0,0.0,0.0,0.0,0.0,0.0,0.0,1.0,0.0,0.0,0.0,1.0,0.0,1,1,11.440354772135393
5,796,0,796,1,0.0,0,0,67.0,328,0,0,0,98,58,3.0,3.0,2.0,4.0,1.0,1.0,0.0,2.0,3.0,1.0,0.0,0.0,0.0,0.0,0.0,0.0,0.0,0.0,0.0,1.0,0.0,0.0,1.0,0.0,0.0,0.0,0.0,1.0,0.0,1,1,11.350406535472453
8,1567,648,1520,2,0.0,1,1154,53.0,312,0,0,0,0,0,4.0,5.0,4.0,5.0,3.0,6.0,3.0,3.0,3.0,0.0,1.0,0.0,0.0,0.0,1.0,0.0,0.0,0.0,0.0,0.0,0.0,0.0,1.0,0.0,0.0,0.0,0.0,0.0,1.0,1,3,12.485827127509431
8,1518,588,1518,1,472.0,1,1218,62.0,185,0,140,1,5,4,5.0,5.0,5.0,5.0,4.0,6.0,2.0,3.0,2.0,0.0,1.0,0.0,0.0,0.0,1.0,0.0,0.0,0.0,0.0,0.0,0.0,0.0,1.0,0.0,0.0,0.0,0.0,1.0,0.0,1,5,12.520883385370206
7,1929,650,1057,2,0.0,1,738,73.5,0,872,235,1,6,6,4.0,4.0,4.0,5.0,1.0,6.0,3.0,3.0,3.0,0.0,1.0,0.0,0.0,0.0,1.0,0.0,0.0,0.0,0.0,0.0,1.0,0.0,0.0,0.0,0.0,0.0,0.0,1.0,0.0,1,4,12.328290278254423
8,2704,538,1952,2,0.0,3,1410,75.0,269,704,111,1,37,14,4.0,5.0,4.0,4.0,4.0,6.0,3.0,3.0,3.0,1.0,0.0,0.0,0.0,0.0,1.0,0.0,0.0,0.0,0.0,0.0,0.0,0.0,1.0,0.0,0.0,0.0,0.0,1.0,0.0,1,2,12.751299696013497
5,1620,462,780,2,263.0,0,493,80.0,208,840,0,1,38,38,3.0,3.0,3.0,5.0,1.0,3.0,3.0,3.0,3.0,1.0,0.0,0.0,0.0,0.0,1.0,0.0,0.0,0.0,0.0,0.0,0.0,0.0,1.0,0.0,0.0,0.0,0.0,1.0,0.0,1,3,11.931635799828413
9,1766,478,1766,2,162.0,1,1121,85.0,195,0,130,1,0,0,5.0,5.0,5.0,5.0,2.0,6.0,3.0,3.0,3.0,0.0,1.0,0.0,0.0,0.0,1.0,0.0,0.0,0.0,0.0,0.0,1.0,0.0,0.0,0.0,0.0,0.0,0.0,0.0,1.0,1,4,12.823628446539173
6,981,576,981,1,0.0,0,282,73.0,0,0,312,1,36,36,3.0,3.0,3.0,3.0,1.0,5.0,1.0,3.0,2.0,1.0,0.0,0.0,0.0,0.0,0.0,0.0,0.0,0.0,1.0,0.0,0.0,0.0,1.0,0.0,0.0,0.0,0.0,1.0,0.0,1,2,11.872346634576987
5,1048,420,0,1,0.0,0,0,60.0,0,0,27,0,58,58,3.0,3.0,0.0,4.0,0.0,0.0,1.0,3.0,3.0,1.0,0.0,0.0,0.0,0.0,0.0,0.0,0.0,0.0,1.0,0.0,0.0,0.0,1.0,0.0,0.0,0.0,0.0,1.0,0.0,1,2,11.495779306135258
6,1094,495,1094,1,216.0,2,500,85.0,0,0,0,0,55,55,3.0,3.0,3.0,5.0,2.0,3.0,2.0,3.0,2.0,1.0,0.0,0.0,0.0,0.0,1.0,0.0,0.0,0.0,0.0,0.0,0.0,0.0,1.0,0.0,0.0,0.0,0.0,1.0,0.0,1,1,11.951180395901384
6,1839,442,756,1,351.0,1,0,70.0,0,788,124,1,44,44,3.0,3.0,3.0,3.0,1.0,1.0,1.0,3.0,3.0,1.0,0.0,0.0,0.0,0.0,1.0,0.0,0.0,0.0,0.0,0.0,0.0,0.0,1.0,0.0,0.0,0.0,0.0,1.0,0.0,1,2,11.951180395901384
4,630,0,630,1,0.0,0,131,21.0,0,0,0,0,37,37,3.0,3.0,4.0,4.0,3.0,4.0,0.0,3.0,3.0,1.0,0.0,0.0,0.0,0.0,0.0,0.0,0.0,0.0,0.0,1.0,0.0,0.0,0.0,1.0,0.0,0.0,0.0,1.0,0.0,1,1,11.344506813345266
7,1665,562,813,2,0.0,0,0,65.0,0,843,0,1,1,1,4.0,4.0,4.0,5.0,1.0,1.0,2.0,3.0,3.0,0.0,1.0,0.0,0.0,0.0,1.0,0.0,0.0,0.0,0.0,0.0,1.0,0.0,0.0,0.0,0.0,0.0,0.0,1.0,0.0,1,4,12.235388699864227
4,1510,296,755,1,0.0,1,0,60.0,120,755,0,0,69,59,3.0,3.0,3.0,3.0,2.0,1.0,1.0,2.0,3.0,1.0,0.0,0.0,0.0,0.0,0.0,0.0,0.0,0.0,1.0,0.0,0.0,0.0,1.0,0.0,0.0,0.0,0.0,1.0,0.0,1,1,11.589886506106357
7,1716,512,880,2,0.0,1,0,70.0,0,807,120,1,13,13,4.0,4.0,4.0,5.0,1.0,1.0,2.0,3.0,3.0,0.0,1.0,0.0,0.0,0.0,1.0,0.0,0.0,0.0,0.0,0.0,0.0,0.0,1.0,0.0,0.0,0.0,0.0,1.0,0.0,1,3,12.160028707028767
6,1469,216,756,1,0.0,0,0,60.0,57,713,0,0,102,13,3.0,3.0,3.0,5.0,1.0,1.0,1.0,3.0,3.0,1.0,0.0,0.0,0.0,0.0,0.0,0.0,0.0,0.0,1.0,0.0,0.0,0.0,0.0,1.0,0.0,0.0,0.0,1.0,0.0,1,1,11.813030057420567
8,2113,839,2109,2,660.0,1,1696,91.0,236,0,46,1,13,13,4.0,4.0,4.0,5.0,4.0,6.0,3.0,3.0,2.0,0.0,1.0,0.0,0.0,0.0,1.0,0.0,0.0,0.0,0.0,0.0,0.0,0.0,1.0,0.0,0.0,0.0,0.0,1.0,0.0,1,5,12.765688433465597
6,1092,264,525,1,381.0,0,0,21.0,0,567,0,1,39,39,3.0,3.0,3.0,3.0,1.0,1.0,1.0,3.0,3.0,1.0,0.0,0.0,0.0,0.0,0.0,0.0,0.0,0.0,1.0,0.0,0.0,0.0,0.0,1.0,0.0,0.0,1.0,0.0,0.0,1,1,11.385092093460344
5,1053,312,1053,1,54.0,0,806,72.0,0,0,0,1,49,2,4.0,4.0,3.0,5.0,1.0,5.0,2.0,3.0,2.0,1.0,0.0,0.0,0.0,0.0,1.0,0.0,0.0,0.0,0.0,0.0,0.0,0.0,1.0,0.0,0.0,0.0,0.0,1.0,0.0,1,2,11.887931365593685
7,1502,270,776,1,0.0,1,0,60.0,0,651,0,1,77,8,3.0,3.0,4.0,3.0,1.0,1.0,2.0,2.0,3.0,0.0,0.0,0.0,0.0,0.0,1.0,0.0,0.0,0.0,0.0,0.0,0.0,0.0,1.0,0.0,0.0,0.0,0.0,1.0,0.0,1,4,11.911701584927597
6,1458,330,912,1,0.0,1,0,78.0,192,546,0,0,62,60,3.0,3.0,3.0,3.0,1.0,1.0,1.0,3.0,3.0,1.0,0.0,0.0,0.0,0.0,1.0,0.0,0.0,0.0,0.0,0.0,0.0,0.0,1.0,0.0,0.0,0.0,0.0,0.0,0.0,1,2,11.487607656985938
5,1486,480,1486,1,0.0,0,637,75.0,0,0,0,0,45,10,3.0,3.0,3.0,5.0,1.0,4.0,3.0,3.0,3.0,0.0,1.0,0.0,0.0,0.0,0.0,0.0,0.0,0.0,1.0,0.0,0.0,0.0,1.0,0.0,0.0,0.0,0.0,1.0,0.0,1,1,12.025749091398891
7,1935,550,793,2,233.0,1,0,80.0,0,793,113,1,31,31,3.0,3.0,4.0,3.0,1.0,1.0,2.0,3.0,3.0,1.0,0.0,0.0,0.0,0.0,1.0,0.0,0.0,0.0,0.0,0.0,0.0,0.0,1.0,0.0,0.0,0.0,0.0,1.0,0.0,1,3,12.195517131590657
8,2448,711,1629,2,528.0,1,1361,52.0,517,762,76,1,15,4,4.0,4.0,4.0,5.0,1.0,6.0,2.0,3.0,1.0,0.0,1.0,0.0,0.0,0.0,1.0,0.0,0.0,0.0,0.0,0.0,0.0,0.0,1.0,0.0,0.0,0.0,0.0,1.0,0.0,1,5,12.904207367601158
6,1392,576,1392,1,216.0,2,0,120.0,0,0,0,0,41,41,3.0,3.0,2.0,4.0,1.0,1.0,2.0,3.0,3.0,1.0,0.0,0.0,0.0,0.0,1.0,0.0,0.0,0.0,0.0,0.0,0.0,0.0,1.0,0.0,0.0,0.0,0.0,1.0,0.0,1,2,11.608235644774552
4,1181,588,1138,2,0.0,0,920,90.0,0,0,0,0,36,36,3.0,3.0,4.0,3.0,3.0,4.0,2.0,3.0,3.0,1.0,0.0,0.0,0.0,0.0,0.0,0.0,0.0,0.0,1.0,0.0,0.0,0.0,1.0,0.0,0.0,0.0,0.0,1.0,0.0,1,1,11.831379196088763
8,2097,1134,2077,1,0.0,1,1721,49.0,192,0,267,1,1,0,4.0,5.0,5.0,5.0,2.0,6.0,3.0,3.0,1.0,0.0,1.0,0.0,0.0,0.0,1.0,0.0,0.0,0.0,0.0,0.0,0.0,0.0,1.0,0.0,0.0,0.0,0.0,0.0,1.0,1,4,12.955127458028414
8,1936,504,1406,2,40.0,1,0,106.0,188,482,124,1,6,6,4.0,4.0,4.0,5.0,1.0,1.0,2.0,3.0,2.0,0.0,1.0,0.0,0.0,0.0,1.0,0.0,0.0,0.0,0.0,0.0,0.0,0.0,1.0,0.0,0.0,0.0,0.0,1.0,0.0,1,3,12.348006141418841
6,2380,596,1021,2,113.0,1,187,73.0,0,915,265,1,42,28,3.0,3.0,4.0,3.0,1.0,2.0,1.0,3.0,2.0,1.0,0.0,0.0,0.0,0.0,0.0,0.0,0.0,1.0,0.0,0.0,0.0,0.0,1.0,0.0,0.0,0.0,0.0,0.0,0.0,1,2,11.76756768334381
6,1679,575,1408,2,258.0,1,1138,65.0,224,0,42,0,14,10,3.0,4.0,4.0,5.0,1.0,6.0,2.0,3.0,3.0,0.0,1.0,0.0,0.0,0.0,1.0,0.0,0.0,0.0,0.0,0.0,0.0,0.0,1.0,0.0,0.0,0.0,0.0,1.0,0.0,1,3,12.173032791451973
5,1437,576,1188,1,0.0,1,988,71.0,304,0,0,1,50,19,3.0,3.0,3.0,4.0,1.0,3.0,1.0,3.0,3.0,1.0,0.0,0.0,0.0,0.0,0.0,0.0,0.0,0.0,1.0,0.0,0.0,0.0,1.0,0.0,0.0,0.0,0.0,1.0,0.0,1,2,12.031719258385396
4,1180,252,700,1,0.0,1,0,80.0,0,0,0,0,84,56,3.0,2.0,2.0,5.0,1.0,1.0,1.0,3.0,3.0,0.0,0.0,0.0,0.0,0.0,0.0,0.0,0.0,0.0,1.0,0.0,0.0,0.0,1.0,0.0,0.0,0.0,0.0,1.0,0.0,1,4,11.831379196088763
6,1476,540,738,2,0.0,0,193,64.0,100,738,35,1,4,4,4.0,4.0,4.0,5.0,1.0,6.0,3.0,3.0,3.0,0.0,1.0,0.0,0.0,0.0,1.0,0.0,0.0,0.0,0.0,0.0,0.0,0.0,1.0,0.0,0.0,0.0,0.0,1.0,0.0,1,3,12.063932878369052
6,1369,300,672,2,0.0,0,551,54.0,147,672,0,0,84,59,3.0,3.0,3.0,3.0,1.0,4.0,1.0,3.0,3.0,0.0,0.0,0.0,0.0,0.0,0.0,0.0,0.0,0.0,1.0,0.0,0.0,1.0,0.0,0.0,0.0,0.0,0.0,1.0,0.0,0,1,11.54829260880752
6,1208,546,1208,1,0.0,1,767,68.0,198,0,42,1,29,29,4.0,3.0,4.0,3.0,1.0,5.0,2.0,3.0,2.0,1.0,0.0,0.0,0.0,0.0,1.0,0.0,0.0,0.0,0.0,0.0,0.0,0.0,1.0,0.0,0.0,0.0,0.0,1.0,0.0,1,4,12.013700752882718
6,1839,416,1477,2,106.0,2,1186,110.0,0,0,87,0,50,3,3.0,4.0,3.0,5.0,1.0,6.0,3.0,3.0,3.0,0.0,1.0,0.0,0.0,0.0,1.0,0.0,0.0,0.0,0.0,0.0,0.0,0.0,1.0,0.0,0.0,0.0,0.0,1.0,0.0,1,4,12.458774999085929
6,1136,384,1136,1,0.0,1,892,80.0,426,0,0,0,43,43,3.0,3.0,3.0,3.0,1.0,3.0,2.0,3.0,3.0,1.0,0.0,0.0,0.0,0.0,1.0,0.0,0.0,0.0,0.0,0.0,0.0,0.0,1.0,0.0,0.0,0.0,0.0,1.0,0.0,1,2,11.84939770159144
6,1441,440,855,2,0.0,1,311,24.0,28,586,0,1,31,31,3.0,3.0,3.0,3.0,1.0,5.0,1.0,3.0,3.0,1.0,0.0,0.0,0.0,0.0,1.0,0.0,0.0,0.0,0.0,0.0,0.0,0.0,1.0,0.0,0.0,0.0,0.0,1.0,0.0,1,2,11.908340237224891
4,1774,779,1095,2,0.0,0,0,60.0,0,679,0,0,106,56,3.0,3.0,3.0,2.0,1.0,1.0,1.0,1.0,3.0,0.0,0.0,0.0,0.0,0.0,0.0,0.0,0.0,0.0,0.0,0.0,0.0,0.0,0.0,1.0,0.0,0.0,0.0,1.0,0.0,0,1,11.37366339763672
5,792,240,768,1,0.0,0,0,52.0,316,0,0,0,85,3,4.0,4.0,3.0,5.0,1.0,1.0,1.0,1.0,3.0,0.0,0.0,0.0,0.0,0.0,0.0,0.0,0.0,0.0,1.0,0.0,0.0,0.0,1.0,0.0,0.0,0.0,0.0,1.0,0.0,1,1,11.603679828238693
8,2046,834,2046,2,464.0,1,0,80.0,322,0,82,1,1,1,4.0,4.0,5.0,5.0,2.0,1.0,3.0,3.0,2.0,0.0,1.0,0.0,0.0,0.0,1.0,0.0,0.0,0.0,0.0,0.0,0.0,0.0,1.0,0.0,0.0,0.0,0.0,0.0,1.0,1,5,12.827992316801751
5,988,572,988,1,57.0,0,827,71.0,0,0,0,0,46,46,3.0,3.0,3.0,3.0,1.0,3.0,1.0,3.0,2.0,1.0,0.0,0.0,0.0,0.0,0.0,0.0,0.0,0.0,1.0,0.0,0.0,0.0,1.0,0.0,0.0,0.0,0.0,1.0,0.0,1,2,11.763684183317412
6,923,264,923,2,0.0,1,543,50.0,80,0,0,0,30,30,3.0,3.0,4.0,3.0,1.0,4.0,2.0,3.0,3.0,1.0,0.0,0.0,0.0,0.0,1.0,0.0,0.0,0.0,0.0,0.0,0.0,0.0,1.0,0.0,0.0,0.0,0.0,1.0,0.0,1,3,11.870599909242044
5,1520,281,793,1,0.0,0,182,55.0,0,672,0,0,77,9,3.0,3.0,3.0,5.0,1.0,3.0,1.0,3.0,1.0,0.0,0.0,0.0,0.0,0.0,0.0,0.0,0.0,0.0,1.0,0.0,0.0,1.0,0.0,0.0,0.0,0.0,0.0,0.0,0.0,1,2,11.979385322467598
6,1291,431,1291,1,0.0,1,1003,80.0,307,0,0,0,12,11,3.0,4.0,4.0,5.0,2.0,6.0,1.0,3.0,3.0,0.0,1.0,0.0,0.0,0.0,1.0,0.0,0.0,0.0,0.0,0.0,0.0,0.0,1.0,0.0,0.0,0.0,0.0,1.0,0.0,1,4,12.061046873479915
9,1668,702,1626,2,215.0,1,1059,90.0,257,0,45,0,5,5,4.0,4.0,4.0,5.0,3.0,6.0,3.0,3.0,2.0,0.0,1.0,0.0,0.0,0.0,1.0,0.0,0.0,0.0,0.0,0.0,0.0,0.0,1.0,0.0,0.0,0.0,0.0,1.0,0.0,1,3,12.560244459250788
7,1839,486,1195,2,30.0,0,0,58.0,0,644,81,1,12,12,4.0,3.0,4.0,4.0,1.0,1.0,3.0,3.0,1.0,0.0,1.0,0.0,0.0,0.0,1.0,0.0,0.0,0.0,0.0,0.0,0.0,0.0,1.0,0.0,0.0,0.0,0.0,1.0,0.0,1,5,12.30591798049989
7,2090,577,1190,2,0.0,1,828,61.5,219,900,0,0,23,23,4.0,4.0,4.0,4.0,2.0,6.0,3.0,3.0,2.0,1.0,0.0,0.0,0.0,0.0,1.0,0.0,0.0,0.0,0.0,0.0,0.0,0.0,1.0,0.0,0.0,0.0,0.0,1.0,0.0,1,5,12.24288661865289
7,1761,578,874,3,0.0,0,0,84.0,144,887,105,0,0,0,4.0,4.0,4.0,5.0,1.0,1.0,3.0,3.0,3.0,0.0,1.0,0.0,0.0,0.0,1.0,0.0,0.0,0.0,0.0,0.0,1.0,0.0,0.0,0.0,0.0,0.0,0.0,0.0,1.0,1,4,12.336552511980964
7,1102,480,551,2,0.0,0,239,73.5,0,551,60,1,3,3,4.0,4.0,4.0,5.0,1.0,6.0,1.0,3.0,1.0,0.0,1.0,0.0,0.0,0.0,0.0,0.0,0.0,0.0,1.0,0.0,1.0,0.0,0.0,0.0,0.0,0.0,0.0,1.0,0.0,1,4,11.910358401381128
8,1419,567,1419,2,0.0,1,945,60.0,140,0,0,0,0,0,4.0,4.0,4.0,5.0,3.0,6.0,2.0,3.0,3.0,0.0,1.0,0.0,0.0,0.0,1.0,0.0,0.0,0.0,0.0,0.0,0.0,0.0,1.0,0.0,0.0,0.0,0.0,0.0,1.0,1,5,12.8790171187726
6,1362,460,1362,2,256.0,1,20,61.0,192,0,28,0,2,1,4.0,4.0,4.0,5.0,3.0,5.0,2.0,3.0,2.0,0.0,1.0,0.0,0.0,0.0,1.0,0.0,0.0,0.0,0.0,0.0,0.0,0.0,1.0,0.0,0.0,0.0,0.0,1.0,0.0,1,5,12.17921519136029
6,848,420,848,1,147.0,1,697,70.0,149,0,0,0,4,4,4.0,4.0,4.0,5.0,4.0,6.0,2.0,3.0,3.0,0.0,1.0,0.0,0.0,0.0,1.0,0.0,0.0,0.0,0.0,0.0,0.0,0.0,0.0,1.0,0.0,0.0,0.0,1.0,0.0,1,3,11.856515169360305
10,4316,832,2444,3,1170.0,2,1455,104.0,382,1872,50,1,13,12,5.0,5.0,5.0,5.0,4.0,6.0,3.0,3.0,2.0,0.0,1.0,0.0,0.0,0.0,1.0,0.0,0.0,0.0,0.0,0.0,0.0,0.0,1.0,0.0,0.0,0.0,0.0,1.0,0.0,1,5,13.534473028231162
7,2519,628,1210,2,293.0,2,965,42.0,320,1281,27,1,17,16,4.0,4.0,4.0,5.0,4.0,6.0,2.0,3.0,2.0,0.0,1.0,0.0,0.0,0.0,1.0,0.0,0.0,0.0,0.0,0.0,0.0,0.0,1.0,0.0,0.0,0.0,0.0,1.0,0.0,1,4,12.721885810807203
5,1073,326,1073,1,0.0,0,0,60.0,0,0,0,0,85,38,3.0,3.0,3.0,5.0,1.0,1.0,1.0,3.0,3.0,0.0,0.0,0.0,0.0,0.0,0.0,0.0,0.0,0.0,1.0,0.0,0.0,0.0,1.0,0.0,0.0,0.0,0.0,0.0,0.0,1,1,11.594321103174222
5,1539,576,927,1,0.0,0,0,51.0,112,472,0,1,73,59,3.0,3.0,3.0,3.0,1.0,1.0,1.0,3.0,3.0,0.0,0.0,0.0,0.0,0.0,0.0,0.0,0.0,0.0,1.0,0.0,0.0,0.0,0.0,1.0,0.0,0.0,0.0,1.0,0.0,1,1,11.86005499606543
6,1137,551,1112,2,72.0,1,980,54.0,125,0,0,0,19,19,3.0,4.0,4.0,4.0,1.0,6.0,1.0,3.0,2.0,1.0,0.0,0.0,0.0,0.0,1.0,0.0,0.0,0.0,0.0,0.0,0.0,0.0,1.0,0.0,0.0,0.0,0.0,1.0,0.0,1,4,12.078239274020289
5,616,205,616,1,0.0,0,616,50.0,0,0,0,0,85,56,3.0,3.0,3.0,4.0,1.0,2.0,1.0,3.0,3.0,1.0,0.0,0.0,0.0,0.0,0.0,0.0,0.0,0.0,1.0,0.0,0.0,0.0,0.0,1.0,0.0,0.0,0.0,1.0,0.0,1,1,11.396391648714276
5,1148,308,980,1,0.0,0,210,57.0,0,0,0,0,54,54,3.0,3.0,5.0,2.0,2.0,2.0,1.0,3.0,2.0,0.0,1.0,0.0,0.0,0.0,0.0,0.0,0.0,0.0,1.0,0.0,0.0,0.0,1.0,0.0,0.0,0.0,0.0,1.0,0.0,1,1,11.72399643505017
5,894,336,894,1,0.0,1,553,65.0,416,0,144,0,45,1,3.0,3.0,3.0,5.0,1.0,6.0,1.0,3.0,3.0,1.0,0.0,0.0,0.0,0.0,0.0,0.0,0.0,0.0,1.0,0.0,0.0,0.0,1.0,0.0,0.0,0.0,0.0,1.0,0.0,1,2,11.83862560460953
7,1391,530,1391,2,0.0,0,16,59.0,156,0,158,0,4,4,4.0,4.0,4.0,5.0,2.0,6.0,2.0,3.0,1.0,0.0,1.0,0.0,0.0,0.0,1.0,0.0,0.0,0.0,0.0,0.0,1.0,0.0,0.0,0.0,0.0,0.0,0.0,1.0,0.0,1,4,12.185869938212655
8,1800,765,1800,2,630.0,1,1274,85.0,270,0,78,0,4,4,4.0,4.0,5.0,5.0,4.0,6.0,3.0,3.0,3.0,0.0,1.0,0.0,0.0,0.0,1.0,0.0,0.0,0.0,0.0,0.0,0.0,0.0,1.0,0.0,0.0,0.0,0.0,1.0,0.0,1,4,12.652359748158593
7,1164,528,1164,1,168.0,0,0,80.0,0,0,0,1,37,37,3.0,3.0,3.0,3.0,1.0,1.0,1.0,3.0,3.0,1.0,0.0,0.0,0.0,0.0,1.0,0.0,0.0,0.0,0.0,0.0,0.0,0.0,1.0,0.0,0.0,0.0,0.0,1.0,0.0,1,3,11.84939770159144
8,2576,666,1234,2,466.0,1,0,82.0,324,1312,100,1,0,0,5.0,5.0,5.0,5.0,1.0,1.0,3.0,3.0,2.0,0.0,1.0,0.0,0.0,0.0,0.0,0.0,1.0,0.0,0.0,0.0,0.0,0.0,1.0,0.0,0.0,0.0,0.0,0.0,1.0,1,5,12.799175708864519
5,1812,672,360,2,0.0,1,0,76.0,344,780,0,0,110,14,3.0,4.0,4.0,4.0,1.0,1.0,1.0,1.0,3.0,0.0,0.0,0.0,0.0,0.0,0.0,0.0,0.0,0.0,1.0,0.0,0.0,0.0,0.0,1.0,0.0,0.0,0.0,1.0,0.0,1,1,11.84939770159144
7,1484,606,1473,2,109.0,0,712,70.0,0,0,35,0,6,5,4.0,4.0,4.0,5.0,3.0,6.0,2.0,3.0,3.0,0.0,1.0,0.0,0.0,0.0,1.0,0.0,0.0,0.0,0.0,0.0,0.0,0.0,1.0,0.0,0.0,0.0,0.0,1.0,0.0,1,3,12.269047444691562
4,1092,0,0,2,0.0,0,0,70.0,0,720,0,0,80,60,2.0,2.0,0.0,2.0,0.0,0.0,0.0,1.0,3.0,0.0,0.0,1.0,0.0,0.0,0.0,0.0,0.0,0.0,0.0,1.0,0.0,0.0,0.0,1.0,0.0,0.0,0.0,1.0,0.0,0,1,10.915088464214607
7,1824,739,1643,2,351.0,2,1219,80.0,380,0,48,0,36,5,3.0,4.0,4.0,3.0,4.0,6.0,1.0,3.0,1.0,1.0,0.0,0.0,0.0,0.0,1.0,0.0,0.0,0.0,0.0,0.0,0.0,0.0,1.0,0.0,0.0,0.0,0.0,1.0,0.0,1,4,12.618182296357007
8,1324,550,1324,2,176.0,1,863,48.0,192,0,38,0,3,3,4.0,4.0,4.0,5.0,1.0,6.0,3.0,3.0,3.0,0.0,1.0,0.0,0.0,0.0,1.0,0.0,0.0,0.0,0.0,0.0,0.0,0.0,1.0,0.0,0.0,0.0,0.0,1.0,0.0,1,5,12.445089546000673
7,1456,400,728,2,0.0,1,0,65.0,100,728,24,1,0,0,4.0,4.0,4.0,5.0,3.0,1.0,3.0,3.0,2.0,0.0,1.0,0.0,0.0,0.0,1.0,0.0,0.0,0.0,0.0,0.0,0.0,0.0,1.0,0.0,0.0,0.0,0.0,0.0,1.0,1,3,12.09815330331068
5,904,408,876,1,41.0,0,0,71.0,0,0,0,0,42,42,3.0,3.0,3.0,3.0,1.0,1.0,1.0,3.0,2.0,0.0,1.0,0.0,0.0,0.0,1.0,0.0,0.0,0.0,0.0,0.0,0.0,0.0,1.0,0.0,0.0,0.0,0.0,0.0,0.0,1,2,11.607326140391713
3,729,0,270,1,0.0,0,0,56.0,0,0,0,0,73,5,4.0,3.0,3.0,4.0,1.0,1.0,0.0,1.0,2.0,1.0,0.0,0.0,0.0,0.0,0.0,0.0,0.0,0.0,0.0,1.0,0.0,0.0,1.0,0.0,0.0,0.0,0.0,1.0,0.0,1,1,10.858998997563564
4,1178,384,859,1,0.0,0,0,66.0,68,319,0,0,110,60,3.0,3.0,3.0,4.0,2.0,1.0,2.0,1.0,3.0,0.0,0.0,0.0,1.0,0.0,0.0,0.0,0.0,0.0,1.0,0.0,0.0,0.0,0.0,0.0,0.0,0.0,0.0,0.0,0.0,1,1,11.540307141711446
8,1228,472,1228,2,0.0,1,767,40.0,168,0,120,0,20,19,4.0,4.0,4.0,4.0,2.0,6.0,3.0,3.0,2.0,0.0,1.0,0.0,0.0,0.0,1.0,0.0,0.0,0.0,0.0,0.0,0.0,0.0,1.0,0.0,0.0,0.0,0.0,1.0,0.0,1,5,12.14950229404178
4,960,576,960,1,160.0,0,789,60.0,0,0,288,0,36,36,3.0,3.0,3.0,3.0,3.0,5.0,1.0,3.0,3.0,1.0,0.0,0.0,0.0,0.0,0.0,0.0,0.0,0.0,1.0,0.0,0.0,0.0,1.0,0.0,0.0,0.0,0.0,1.0,0.0,0,1,11.76756768334381
6,1479,475,725,2,289.0,0,533,71.0,0,754,44,1,34,5,4.0,4.0,3.0,5.0,1.0,6.0,2.0,3.0,2.0,1.0,0.0,0.0,0.0,0.0,1.0,0.0,0.0,0.0,0.0,0.0,0.0,0.0,1.0,0.0,0.0,0.0,0.0,1.0,0.0,1,2,11.779128505744886
6,1350,478,1064,2,174.0,1,0,78.0,0,0,0,0,35,35,3.0,3.0,4.0,3.0,1.0,1.0,2.0,3.0,3.0,1.0,0.0,0.0,0.0,0.0,1.0,0.0,0.0,0.0,0.0,0.0,0.0,0.0,1.0,0.0,0.0,0.0,0.0,1.0,0.0,1,3,12.013700752882718
7,2554,704,718,1,0.0,0,0,60.0,0,978,48,1,117,9,3.0,3.0,3.0,5.0,1.0,1.0,1.0,2.0,3.0,0.0,0.0,0.0,0.0,0.0,0.0,0.0,0.0,0.0,1.0,0.0,0.0,0.0,0.0,1.0,0.0,0.0,0.0,1.0,0.0,1,1,11.979799201207037
5,1178,439,1176,1,0.0,1,1084,80.0,224,0,0,1,35,8,3.0,4.0,4.0,4.0,1.0,4.0,1.0,3.0,3.0,1.0,0.0,0.0,0.0,0.0,1.0,0.0,0.0,0.0,0.0,0.0,0.0,0.0,1.0,0.0,0.0,0.0,0.0,1.0,0.0,1,3,11.964001084330445
7,2418,983,1311,2,651.0,1,1173,96.0,250,1093,154,1,15,14,4.0,4.0,4.0,5.0,4.0,6.0,2.0,3.0,3.0,0.0,1.0,0.0,0.0,0.0,1.0,0.0,0.0,0.0,0.0,0.0,0.0,0.0,1.0,0.0,0.0,0.0,0.0,1.0,0.0,1,5,12.739637756265655
5,971,300,971,1,0.0,1,523,69.0,0,0,0,1,37,37,3.0,3.0,4.0,3.0,4.0,5.0,1.0,3.0,2.0,1.0,0.0,0.0,0.0,0.0,1.0,0.0,0.0,0.0,0.0,0.0,0.0,0.0,1.0,0.0,0.0,0.0,0.0,1.0,0.0,1,3,11.763684183317412
8,1742,564,1742,2,0.0,1,1148,61.5,114,0,28,0,21,21,4.0,4.0,4.0,3.0,4.0,6.0,2.0,3.0,2.0,0.0,1.0,0.0,0.0,0.0,1.0,0.0,0.0,0.0,0.0,0.0,0.0,0.0,1.0,0.0,0.0,0.0,0.0,1.0,0.0,1,5,12.524526376648708
6,848,420,848,1,169.0,0,662,70.0,160,0,0,0,6,6,4.0,4.0,4.0,5.0,3.0,6.0,2.0,3.0,3.0,0.0,1.0,0.0,0.0,0.0,1.0,0.0,0.0,0.0,0.0,0.0,0.0,0.0,0.0,1.0,0.0,0.0,0.0,1.0,0.0,1,3,11.870599909242044
4,864,463,864,1,0.0,0,191,70.0,0,0,0,0,39,39,3.0,3.0,3.0,5.0,1.0,5.0,1.0,3.0,3.0,1.0,0.0,0.0,0.0,0.0,0.0,0.0,0.0,0.0,1.0,0.0,0.0,0.0,1.0,0.0,0.0,0.0,0.0,1.0,0.0,1,2,11.732060994886899
4,1470,548,941,2,0.0,0,0,60.0,0,473,0,0,54,36,3.0,3.0,3.0,5.0,1.0,1.0,1.0,3.0,3.0,0.0,1.0,0.0,0.0,0.0,0.0,0.0,0.0,0.0,1.0,0.0,0.0,0.0,1.0,0.0,0.0,0.0,0.0,1.0,0.0,1,1,11.813030057420567
9,1698,768,1698,2,340.0,1,1234,86.0,327,0,64,0,2,1,5.0,5.0,5.0,5.0,1.0,6.0,3.0,3.0,2.0,0.0,1.0,0.0,0.0,0.0,1.0,0.0,0.0,0.0,0.0,0.0,0.0,0.0,1.0,0.0,0.0,0.0,0.0,1.0,0.0,1,1,12.676076274775909
4,864,660,864,1,0.0,0,375,60.0,96,0,0,0,39,39,3.0,4.0,3.0,3.0,1.0,5.0,1.0,3.0,3.0,1.0,0.0,0.0,0.0,0.0,0.0,0.0,0.0,0.0,1.0,0.0,0.0,0.0,1.0,0.0,0.0,0.0,0.0,1.0,0.0,1,2,11.699405031912846
6,1680,540,880,2,260.0,1,808,74.0,292,0,44,0,21,2,4.0,4.0,4.0,5.0,1.0,6.0,3.0,3.0,2.0,1.0,0.0,0.0,0.0,0.0,1.0,0.0,0.0,0.0,0.0,0.0,0.0,0.0,1.0,0.0,0.0,0.0,0.0,1.0,0.0,1,4,12.310432660854417
7,1232,632,1232,2,82.0,0,724,64.0,132,0,0,0,2,2,4.0,4.0,4.0,5.0,3.0,6.0,2.0,3.0,3.0,0.0,1.0,0.0,0.0,0.0,1.0,0.0,0.0,0.0,0.0,0.0,0.0,0.0,1.0,0.0,0.0,0.0,0.0,1.0,0.0,1,3,12.178187442040638
5,1776,888,1584,2,95.0,0,0,85.0,0,0,25,0,51,51,3.0,3.0,3.0,3.0,1.0,1.0,1.0,3.0,3.0,1.0,0.0,0.0,0.0,0.0,0.0,0.0,0.0,0.0,1.0,0.0,0.0,0.0,1.0,0.0,0.0,0.0,0.0,0.0,0.0,1,2,11.608235644774552
4,1208,539,780,1,0.0,0,152,52.0,0,0,23,0,84,59,3.0,3.0,3.0,3.0,1.0,4.0,1.0,3.0,3.0,1.0,0.0,0.0,0.0,0.0,0.0,0.0,0.0,0.0,1.0,0.0,0.0,0.0,0.0,1.0,0.0,0.0,0.0,1.0,0.0,1,1,11.542484267211773
8,1616,608,1595,2,0.0,1,1180,39.0,237,0,152,0,15,14,4.0,4.0,4.0,5.0,1.0,6.0,2.0,3.0,2.0,0.0,1.0,0.0,0.0,0.0,1.0,0.0,0.0,0.0,0.0,0.0,0.0,0.0,1.0,0.0,0.0,0.0,0.0,1.0,0.0,1,5,12.373703486914124
7,1146,438,868,2,442.0,1,786,73.0,160,0,22,0,4,4,4.0,4.0,5.0,5.0,3.0,6.0,3.0,3.0,2.0,0.0,1.0,0.0,0.0,0.0,1.0,0.0,0.0,0.0,0.0,0.0,0.0,0.0,1.0,0.0,0.0,0.0,0.0,1.0,0.0,1,4,12.141534124392603
7,2031,541,1153,2,202.0,1,252,75.0,192,878,84,1,10,9,4.0,4.0,4.0,5.0,3.0,5.0,3.0,3.0,2.0,0.0,1.0,0.0,0.0,0.0,1.0,0.0,0.0,0.0,0.0,0.0,0.0,0.0,1.0,0.0,0.0,0.0,0.0,1.0,0.0,1,3,12.312682380588432
5,1144,264,864,1,0.0,1,594,80.0,165,0,0,0,48,26,3.0,3.0,3.0,5.0,1.0,4.0,2.0,3.0,3.0,1.0,0.0,0.0,0.0,0.0,1.0,0.0,0.0,0.0,0.0,0.0,0.0,0.0,1.0,0.0,0.0,0.0,0.0,1.0,0.0,1,2,11.786001385032646
5,948,300,948,1,0.0,0,0,71.0,147,0,0,0,39,39,3.0,3.0,3.0,3.0,1.0,1.0,1.0,3.0,2.0,0.0,1.0,0.0,0.0,0.0,1.0,0.0,0.0,0.0,0.0,0.0,0.0,0.0,1.0,0.0,0.0,0.0,1.0,0.0,0.0,1,2,11.589886506106357
7,1768,320,880,1,0.0,2,390,60.0,0,888,341,1,92,36,3.0,3.0,4.0,2.0,2.0,3.0,1.0,1.0,3.0,0.0,0.0,0.0,0.0,0.0,0.0,0.0,0.0,0.0,1.0,0.0,0.0,0.0,0.0,1.0,0.0,0.0,0.0,1.0,0.0,0,1,12.0015054797889
3,1040,400,0,2,0.0,0,0,60.0,0,0,0,0,56,56,3.0,3.0,0.0,4.0,0.0,0.0,1.0,3.0,3.0,1.0,0.0,0.0,0.0,0.0,0.0,0.0,0.0,0.0,1.0,0.0,0.0,0.0,1.0,0.0,0.0,0.0,0.0,1.0,0.0,0,2,11.44571671527678
8,1801,800,893,2,0.0,1,0,72.0,0,900,116,1,1,1,4.0,4.0,4.0,5.0,1.0,1.0,3.0,3.0,2.0,0.0,1.0,0.0,0.0,0.0,1.0,0.0,0.0,0.0,0.0,0.0,0.0,0.0,1.0,0.0,0.0,0.0,0.0,1.0,0.0,1,3,12.387977448827787
5,1200,0,1200,3,0.0,0,1200,60.0,120,0,0,0,22,21,3.0,3.0,4.0,3.0,4.0,6.0,0.0,3.0,3.0,1.0,0.0,0.0,0.0,0.0,0.0,0.0,0.0,0.0,0.0,1.0,0.0,0.0,1.0,0.0,0.0,1.0,0.0,0.0,0.0,1,1,12.095141084822892
7,1728,572,864,2,0.0,0,0,65.0,187,864,56,1,5,5,4.0,4.0,4.0,5.0,1.0,1.0,2.0,3.0,2.0,0.0,1.0,0.0,0.0,0.0,1.0,0.0,0.0,0.0,0.0,0.0,0.0,0.0,1.0,0.0,0.0,0.0,0.0,1.0,0.0,1,3,12.154779351142624
5,1432,360,264,2,0.0,0,0,60.0,270,664,0,0,97,5,3.0,3.0,2.0,5.0,1.0,1.0,1.0,3.0,3.0,0.0,0.0,0.0,0.0,0.0,0.0,0.0,0.0,0.0,1.0,0.0,0.0,0.0,0.0,1.0,0.0,0.0,0.0,0.0,0.0,1,1,11.790557201568507
6,912,288,912,1,0.0,0,832,65.0,168,0,0,0,47,12,3.0,4.0,3.0,4.0,2.0,6.0,1.0,3.0,2.0,1.0,0.0,0.0,0.0,0.0,0.0,0.0,0.0,0.0,1.0,0.0,0.0,0.0,1.0,0.0,0.0,0.0,0.0,1.0,0.0,1,2,11.863582336583399
7,1349,539,1349,2,108.0,0,0,65.0,120,0,55,0,7,6,3.0,3.0,4.0,5.0,1.0,1.0,1.0,3.0,3.0,0.0,1.0,0.0,0.0,0.0,1.0,0.0,0.0,0.0,0.0,0.0,0.0,0.0,1.0,0.0,0.0,0.0,0.0,1.0,0.0,1,3,12.095141084822892
5,1464,480,520,2,0.0,1,444,70.0,302,0,0,0,46,10,3.0,3.0,4.0,5.0,3.0,5.0,2.0,3.0,2.0,1.0,0.0,0.0,0.0,0.0,1.0,0.0,0.0,0.0,0.0,0.0,0.0,0.0,1.0,0.0,0.0,0.0,0.0,1.0,0.0,1,2,12.072541252905651
8,1337,462,1337,2,0.0,1,733,41.0,96,0,0,0,15,15,4.0,4.0,4.0,4.0,1.0,6.0,2.0,3.0,2.0,0.0,1.0,0.0,0.0,0.0,1.0,0.0,0.0,0.0,0.0,0.0,0.0,0.0,1.0,0.0,0.0,0.0,0.0,1.0,0.0,1,5,12.100712129872347
8,2715,831,1142,3,289.0,2,575,80.0,0,1540,204,1,32,12,5.0,4.0,3.0,5.0,1.0,6.0,3.0,3.0,2.0,1.0,0.0,0.0,0.0,0.0,0.0,0.0,1.0,0.0,0.0,0.0,0.0,0.0,1.0,0.0,0.0,0.0,0.0,1.0,0.0,1,3,12.610870864650634
7,2256,554,952,2,0.0,1,300,65.0,224,1276,54,1,9,9,4.0,4.0,4.0,5.0,1.0,6.0,3.0,3.0,2.0,0.0,1.0,0.0,0.0,0.0,0.0,0.0,1.0,0.0,0.0,0.0,0.0,0.0,1.0,0.0,0.0,0.0,0.0,1.0,0.0,1,3,12.371587084007746
7,2640,864,1240,1,0.0,1,0,65.0,181,1320,0,1,129,6,4.0,4.0,3.0,3.0,1.0,1.0,1.0,1.0,2.0,0.0,0.0,0.0,1.0,0.0,0.0,0.0,0.0,0.0,1.0,0.0,0.0,0.0,0.0,1.0,0.0,0.0,0.0,1.0,0.0,0,1,12.491172637278908
7,1720,527,1720,2,338.0,1,919,59.0,240,0,56,0,14,14,4.0,4.0,4.0,5.0,1.0,6.0,3.0,3.0,2.0,0.0,1.0,0.0,0.0,0.0,1.0,0.0,0.0,0.0,0.0,0.0,0.0,0.0,1.0,0.0,0.0,0.0,0.0,1.0,0.0,1,5,12.46997418931655
4,1529,240,0,2,0.0,0,0,50.0,92,441,0,0,64,59,3.0,3.0,0.0,3.0,0.0,0.0,1.0,1.0,3.0,0.0,0.0,1.0,0.0,0.0,0.0,0.0,0.0,0.0,1.0,0.0,0.0,0.0,1.0,0.0,0.0,0.0,0.0,1.0,0.0,0,1,11.49272275765271
4,1140,0,576,1,0.0,0,0,55.0,0,348,160,0,100,6,3.0,3.0,3.0,4.0,1.0,1.0,0.0,1.0,3.0,0.0,0.0,0.0,0.0,0.0,0.0,0.0,0.0,0.0,0.0,1.0,0.0,0.0,0.0,1.0,0.0,0.0,0.0,1.0,0.0,1,1,11.477298287327077
7,1320,400,660,2,0.0,0,0,65.0,0,660,48,1,4,4,4.0,4.0,4.0,5.0,1.0,1.0,3.0,3.0,3.0,0.0,1.0,0.0,0.0,0.0,1.0,0.0,0.0,0.0,0.0,0.0,0.0,0.0,1.0,0.0,0.0,0.0,0.0,1.0,0.0,1,3,11.99535161421452
6,1494,576,1479,2,0.0,0,1200,79.0,168,0,27,0,9,9,3.0,4.0,4.0,5.0,4.0,6.0,2.0,3.0,2.0,0.0,1.0,0.0,0.0,0.0,1.0,0.0,0.0,0.0,0.0,0.0,0.0,0.0,1.0,0.0,0.0,0.0,0.0,1.0,0.0,1,3,12.287652632522597
8,2098,878,1030,2,178.0,1,0,80.0,192,1060,52,1,1,1,4.0,5.0,4.0,4.0,2.0,1.0,2.0,3.0,3.0,0.0,1.0,0.0,0.0,0.0,1.0,0.0,0.0,0.0,0.0,0.0,0.0,0.0,1.0,0.0,0.0,0.0,0.0,1.0,0.0,1,5,12.526342907575106
6,1026,440,1026,1,0.0,0,439,61.0,171,0,48,0,40,4,3.0,4.0,3.0,4.0,1.0,6.0,2.0,3.0,3.0,1.0,0.0,0.0,0.0,0.0,0.0,0.0,0.0,0.0,1.0,0.0,0.0,0.0,1.0,0.0,0.0,0.0,0.0,1.0,0.0,1,2,11.957611286231675
6,1471,440,729,2,894.0,0,381,34.0,0,729,24,1,10,10,3.0,3.0,4.0,4.0,1.0,6.0,1.0,3.0,3.0,0.0,1.0,0.0,0.0,0.0,0.0,0.0,0.0,0.0,1.0,0.0,1.0,0.0,0.0,0.0,0.0,0.0,0.0,1.0,0.0,1,4,12.058152515453552
8,1768,578,866,2,0.0,0,20,68.0,144,902,105,1,2,2,4.0,4.0,4.0,5.0,3.0,6.0,2.0,3.0,2.0,0.0,1.0,0.0,0.0,0.0,1.0,0.0,0.0,0.0,0.0,0.0,0.0,0.0,1.0,0.0,0.0,0.0,0.0,1.0,0.0,1,3,12.26434155365415
6,1386,440,672,2,328.0,1,438,71.0,335,714,0,1,32,32,3.0,3.0,3.0,3.0,2.0,3.0,3.0,3.0,2.0,1.0,0.0,0.0,0.0,0.0,1.0,0.0,0.0,0.0,0.0,0.0,0.0,0.0,1.0,0.0,0.0,0.0,0.0,0.0,0.0,1,2,11.976030352524807
7,1501,440,744,2,360.0,0,549,24.0,0,744,0,1,9,9,3.0,3.0,4.0,4.0,1.0,5.0,1.0,3.0,3.0,0.0,1.0,0.0,0.0,0.0,0.0,0.0,0.0,0.0,1.0,0.0,1.0,0.0,0.0,0.0,0.0,0.0,0.0,1.0,0.0,1,4,12.097373228606832
8,2531,752,1318,2,513.0,1,56,65.0,222,1203,98,1,12,12,4.0,4.0,4.0,5.0,3.0,2.0,2.0,3.0,2.0,0.0,1.0,0.0,0.0,0.0,1.0,0.0,0.0,0.0,0.0,0.0,0.0,0.0,1.0,0.0,0.0,0.0,0.0,1.0,0.0,1,5,12.577636201962656
6,864,300,864,1,0.0,0,612,70.0,0,0,0,0,50,50,3.0,3.0,3.0,5.0,1.0,3.0,1.0,3.0,3.0,1.0,0.0,0.0,0.0,0.0,0.0,0.0,0.0,0.0,1.0,0.0,0.0,0.0,1.0,0.0,0.0,0.0,0.0,1.0,0.0,1,2,11.755871643580617
5,1301,440,1145,1,0.0,0,405,60.0,0,0,0,0,85,59,3.0,2.0,3.0,3.0,2.0,2.0,1.0,3.0,3.0,0.0,1.0,0.0,0.0,0.0,0.0,0.0,0.0,0.0,1.0,0.0,0.0,0.0,0.0,1.0,0.0,0.0,0.0,1.0,0.0,1,1,11.512925464970229
7,1547,614,756,2,0.0,0,24,72.0,169,783,45,1,1,1,3.0,4.0,4.0,5.0,2.0,6.0,1.0,3.0,3.0,0.0,1.0,0.0,0.0,0.0,1.0,0.0,0.0,0.0,0.0,0.0,1.0,0.0,0.0,0.0,0.0,0.0,0.0,1.0,0.0,1,4,12.279323107269766
8,2365,856,1252,2,673.0,1,1163,82.0,0,1097,128,1,10,10,4.0,4.0,4.0,5.0,2.0,6.0,2.0,3.0,3.0,0.0,1.0,0.0,0.0,0.0,1.0,0.0,0.0,0.0,0.0,0.0,0.0,0.0,1.0,0.0,0.0,0.0,0.0,1.0,0.0,1,5,12.727838209334498
8,1494,481,1494,1,0.0,1,437,30.0,0,0,30,1,11,10,4.0,5.0,4.0,5.0,3.0,2.0,3.0,3.0,2.0,0.0,1.0,0.0,0.0,0.0,1.0,0.0,0.0,0.0,0.0,0.0,0.0,0.0,1.0,0.0,0.0,0.0,0.0,1.0,0.0,1,4,12.506177237980511
9,1506,592,1498,2,284.0,1,0,75.0,0,0,174,0,0,0,4.0,5.0,4.0,5.0,1.0,1.0,3.0,3.0,2.0,0.0,1.0,0.0,0.0,0.0,1.0,0.0,0.0,0.0,0.0,0.0,0.0,0.0,1.0,0.0,0.0,0.0,0.0,0.0,1.0,1,4,12.484204257170104
7,1714,496,980,2,42.0,1,394,80.0,228,734,66,1,22,22,3.0,3.0,4.0,3.0,1.0,6.0,1.0,3.0,3.0,1.0,0.0,0.0,0.0,0.0,1.0,0.0,0.0,0.0,0.0,0.0,0.0,0.0,1.0,0.0,0.0,0.0,0.0,1.0,0.0,1,3,12.188417710291453
6,1750,423,983,2,0.0,0,660,75.0,245,767,0,0,68,23,3.0,3.0,4.0,5.0,2.0,5.0,1.0,3.0,2.0,1.0,0.0,0.0,0.0,0.0,1.0,0.0,0.0,0.0,0.0,0.0,0.0,0.0,1.0,0.0,0.0,0.0,0.0,1.0,0.0,1,2,11.982929094215963
7,1836,484,1860,2,0.0,1,24,70.0,120,0,33,0,2,1,4.0,4.0,4.0,5.0,1.0,6.0,3.0,3.0,3.0,0.0,1.0,0.0,0.0,0.0,1.0,0.0,0.0,0.0,0.0,0.0,0.0,0.0,1.0,0.0,0.0,0.0,0.0,1.0,0.0,1,3,12.28690119819279
8,3279,841,1650,3,603.0,1,1416,47.0,503,1589,36,1,7,7,5.0,5.0,4.0,5.0,4.0,5.0,3.0,3.0,1.0,0.0,1.0,0.0,0.0,0.0,0.0,0.0,1.0,0.0,0.0,0.0,0.0,0.0,1.0,0.0,0.0,0.0,0.0,1.0,0.0,1,5,13.195613839143922
5,858,576,858,1,0.0,0,685,71.0,120,0,0,0,27,27,3.0,3.0,4.0,3.0,3.0,6.0,1.0,3.0,2.0,1.0,0.0,0.0,0.0,0.0,0.0,0.0,0.0,0.0,1.0,0.0,0.0,0.0,1.0,0.0,0.0,0.0,0.0,1.0,0.0,1,2,11.812289042195847
4,1220,396,836,1,0.0,0,836,67.0,0,0,0,0,55,55,3.0,3.0,2.0,3.0,1.0,2.0,1.0,3.0,3.0,1.0,0.0,0.0,0.0,0.0,0.0,0.0,0.0,0.0,1.0,0.0,0.0,0.0,1.0,0.0,0.0,0.0,0.0,1.0,0.0,1,1,11.532728092266408
6,1117,672,1029,1,0.0,1,422,94.0,144,0,0,0,34,34,3.0,3.0,3.0,3.0,3.0,5.0,1.0,3.0,3.0,1.0,0.0,0.0,0.0,0.0,0.0,0.0,0.0,0.0,1.0,0.0,0.0,0.0,1.0,0.0,0.0,0.0,0.0,0.0,0.0,1,1,11.580584113444043
5,912,275,912,1,1.0,0,456,70.0,0,0,0,0,49,49,3.0,3.0,3.0,5.0,1.0,3.0,2.0,3.0,3.0,1.0,0.0,0.0,0.0,0.0,1.0,0.0,0.0,0.0,0.0,0.0,0.0,0.0,1.0,0.0,0.0,0.0,0.0,1.0,0.0,1,2,11.648330101976432
8,1973,895,1935,2,375.0,1,0,110.0,315,0,45,0,1,1,4.0,4.0,4.0,4.0,3.0,1.0,3.0,3.0,3.0,0.0,1.0,0.0,0.0,0.0,1.0,0.0,0.0,0.0,0.0,0.0,0.0,0.0,1.0,0.0,0.0,0.0,0.0,0.0,1.0,1,5,12.886641043883259
6,1204,412,1204,2,320.0,0,866,32.0,0,0,247,0,11,11,3.0,3.0,5.0,5.0,1.0,6.0,3.0,3.0,3.0,0.0,1.0,0.0,0.0,0.0,1.0,0.0,0.0,0.0,0.0,0.0,0.0,0.0,0.0,1.0,0.0,0.0,0.0,1.0,0.0,1,2,11.99535161421452
7,1614,865,1614,2,240.0,0,20,86.0,144,0,59,0,1,0,4.0,4.0,4.0,5.0,3.0,6.0,2.0,3.0,2.0,0.0,1.0,0.0,0.0,0.0,1.0,0.0,0.0,0.0,0.0,0.0,0.0,0.0,1.0,0.0,0.0,0.0,0.0,0.0,1.0,1,3,12.308177868467327
5,894,440,864,1,0.0,1,762,100.0,241,0,0,0,32,32,3.0,3.0,3.0,3.0,1.0,5.0,1.0,3.0,2.0,1.0,0.0,0.0,0.0,0.0,1.0,0.0,0.0,0.0,0.0,0.0,0.0,0.0,1.0,0.0,0.0,0.0,0.0,1.0,0.0,1,2,11.867097278690842
5,2020,630,0,2,320.0,2,0,60.0,0,0,0,0,30,30,3.0,3.0,0.0,3.0,0.0,0.0,1.0,3.0,3.0,0.0,0.0,1.0,0.0,0.0,0.0,0.0,0.0,0.0,1.0,0.0,0.0,1.0,0.0,0.0,0.0,0.0,0.0,1.0,0.0,1,3,11.877568578558138
6,1004,504,975,1,90.0,0,975,78.0,0,0,0,0,29,29,3.0,3.0,4.0,3.0,4.0,6.0,1.0,3.0,3.0,1.0,0.0,0.0,0.0,0.0,1.0,0.0,0.0,0.0,0.0,0.0,0.0,0.0,1.0,0.0,0.0,0.0,0.0,1.0,0.0,1,2,11.813030057420567
7,1253,402,1237,2,38.0,1,0,63.0,220,0,21,0,12,11,3.0,3.0,4.0,4.0,1.0,1.0,3.0,3.0,3.0,0.0,1.0,0.0,0.0,0.0,1.0,0.0,0.0,0.0,0.0,0.0,0.0,0.0,1.0,0.0,0.0,0.0,0.0,1.0,0.0,1,3,12.078239274020289
6,1603,484,761,2,0.0,0,387,65.0,0,793,124,1,14,14,4.0,4.0,4.0,5.0,1.0,5.0,2.0,3.0,3.0,0.0,1.0,0.0,0.0,0.0,1.0,0.0,0.0,0.0,0.0,0.0,0.0,0.0,1.0,0.0,0.0,0.0,0.0,1.0,0.0,1,3,12.077670930725649
7,1430,605,1413,2,0.0,0,0,67.0,0,0,33,0,8,7,4.0,4.0,4.0,5.0,1.0,1.0,2.0,3.0,1.0,0.0,1.0,0.0,0.0,0.0,1.0,0.0,0.0,0.0,0.0,0.0,0.0,0.0,1.0,0.0,0.0,0.0,0.0,1.0,0.0,1,3,12.139398512262181
5,1110,602,1097,1,104.0,1,1097,73.0,303,0,30,0,31,31,3.0,4.0,4.0,5.0,3.0,6.0,3.0,3.0,2.0,0.0,1.0,0.0,0.0,0.0,1.0,0.0,0.0,0.0,0.0,0.0,0.0,0.0,1.0,0.0,0.0,0.0,0.0,1.0,0.0,1,2,12.016726473799254
6,1484,0,742,2,0.0,1,0,35.0,0,742,291,0,94,7,3.0,3.0,3.0,5.0,1.0,1.0,0.0,3.0,3.0,1.0,0.0,0.0,0.0,0.0,0.0,0.0,0.0,0.0,0.0,1.0,0.0,0.0,0.0,1.0,0.0,0.0,0.0,1.0,0.0,1,1,11.759785542901755
6,1342,457,1372,2,0.0,1,251,80.0,0,0,0,0,42,42,3.0,3.0,3.0,3.0,1.0,3.0,1.0,3.0,3.0,1.0,0.0,0.0,0.0,0.0,1.0,0.0,0.0,0.0,0.0,0.0,0.0,0.0,1.0,0.0,0.0,0.0,0.0,1.0,0.0,1,3,11.992260421644849
5,1652,416,686,2,0.0,0,686,60.0,0,686,0,0,95,60,3.0,3.0,2.0,3.0,1.0,2.0,1.0,3.0,3.0,0.0,1.0,0.0,0.0,0.0,0.0,0.0,0.0,0.0,1.0,0.0,0.0,0.0,0.0,1.0,0.0,0.0,0.0,1.0,0.0,1,1,11.842229212112828
7,2084,618,956,2,0.0,0,656,76.0,0,1128,45,1,6,6,4.0,4.0,4.0,5.0,1.0,6.0,2.0,3.0,2.0,0.0,1.0,0.0,0.0,0.0,0.0,0.0,1.0,0.0,0.0,0.0,0.0,0.0,1.0,0.0,0.0,0.0,0.0,1.0,0.0,1,3,12.358793732547838
4,901,281,901,1,0.0,0,0,50.0,0,0,0,0,54,8,3.0,3.0,3.0,5.0,1.0,1.0,1.0,3.0,3.0,1.0,0.0,0.0,0.0,0.0,0.0,0.0,0.0,0.0,1.0,0.0,0.0,0.0,0.0,1.0,0.0,0.0,0.0,1.0,0.0,1,1,11.588960151246226
6,2087,444,832,2,157.0,0,568,80.0,133,1111,168,1,41,0,3.0,4.0,3.0,4.0,4.0,2.0,3.0,3.0,2.0,1.0,0.0,0.0,0.0,0.0,1.0,0.0,0.0,0.0,0.0,0.0,0.0,0.0,1.0,0.0,0.0,0.0,0.0,1.0,0.0,1,4,12.141534124392603
7,1145,397,1145,2,11.0,1,16,43.0,100,0,16,0,4,3,4.0,4.0,4.0,5.0,1.0,6.0,3.0,3.0,3.0,0.0,1.0,0.0,0.0,0.0,1.0,0.0,0.0,0.0,0.0,0.0,0.0,0.0,1.0,0.0,0.0,0.0,0.0,1.0,0.0,1,3,11.984178313616395
6,1062,539,1029,1,0.0,2,539,73.0,120,0,0,0,31,31,3.0,3.0,4.0,3.0,3.0,5.0,2.0,3.0,2.0,0.0,1.0,0.0,0.0,0.0,1.0,0.0,0.0,0.0,0.0,0.0,0.0,0.0,1.0,0.0,0.0,0.0,0.0,1.0,0.0,1,2,11.896826395162552
7,2013,455,1117,2,0.0,1,862,92.0,180,886,130,1,11,10,4.0,3.0,4.0,5.0,3.0,6.0,1.0,3.0,2.0,0.0,1.0,0.0,0.0,0.0,1.0,0.0,0.0,0.0,0.0,0.0,0.0,0.0,1.0,0.0,0.0,0.0,0.0,1.0,0.0,1,5,12.50539915757667
8,1496,474,1496,2,140.0,0,0,76.0,168,0,130,0,0,0,4.0,4.0,4.0,5.0,3.0,1.0,3.0,3.0,3.0,0.0,1.0,0.0,0.0,0.0,1.0,0.0,0.0,0.0,0.0,0.0,0.0,0.0,1.0,0.0,0.0,0.0,0.0,0.0,1.0,1,4,12.323855681186558
7,1895,409,712,2,0.0,1,0,65.0,143,809,46,1,14,12,4.0,4.0,4.0,5.0,1.0,1.0,3.0,3.0,2.0,0.0,1.0,0.0,0.0,0.0,1.0,0.0,0.0,0.0,0.0,0.0,0.0,0.0,1.0,0.0,0.0,0.0,0.0,1.0,0.0,1,3,12.178187442040638
6,1564,476,650,2,130.0,1,0,70.0,0,676,50,1,30,29,3.0,3.0,4.0,3.0,1.0,1.0,1.0,3.0,3.0,1.0,0.0,0.0,0.0,0.0,1.0,0.0,0.0,0.0,0.0,0.0,0.0,0.0,1.0,0.0,0.0,0.0,0.0,1.0,0.0,1,3,12.049418835484797
6,1285,528,660,1,148.0,1,0,71.0,138,0,0,1,30,30,3.0,3.0,3.0,5.0,1.0,1.0,2.0,3.0,3.0,1.0,0.0,0.0,0.0,0.0,1.0,0.0,0.0,0.0,0.0,0.0,0.0,0.0,1.0,0.0,0.0,0.0,0.0,1.0,0.0,1,2,11.874090314181814
5,773,240,773,1,0.0,0,570,57.0,0,0,0,0,55,55,3.0,3.0,3.0,4.0,1.0,4.0,1.0,3.0,3.0,1.0,0.0,0.0,0.0,0.0,1.0,0.0,0.0,0.0,0.0,0.0,0.0,0.0,1.0,0.0,0.0,0.0,0.0,0.0,0.0,1,2,11.608235644774552
9,3140,820,1926,3,860.0,2,0,104.0,144,1174,78,1,1,0,5.0,5.0,5.0,5.0,1.0,1.0,3.0,3.0,3.0,0.0,1.0,0.0,0.0,0.0,0.0,0.0,1.0,0.0,0.0,0.0,0.0,0.0,1.0,0.0,0.0,0.0,0.0,0.0,1.0,1,5,13.091904169919621
5,1768,240,731,1,252.0,2,569,60.0,0,787,0,1,70,57,3.0,4.0,4.0,5.0,1.0,5.0,1.0,3.0,3.0,0.0,0.0,0.0,0.0,0.0,0.0,0.0,0.0,0.0,1.0,0.0,0.0,0.0,1.0,0.0,0.0,0.0,0.0,1.0,0.0,1,2,12.072541252905651
6,1688,603,616,2,0.0,0,462,79.0,403,1072,114,1,11,11,3.0,4.0,4.0,4.0,4.0,6.0,2.0,3.0,2.0,0.0,1.0,0.0,0.0,0.0,1.0,0.0,0.0,0.0,0.0,0.0,0.0,0.0,1.0,0.0,0.0,0.0,0.0,1.0,0.0,1,4,12.206072645530174
4,1196,440,1196,1,0.0,0,197,40.0,0,0,0,0,91,17,3.0,3.0,3.0,5.0,1.0,2.0,1.0,3.0,3.0,1.0,0.0,0.0,0.0,0.0,0.0,0.0,0.0,0.0,1.0,0.0,0.0,0.0,0.0,1.0,0.0,0.0,0.0,1.0,0.0,1,1,11.607326140391713
7,1456,410,728,2,0.0,1,648,63.0,36,728,18,1,3,3,4.0,4.0,4.0,5.0,3.0,6.0,3.0,3.0,3.0,0.0,1.0,0.0,0.0,0.0,1.0,0.0,0.0,0.0,0.0,0.0,0.0,0.0,1.0,0.0,0.0,0.0,0.0,1.0,0.0,1,3,12.14950229404178
9,2822,1020,1734,3,424.0,1,0,107.0,52,1088,170,1,1,0,5.0,5.0,5.0,5.0,4.0,1.0,2.0,3.0,3.0,0.0,1.0,0.0,0.0,0.0,0.0,0.0,1.0,0.0,0.0,0.0,0.0,0.0,1.0,0.0,0.0,0.0,0.0,0.0,1.0,1,5,13.275827535915461
5,1128,286,936,1,0.0,0,812,75.0,0,0,0,0,52,52,3.0,3.0,3.0,3.0,1.0,2.0,1.0,3.0,3.0,1.0,0.0,0.0,0.0,0.0,1.0,0.0,0.0,0.0,0.0,0.0,0.0,0.0,1.0,0.0,0.0,0.0,1.0,0.0,0.0,1,2,11.678439903447801
7,1428,554,1417,2,256.0,0,0,91.0,0,0,60,0,0,0,4.0,5.0,4.0,5.0,1.0,1.0,2.0,3.0,2.0,0.0,1.0,0.0,0.0,0.0,1.0,0.0,0.0,0.0,0.0,0.0,0.0,0.0,1.0,0.0,0.0,0.0,0.0,0.0,1.0,1,4,12.33569641332368
5,980,384,980,2,0.0,0,400,75.0,68,0,0,0,39,39,3.0,3.0,3.0,4.0,3.0,5.0,3.0,3.0,3.0,0.0,1.0,0.0,0.0,0.0,1.0,0.0,0.0,0.0,0.0,0.0,0.0,0.0,1.0,0.0,0.0,0.0,0.0,1.0,0.0,1,2,11.816726919301892
5,1576,528,1324,1,0.0,1,1309,144.0,0,504,312,1,86,5,3.0,4.0,3.0,5.0,4.0,6.0,2.0,3.0,3.0,1.0,0.0,0.0,0.0,0.0,1.0,0.0,0.0,0.0,0.0,0.0,0.0,0.0,1.0,0.0,0.0,0.0,0.0,1.0,0.0,1,1,12.31716669303576
5,1086,484,1024,1,1047.0,1,516,85.0,0,0,0,0,40,40,3.0,3.0,3.0,3.0,3.0,5.0,2.0,3.0,3.0,1.0,0.0,0.0,0.0,0.0,1.0,0.0,0.0,0.0,0.0,0.0,0.0,0.0,1.0,0.0,0.0,0.0,0.0,1.0,0.0,1,2,11.982616545377663
5,2138,360,849,2,0.0,0,0,90.0,40,1063,156,0,111,44,3.0,3.0,3.0,3.0,1.0,1.0,1.0,1.0,3.0,0.0,1.0,0.0,0.0,0.0,0.0,0.0,0.0,0.0,1.0,0.0,0.0,0.0,0.0,1.0,0.0,0.0,0.0,1.0,0.0,0,1,11.571194373094205
6,1309,484,1040,1,99.0,1,663,78.0,265,0,0,1,32,7,3.0,4.0,3.0,2.0,1.0,5.0,2.0,3.0,3.0,1.0,0.0,0.0,0.0,0.0,1.0,0.0,0.0,0.0,0.0,0.0,0.0,0.0,1.0,0.0,0.0,0.0,0.0,1.0,0.0,1,3,12.106252310247962
6,848,420,848,1,169.0,1,662,70.0,140,0,0,0,4,4,4.0,4.0,4.0,5.0,4.0,6.0,3.0,3.0,3.0,0.0,1.0,0.0,0.0,0.0,1.0,0.0,0.0,0.0,0.0,0.0,0.0,0.0,0.0,1.0,0.0,0.0,0.0,1.0,0.0,1,3,11.881034786534624
5,1044,504,540,1,0.0,0,0,66.0,0,0,0,0,58,58,2.0,2.0,3.0,3.0,3.0,1.0,1.0,1.0,3.0,1.0,0.0,0.0,0.0,0.0,0.0,1.0,0.0,0.0,0.0,0.0,0.0,0.0,0.0,0.0,0.0,1.0,0.0,0.0,0.0,0,1,10.932981961904135
6,1442,301,1442,1,243.0,0,608,75.0,0,0,0,1,49,49,3.0,3.0,3.0,4.0,1.0,3.0,2.0,3.0,3.0,1.0,0.0,0.0,0.0,0.0,1.0,0.0,0.0,0.0,0.0,0.0,0.0,0.0,1.0,0.0,0.0,0.0,0.0,1.0,0.0,1,2,11.969717200243734
5,1250,280,686,1,0.0,0,0,45.0,207,564,0,1,88,56,3.0,2.0,3.0,4.0,1.0,1.0,1.0,2.0,3.0,0.0,0.0,0.0,0.0,0.0,0.0,0.0,0.0,0.0,1.0,0.0,0.0,0.0,1.0,0.0,0.0,0.0,0.0,1.0,0.0,1,1,11.661345470088502
7,1661,598,1649,2,442.0,0,0,48.0,0,0,34,0,12,12,3.0,4.0,4.0,5.0,1.0,1.0,2.0,3.0,1.0,0.0,1.0,0.0,0.0,0.0,1.0,0.0,0.0,0.0,0.0,0.0,0.0,0.0,1.0,0.0,0.0,0.0,0.0,1.0,0.0,1,3,12.323411137947407
5,1008,275,1008,1,0.0,1,486,73.0,0,0,0,0,52,52,3.0,3.0,3.0,4.0,1.0,4.0,2.0,3.0,2.0,1.0,0.0,0.0,0.0,0.0,1.0,0.0,0.0,0.0,0.0,0.0,0.0,0.0,1.0,0.0,0.0,0.0,0.0,1.0,0.0,1,2,11.827736204810263
8,1689,857,1568,2,148.0,2,1218,73.0,150,0,59,0,6,6,4.0,4.0,4.0,5.0,1.0,6.0,2.0,3.0,2.0,0.0,1.0,0.0,0.0,0.0,1.0,0.0,0.0,0.0,0.0,0.0,0.0,0.0,1.0,0.0,0.0,0.0,0.0,1.0,0.0,1,2,12.509874099861838
6,1052,440,1010,1,80.0,0,504,80.0,0,0,0,0,39,39,3.0,3.0,3.0,4.0,3.0,6.0,1.0,3.0,3.0,1.0,0.0,0.0,0.0,0.0,1.0,0.0,0.0,0.0,0.0,0.0,0.0,0.0,1.0,0.0,0.0,0.0,0.0,1.0,0.0,1,4,11.951180395901384
7,1358,484,1358,2,128.0,1,733,44.0,192,0,35,0,1,0,4.0,4.0,4.0,5.0,2.0,6.0,2.0,3.0,2.0,0.0,1.0,0.0,0.0,0.0,1.0,0.0,0.0,0.0,0.0,0.0,0.0,0.0,1.0,0.0,0.0,0.0,0.0,0.0,1.0,1,5,12.319401330837177
7,1640,595,798,2,0.0,0,0,72.0,0,842,45,1,5,5,4.0,4.0,4.0,5.0,1.0,1.0,2.0,3.0,2.0,0.0,1.0,0.0,0.0,0.0,1.0,0.0,0.0,0.0,0.0,0.0,0.0,0.0,1.0,0.0,0.0,0.0,0.0,1.0,0.0,1,3,12.117241431823558
4,936,576,936,1,0.0,0,0,60.0,0,0,32,0,56,56,2.0,3.0,2.0,3.0,1.0,1.0,1.0,3.0,3.0,1.0,0.0,0.0,0.0,0.0,0.0,0.0,0.0,0.0,1.0,0.0,0.0,0.0,0.0,1.0,0.0,0.0,0.0,1.0,0.0,0,1,11.440354772135393
7,1733,433,847,2,0.0,1,0,65.0,100,886,48,1,4,4,4.0,4.0,4.0,5.0,4.0,1.0,3.0,3.0,2.0,0.0,1.0,0.0,0.0,0.0,0.0,0.0,1.0,0.0,0.0,0.0,0.0,0.0,1.0,0.0,0.0,0.0,1.0,0.0,0.0,1,3,12.323855681186558
6,1489,240,778,2,0.0,1,0,60.0,335,545,0,0,69,59,3.0,3.0,3.0,3.0,1.0,1.0,1.0,3.0,3.0,0.0,0.0,0.0,0.0,0.0,0.0,0.0,0.0,0.0,1.0,0.0,0.0,0.0,1.0,0.0,0.0,0.0,0.0,1.0,0.0,1,2,11.845819880243557
8,1489,776,1489,2,0.0,1,0,81.0,0,0,140,0,0,0,4.0,4.0,4.0,5.0,1.0,1.0,2.0,3.0,3.0,0.0,1.0,0.0,0.0,0.0,1.0,0.0,0.0,0.0,0.0,0.0,1.0,0.0,0.0,0.0,0.0,0.0,0.0,0.0,1.0,1,4,12.3570755190667
10,2084,1220,2078,2,816.0,1,1636,114.0,188,0,45,0,1,0,5.0,5.0,5.0,5.0,3.0,6.0,3.0,3.0,3.0,0.0,1.0,0.0,0.0,0.0,1.0,0.0,0.0,0.0,0.0,0.0,0.0,0.0,1.0,0.0,0.0,0.0,0.0,0.0,1.0,1,5,12.86099861326992
5,784,0,784,1,0.0,0,784,50.0,0,0,0,0,84,58,3.0,4.0,3.0,4.0,1.0,5.0,0.0,3.0,3.0,0.0,0.0,0.0,0.0,0.0,0.0,0.0,0.0,0.0,0.0,1.0,0.0,0.0,0.0,1.0,0.0,0.0,0.0,1.0,0.0,1,1,11.603679828238693
7,1434,527,1454,2,0.0,1,20,65.0,290,0,39,0,8,8,4.0,4.0,4.0,5.0,1.0,6.0,2.0,3.0,2.0,0.0,1.0,0.0,0.0,0.0,1.0,0.0,0.0,0.0,0.0,0.0,0.0,0.0,1.0,0.0,0.0,0.0,0.0,1.0,0.0,1,3,12.14950229404178
5,2126,538,1013,2,0.0,0,249,80.0,486,966,0,1,42,42,3.0,3.0,3.0,3.0,4.0,2.0,3.0,3.0,1.0,0.0,1.0,0.0,0.0,0.0,1.0,0.0,0.0,0.0,0.0,0.0,0.0,0.0,1.0,0.0,0.0,0.0,0.0,0.0,0.0,1,4,12.128111104060462
7,1223,480,600,2,0.0,0,0,24.0,0,623,166,1,1,1,4.0,4.0,4.0,5.0,1.0,1.0,2.0,3.0,3.0,0.0,1.0,0.0,0.0,0.0,0.0,0.0,0.0,0.0,1.0,0.0,1.0,0.0,0.0,0.0,0.0,0.0,0.0,1.0,0.0,1,4,11.900905258737373
6,1392,458,1392,1,387.0,2,1040,80.0,0,0,0,1,51,51,3.0,3.0,3.0,3.0,1.0,3.0,2.0,3.0,2.0,1.0,0.0,0.0,0.0,0.0,1.0,0.0,0.0,0.0,0.0,0.0,0.0,0.0,1.0,0.0,0.0,0.0,0.0,1.0,0.0,1,2,12.01974306733868
7,1200,480,600,2,0.0,0,0,30.0,0,600,166,1,1,1,3.0,4.0,4.0,5.0,1.0,1.0,2.0,3.0,3.0,0.0,1.0,0.0,0.0,0.0,0.0,0.0,0.0,0.0,1.0,0.0,1.0,0.0,0.0,0.0,0.0,0.0,0.0,1.0,0.0,1,4,11.925035115797062
7,1829,613,941,2,223.0,1,483,44.0,192,888,39,1,7,7,4.0,4.0,4.0,5.0,1.0,6.0,2.0,3.0,2.0,0.0,1.0,0.0,0.0,0.0,1.0,0.0,0.0,0.0,0.0,0.0,0.0,0.0,1.0,0.0,0.0,0.0,0.0,1.0,0.0,1,3,12.375815420117268
6,1516,472,1516,1,180.0,0,196,100.0,0,0,0,1,45,45,3.0,3.0,3.0,3.0,1.0,3.0,2.0,3.0,3.0,1.0,0.0,0.0,0.0,0.0,1.0,0.0,0.0,0.0,0.0,0.0,0.0,0.0,1.0,0.0,0.0,0.0,0.0,1.0,0.0,1,2,12.025749091398891
5,1144,456,1144,1,136.0,0,572,75.0,0,0,0,0,47,47,3.0,3.0,3.0,4.0,1.0,3.0,1.0,3.0,3.0,1.0,0.0,0.0,0.0,0.0,1.0,0.0,0.0,0.0,0.0,0.0,0.0,0.0,1.0,0.0,0.0,0.0,0.0,1.0,0.0,1,2,11.8490404949436
4,1067,436,1067,2,0.0,0,442,60.0,290,0,0,0,60,15,3.0,4.0,4.0,3.0,1.0,4.0,1.0,3.0,3.0,1.0,0.0,0.0,0.0,0.0,1.0,0.0,0.0,0.0,0.0,0.0,0.0,0.0,1.0,0.0,0.0,0.0,0.0,1.0,0.0,1,2,11.759785542901755
5,1559,812,1559,1,0.0,0,338,90.0,0,0,116,0,59,34,3.0,3.0,3.0,4.0,1.0,3.0,1.0,3.0,3.0,0.0,0.0,0.0,0.0,0.0,0.0,0.0,0.0,0.0,1.0,0.0,0.0,0.0,0.0,1.0,0.0,0.0,0.0,1.0,0.0,1,1,11.941455846009388
6,987,264,483,1,158.0,0,330,21.0,0,504,0,1,35,35,3.0,3.0,3.0,3.0,1.0,4.0,1.0,3.0,3.0,1.0,0.0,0.0,0.0,0.0,0.0,0.0,0.0,0.0,1.0,0.0,0.0,0.0,0.0,1.0,0.0,0.0,0.0,1.0,0.0,1,1,11.512925464970229
5,1099,352,1099,1,0.0,0,0,75.0,278,0,0,1,13,2,3.0,4.0,4.0,5.0,1.0,1.0,1.0,3.0,3.0,0.0,1.0,0.0,0.0,0.0,1.0,0.0,0.0,0.0,0.0,0.0,0.0,0.0,1.0,0.0,0.0,0.0,0.0,1.0,0.0,1,3,11.877568578558138
5,1200,240,768,1,0.0,0,352,70.0,0,432,0,0,62,13,3.0,3.0,3.0,5.0,1.0,4.0,1.0,3.0,3.0,1.0,0.0,0.0,0.0,0.0,0.0,0.0,0.0,0.0,1.0,0.0,0.0,0.0,1.0,0.0,0.0,0.0,0.0,1.0,0.0,1,1,11.779128505744886
6,1482,400,672,2,0.0,0,156,60.0,0,672,0,0,83,58,3.0,2.0,3.0,3.0,1.0,4.0,1.0,2.0,2.0,0.0,0.0,0.0,0.0,0.0,0.0,0.0,0.0,0.0,1.0,0.0,0.0,1.0,0.0,0.0,0.0,0.0,0.0,1.0,0.0,0,2,11.84939770159144
5,1539,686,650,2,0.0,1,0,60.0,70,581,78,0,104,6,3.0,4.0,3.0,4.0,1.0,1.0,1.0,2.0,3.0,0.0,1.0,0.0,0.0,0.0,0.0,0.0,0.0,0.0,1.0,0.0,0.0,0.0,0.0,1.0,0.0,0.0,0.0,1.0,0.0,1,1,11.967180737247824
6,1165,490,1127,1,183.0,0,312,82.0,0,0,129,1,42,42,3.0,3.0,3.0,3.0,4.0,3.0,2.0,3.0,3.0,1.0,0.0,0.0,0.0,0.0,1.0,0.0,0.0,0.0,0.0,0.0,0.0,0.0,1.0,0.0,0.0,0.0,0.0,1.0,0.0,1,2,12.071969661006694
5,1800,0,1800,2,0.0,0,0,80.0,0,0,0,0,46,46,3.0,3.0,3.0,5.0,1.0,1.0,0.0,3.0,3.0,1.0,0.0,0.0,0.0,0.0,0.0,0.0,0.0,0.0,0.0,1.0,0.0,0.0,1.0,0.0,0.0,0.0,0.0,1.0,0.0,0,2,11.856515169360305
5,1416,720,876,1,0.0,1,0,100.0,418,540,0,1,93,58,3.0,3.0,3.0,4.0,2.0,1.0,1.0,3.0,2.0,0.0,0.0,0.0,0.0,0.0,0.0,0.0,0.0,0.0,1.0,0.0,0.0,0.0,0.0,1.0,0.0,0.0,0.0,1.0,0.0,1,1,11.94405831982697
5,1701,611,1390,2,0.0,2,1390,71.0,0,0,0,0,32,26,3.0,3.0,4.0,3.0,4.0,5.0,3.0,3.0,2.0,1.0,0.0,0.0,0.0,0.0,0.0,1.0,0.0,0.0,0.0,0.0,0.0,0.0,1.0,0.0,0.0,0.0,0.0,1.0,0.0,1,2,12.049418835484797
7,1775,425,740,2,137.0,1,513,75.0,234,769,72,1,16,16,4.0,4.0,4.0,5.0,1.0,5.0,1.0,3.0,3.0,0.0,1.0,0.0,0.0,0.0,1.0,0.0,0.0,0.0,0.0,0.0,0.0,0.0,1.0,0.0,0.0,0.0,0.0,1.0,0.0,1,3,12.269047444691562
5,864,338,864,1,0.0,1,460,36.0,0,0,0,0,37,37,3.0,3.0,3.0,5.0,3.0,4.0,1.0,3.0,2.0,1.0,0.0,0.0,0.0,0.0,1.0,0.0,0.0,0.0,0.0,0.0,0.0,0.0,1.0,0.0,0.0,0.0,0.0,1.0,0.0,1,3,11.801856756822442
6,2358,360,907,3,0.0,1,0,75.0,486,1051,40,0,100,11,3.0,3.0,3.0,3.0,1.0,1.0,1.0,3.0,1.0,0.0,0.0,0.0,0.0,0.0,0.0,0.0,0.0,0.0,1.0,0.0,0.0,0.0,1.0,0.0,0.0,0.0,0.0,1.0,0.0,1,4,12.388394202324129
6,1855,512,528,2,360.0,1,0,80.0,113,761,100,1,31,13,4.0,3.0,3.0,5.0,1.0,1.0,2.0,3.0,3.0,1.0,0.0,0.0,0.0,0.0,1.0,0.0,0.0,0.0,0.0,0.0,0.0,0.0,1.0,0.0,0.0,0.0,0.0,1.0,0.0,1,4,12.138863895836725
6,848,420,848,1,170.0,0,659,36.0,140,0,0,0,4,4,4.0,4.0,4.0,5.0,3.0,6.0,3.0,3.0,3.0,0.0,1.0,0.0,0.0,0.0,1.0,0.0,0.0,0.0,0.0,0.0,0.0,0.0,0.0,1.0,0.0,0.0,0.0,1.0,0.0,1,3,11.786762130599957
8,1456,400,1273,2,40.0,1,0,43.0,143,0,20,0,3,3,4.0,4.0,4.0,5.0,4.0,1.0,3.0,3.0,3.0,0.0,1.0,0.0,0.0,0.0,1.0,0.0,0.0,0.0,0.0,0.0,0.0,0.0,1.0,0.0,0.0,0.0,0.0,1.0,0.0,1,3,12.2783933071098
7,1646,240,918,2,0.0,2,364,53.0,0,728,0,0,66,57,3.0,3.0,3.0,4.0,1.0,3.0,1.0,3.0,3.0,1.0,0.0,0.0,0.0,0.0,0.0,0.0,0.0,0.0,1.0,0.0,0.0,0.0,1.0,0.0,0.0,0.0,0.0,1.0,0.0,1,4,12.007621706806335
6,1445,645,1127,1,115.0,1,564,73.0,180,0,0,1,45,45,3.0,3.0,3.0,3.0,4.0,3.0,2.0,3.0,2.0,1.0,0.0,0.0,0.0,0.0,1.0,0.0,0.0,0.0,0.0,0.0,0.0,0.0,1.0,0.0,0.0,0.0,0.0,1.0,0.0,1,2,11.970350312009105
5,1779,454,1763,1,0.0,1,306,102.0,0,0,418,1,51,32,3.0,3.0,3.0,3.0,2.0,5.0,1.0,3.0,3.0,1.0,0.0,0.0,0.0,0.0,1.0,0.0,0.0,0.0,0.0,0.0,0.0,0.0,1.0,0.0,0.0,0.0,0.0,0.0,0.0,1,2,12.043553716032399
5,1040,260,1040,1,0.0,0,659,71.0,0,0,104,1,48,0,3.0,3.0,3.0,5.0,1.0,5.0,1.0,3.0,2.0,1.0,0.0,0.0,0.0,0.0,0.0,0.0,0.0,0.0,1.0,0.0,0.0,0.0,1.0,0.0,0.0,0.0,0.0,1.0,0.0,1,2,11.751942365440728
6,1026,576,940,1,0.0,0,505,70.0,0,0,0,0,30,30,3.0,3.0,4.0,3.0,4.0,6.0,1.0,3.0,2.0,1.0,0.0,0.0,0.0,0.0,0.0,0.0,0.0,0.0,1.0,0.0,0.0,0.0,1.0,0.0,0.0,0.0,0.0,1.0,0.0,1,3,11.898187865760873
6,1481,343,702,2,0.0,1,0,65.0,0,779,36,1,15,14,3.0,3.0,4.0,4.0,1.0,1.0,3.0,3.0,3.0,0.0,1.0,0.0,0.0,0.0,1.0,0.0,0.0,0.0,0.0,0.0,0.0,0.0,1.0,0.0,0.0,0.0,0.0,1.0,0.0,1,3,12.066810578196666
7,1370,479,1090,2,189.0,1,0,80.0,0,0,0,0,33,33,3.0,3.0,4.0,3.0,1.0,1.0,2.0,3.0,3.0,1.0,0.0,0.0,0.0,0.0,1.0,0.0,0.0,0.0,0.0,0.0,0.0,0.0,1.0,0.0,0.0,0.0,1.0,0.0,0.0,1,3,11.931635799828413
6,2654,619,1054,2,220.0,1,619,80.0,0,1142,65,1,38,22,3.0,4.0,3.0,3.0,2.0,4.0,1.0,3.0,2.0,1.0,0.0,0.0,0.0,0.0,1.0,0.0,0.0,0.0,0.0,0.0,0.0,0.0,1.0,0.0,0.0,0.0,0.0,1.0,0.0,1,3,12.429216196844383
7,1426,216,912,1,0.0,1,0,55.0,0,514,240,1,89,9,4.0,4.0,3.0,4.0,1.0,1.0,1.0,3.0,3.0,0.0,0.0,0.0,0.0,0.0,0.0,0.0,0.0,0.0,1.0,0.0,0.0,0.0,1.0,0.0,0.0,0.0,0.0,1.0,0.0,1,4,12.154516158615772
5,1039,504,1039,1,0.0,0,841,75.0,0,0,0,1,45,45,3.0,3.0,3.0,5.0,2.0,4.0,1.0,3.0,3.0,0.0,1.0,0.0,0.0,0.0,1.0,0.0,0.0,0.0,0.0,0.0,0.0,0.0,1.0,0.0,0.0,0.0,0.0,1.0,0.0,1,2,11.786762130599957
6,1097,480,1040,2,0.0,0,338,81.0,0,0,0,0,26,25,3.0,3.0,4.0,3.0,1.0,6.0,1.0,3.0,3.0,0.0,1.0,0.0,0.0,0.0,1.0,0.0,0.0,0.0,0.0,0.0,0.0,0.0,1.0,0.0,0.0,0.0,0.0,1.0,0.0,1,3,11.931635799828413
5,1148,672,1148,1,0.0,0,1148,70.0,0,0,0,0,50,50,3.0,3.0,3.0,3.0,1.0,4.0,1.0,3.0,3.0,1.0,0.0,0.0,0.0,0.0,1.0,0.0,0.0,0.0,0.0,0.0,0.0,0.0,1.0,0.0,0.0,0.0,0.0,1.0,0.0,1,2,11.794337924408413
7,1372,529,1372,2,0.0,0,0,72.0,0,0,140,0,1,0,4.0,4.0,5.0,5.0,1.0,1.0,3.0,3.0,3.0,0.0,1.0,0.0,0.0,0.0,1.0,0.0,0.0,0.0,0.0,0.0,1.0,0.0,0.0,0.0,0.0,0.0,0.0,0.0,1.0,1,4,12.431533509799543
5,1002,902,1002,1,76.0,0,828,73.0,0,0,0,0,39,39,3.0,3.0,3.0,3.0,1.0,4.0,1.0,3.0,2.0,1.0,0.0,0.0,0.0,0.0,0.0,0.0,0.0,0.0,1.0,0.0,0.0,0.0,1.0,0.0,0.0,0.0,0.0,1.0,0.0,1,2,11.908340237224891
8,1646,870,1638,2,274.0,1,0,67.0,192,0,80,0,1,0,4.0,4.0,4.0,5.0,3.0,1.0,2.0,3.0,2.0,0.0,1.0,0.0,0.0,0.0,1.0,0.0,0.0,0.0,0.0,0.0,0.0,0.0,1.0,0.0,0.0,0.0,0.0,0.0,1.0,1,4,12.424806488355683
4,1120,544,1040,1,0.0,0,932,85.0,168,0,0,1,46,46,3.0,2.0,3.0,3.0,1.0,5.0,2.0,3.0,3.0,1.0,0.0,0.0,0.0,0.0,1.0,0.0,0.0,0.0,0.0,0.0,0.0,0.0,1.0,0.0,0.0,0.0,0.0,1.0,0.0,1,2,11.76756768334381
5,2320,672,0,2,0.0,1,0,65.0,120,720,144,0,58,56,3.0,3.0,0.0,4.0,0.0,0.0,1.0,2.0,1.0,0.0,0.0,1.0,0.0,0.0,1.0,0.0,0.0,0.0,0.0,0.0,0.0,0.0,1.0,0.0,0.0,0.0,0.0,1.0,0.0,1,3,12.037653993905211
7,1949,574,1050,2,246.0,1,750,80.0,156,887,90,1,17,16,4.0,4.0,4.0,5.0,1.0,6.0,3.0,3.0,3.0,0.0,1.0,0.0,0.0,0.0,1.0,0.0,0.0,0.0,0.0,0.0,0.0,0.0,1.0,0.0,0.0,0.0,0.0,1.0,0.0,1,3,12.371587084007746
5,894,308,894,1,0.0,0,0,60.0,0,0,0,0,47,47,3.0,3.0,3.0,4.0,1.0,1.0,1.0,3.0,3.0,1.0,0.0,0.0,0.0,0.0,0.0,0.0,0.0,0.0,1.0,0.0,0.0,0.0,1.0,0.0,0.0,0.0,0.0,1.0,0.0,0,2,11.603679828238693
6,1682,523,804,2,116.0,0,505,70.0,0,878,77,1,12,12,3.0,4.0,4.0,5.0,1.0,6.0,2.0,3.0,3.0,0.0,1.0,0.0,0.0,0.0,1.0,0.0,0.0,0.0,0.0,0.0,0.0,0.0,1.0,0.0,0.0,0.0,0.0,1.0,0.0,1,3,12.20856952572876
5,910,414,105,1,0.0,0,0,74.0,196,0,0,0,55,12,4.0,4.0,3.0,4.0,3.0,1.0,1.0,3.0,3.0,0.0,0.0,0.0,1.0,0.0,1.0,0.0,0.0,0.0,0.0,0.0,0.0,0.0,1.0,0.0,0.0,0.0,0.0,1.0,0.0,1,2,11.661345470088502
5,1268,288,832,1,0.0,1,375,60.0,0,0,28,0,60,59,4.0,3.0,3.0,4.0,1.0,3.0,1.0,3.0,3.0,1.0,0.0,0.0,0.0,0.0,1.0,0.0,0.0,0.0,0.0,0.0,0.0,0.0,1.0,0.0,0.0,0.0,0.0,1.0,0.0,1,2,11.79810440720389
5,1131,200,676,1,0.0,0,0,52.0,26,455,0,1,68,59,3.0,3.0,3.0,5.0,1.0,1.0,1.0,3.0,3.0,1.0,0.0,0.0,0.0,0.0,0.0,0.0,0.0,0.0,1.0,0.0,0.0,0.0,0.0,1.0,0.0,0.0,0.0,0.0,0.0,1,1,11.104957226643945
8,2610,550,1184,2,0.0,1,64,75.0,208,1426,364,1,0,0,4.0,5.0,4.0,5.0,3.0,6.0,3.0,3.0,3.0,0.0,1.0,0.0,0.0,0.0,0.0,0.0,1.0,0.0,0.0,0.0,1.0,0.0,0.0,0.0,0.0,0.0,0.0,0.0,1.0,1,4,12.623061104072981
4,1040,648,1064,1,0.0,0,633,94.0,0,0,0,0,44,44,3.0,3.0,3.0,4.0,4.0,5.0,1.0,3.0,3.0,0.0,1.0,0.0,0.0,0.0,1.0,0.0,0.0,0.0,0.0,0.0,0.0,0.0,1.0,0.0,0.0,0.0,0.0,1.0,0.0,1,2,11.792449349720545
9,2224,738,1462,2,216.0,1,1170,74.0,184,762,0,1,5,4,4.0,5.0,5.0,5.0,1.0,6.0,3.0,3.0,3.0,0.0,1.0,0.0,0.0,0.0,1.0,0.0,0.0,0.0,0.0,0.0,0.0,0.0,1.0,0.0,0.0,0.0,0.0,1.0,0.0,1,5,12.765688433465597
5,1155,576,1109,1,0.0,0,899,88.0,192,0,0,0,49,15,3.0,4.0,3.0,3.0,3.0,5.0,1.0,3.0,2.0,1.0,0.0,0.0,0.0,0.0,0.0,0.0,0.0,0.0,1.0,0.0,0.0,0.0,1.0,0.0,0.0,0.0,0.0,1.0,0.0,1,2,11.904967552746252
5,864,336,864,1,90.0,0,646,70.0,0,0,0,0,31,4,4.0,3.0,3.0,5.0,1.0,5.0,1.0,3.0,2.0,1.0,0.0,0.0,0.0,0.0,1.0,0.0,0.0,0.0,0.0,0.0,0.0,0.0,1.0,0.0,0.0,0.0,0.0,1.0,0.0,1,3,11.824079893607152
5,1090,450,1090,1,0.0,0,980,60.0,0,0,49,1,2,1,3.0,3.0,5.0,4.0,1.0,5.0,3.0,3.0,3.0,0.0,1.0,0.0,0.0,0.0,1.0,0.0,0.0,0.0,0.0,0.0,0.0,0.0,1.0,0.0,0.0,0.0,0.0,1.0,0.0,1,1,11.964001084330445
7,1717,400,1156,2,117.0,1,902,44.0,168,530,36,1,17,16,4.0,4.0,4.0,5.0,2.0,2.0,2.0,3.0,2.0,1.0,0.0,0.0,0.0,0.0,1.0,0.0,0.0,0.0,0.0,0.0,0.0,0.0,1.0,0.0,0.0,0.0,0.0,1.0,0.0,1,4,12.141534124392603
6,1593,389,808,2,0.0,1,0,65.0,342,785,40,1,17,16,3.0,3.0,4.0,4.0,1.0,1.0,2.0,3.0,2.0,0.0,1.0,0.0,0.0,0.0,0.0,0.0,1.0,0.0,0.0,0.0,0.0,0.0,1.0,0.0,0.0,0.0,0.0,1.0,0.0,1,3,12.089538829274222
4,2230,440,795,1,0.0,0,0,60.0,0,795,188,0,94,56,4.0,3.0,3.0,3.0,1.0,1.0,1.0,3.0,3.0,0.0,1.0,0.0,0.0,0.0,0.0,0.0,0.0,0.0,1.0,0.0,0.0,0.0,1.0,0.0,0.0,0.0,0.0,1.0,0.0,0,2,11.682668239557323
5,892,288,892,1,60.0,0,432,65.0,0,0,0,0,42,42,3.0,3.0,3.0,3.0,1.0,4.0,2.0,3.0,3.0,1.0,0.0,0.0,0.0,0.0,1.0,0.0,0.0,0.0,0.0,0.0,0.0,0.0,1.0,0.0,0.0,0.0,0.0,1.0,0.0,1,2,11.512925464970229
9,1709,506,1698,2,60.0,1,1238,50.0,97,0,65,0,9,8,4.0,4.0,5.0,5.0,3.0,6.0,3.0,3.0,2.0,0.0,1.0,0.0,0.0,0.0,1.0,0.0,0.0,0.0,0.0,0.0,1.0,0.0,0.0,0.0,0.0,0.0,0.0,0.0,0.0,1,4,12.703509032177148
5,1712,588,1626,2,122.0,0,528,70.0,272,0,54,0,47,1,3.0,3.0,3.0,5.0,1.0,2.0,3.0,3.0,3.0,1.0,0.0,0.0,0.0,0.0,1.0,0.0,0.0,0.0,0.0,0.0,0.0,0.0,1.0,0.0,0.0,0.0,1.0,0.0,0.0,1,2,11.884489021402711
5,1393,300,816,1,0.0,0,0,59.0,121,521,0,1,53,53,3.0,3.0,3.0,3.0,1.0,1.0,1.0,3.0,2.0,0.0,1.0,0.0,0.0,0.0,1.0,0.0,0.0,0.0,0.0,0.0,0.0,0.0,1.0,0.0,0.0,0.0,0.0,1.0,0.0,1,1,11.816726919301892
8,2217,621,2217,2,0.0,1,351,95.0,81,0,207,0,37,37,4.0,4.0,3.0,5.0,4.0,5.0,1.0,3.0,2.0,0.0,1.0,0.0,0.0,0.0,1.0,0.0,0.0,0.0,0.0,0.0,0.0,0.0,1.0,0.0,0.0,0.0,0.0,1.0,0.0,1,2,12.498742259492994
6,1505,505,1505,1,90.0,1,1024,128.0,0,0,0,0,56,56,3.0,3.0,3.0,5.0,1.0,4.0,2.0,3.0,3.0,1.0,0.0,0.0,0.0,0.0,1.0,0.0,0.0,0.0,0.0,0.0,0.0,0.0,1.0,0.0,0.0,0.0,0.0,1.0,0.0,1,2,11.915051671812877
5,924,576,672,1,0.0,1,0,60.0,0,252,0,0,58,1,3.0,3.0,3.0,5.0,2.0,1.0,1.0,3.0,3.0,1.0,0.0,0.0,0.0,0.0,0.0,0.0,0.0,0.0,1.0,0.0,0.0,0.0,1.0,0.0,0.0,0.0,0.0,1.0,0.0,1,2,11.719126295554126
6,1683,440,918,2,92.0,1,226,70.0,243,765,0,1,31,31,3.0,3.0,3.0,4.0,1.0,2.0,2.0,3.0,3.0,1.0,0.0,0.0,0.0,0.0,1.0,0.0,0.0,0.0,0.0,0.0,0.0,0.0,1.0,0.0,0.0,0.0,0.0,1.0,0.0,1,2,12.058152515453552
6,1068,264,1059,1,0.0,0,663,70.0,192,0,0,0,43,3,3.0,3.0,3.0,3.0,1.0,6.0,2.0,3.0,3.0,1.0,0.0,0.0,0.0,0.0,1.0,0.0,0.0,0.0,0.0,0.0,0.0,0.0,1.0,0.0,0.0,0.0,0.0,1.0,0.0,1,2,11.947949375319936
5,1383,354,1383,1,0.0,1,1064,71.0,511,0,116,0,54,54,3.0,3.0,4.0,3.0,2.0,4.0,1.0,3.0,3.0,0.0,1.0,0.0,0.0,0.0,1.0,0.0,0.0,0.0,0.0,0.0,0.0,0.0,1.0,0.0,0.0,0.0,0.0,1.0,0.0,1,2,12.013700752882718
5,1535,400,0,2,0.0,0,0,64.0,0,0,0,0,30,30,3.0,3.0,0.0,3.0,0.0,0.0,1.0,3.0,3.0,0.0,0.0,1.0,0.0,0.0,1.0,0.0,0.0,0.0,0.0,0.0,0.0,0.0,1.0,0.0,0.0,1.0,0.0,0.0,0.0,1,3,11.685684782260491
6,1796,483,780,1,415.0,1,400,71.0,0,813,50,1,45,45,3.0,3.0,3.0,3.0,1.0,4.0,2.0,3.0,3.0,1.0,0.0,0.0,0.0,0.0,1.0,0.0,0.0,0.0,0.0,0.0,0.0,0.0,1.0,0.0,0.0,0.0,0.0,1.0,0.0,1,2,11.84939770159144
4,951,327,951,1,0.0,0,285,50.0,0,0,28,0,70,56,3.0,3.0,3.0,5.0,1.0,5.0,1.0,3.0,3.0,0.0,0.0,0.0,0.0,0.0,0.0,0.0,0.0,0.0,1.0,0.0,0.0,0.0,0.0,1.0,0.0,0.0,0.0,0.0,0.0,0,1,11.575900264131617
5,2240,528,0,2,0.0,0,0,64.0,154,1120,0,0,30,30,3.0,3.0,0.0,3.0,0.0,0.0,1.0,3.0,3.0,0.0,0.0,1.0,0.0,0.0,0.0,0.0,0.0,0.0,1.0,0.0,0.0,0.0,1.0,0.0,0.0,1.0,0.0,0.0,0.0,1,3,11.870271183889114
9,2364,820,2330,2,760.0,2,2188,100.0,0,0,67,1,1,0,5.0,5.0,5.0,5.0,4.0,6.0,3.0,3.0,2.0,0.0,1.0,0.0,0.0,0.0,1.0,0.0,0.0,0.0,0.0,0.0,0.0,0.0,1.0,0.0,0.0,0.0,0.0,0.0,1.0,1,5,13.323926946863102
5,1236,288,912,1,0.0,1,465,65.0,0,0,0,0,45,12,3.0,3.0,3.0,3.0,1.0,4.0,1.0,3.0,3.0,1.0,0.0,0.0,0.0,0.0,1.0,0.0,0.0,0.0,0.0,0.0,0.0,0.0,1.0,0.0,0.0,0.0,0.0,1.0,0.0,1,2,11.813030057420567
4,858,684,858,1,0.0,0,322,73.0,0,0,0,0,36,36,3.0,3.0,3.0,3.0,1.0,5.0,1.0,3.0,2.0,1.0,0.0,0.0,0.0,0.0,0.0,0.0,0.0,0.0,1.0,0.0,0.0,0.0,1.0,0.0,0.0,0.0,0.0,1.0,0.0,1,2,11.608235644774552
5,1306,756,992,1,0.0,0,860,64.0,0,0,0,0,52,9,3.0,3.0,3.0,3.0,2.0,4.0,1.0,3.0,2.0,1.0,0.0,0.0,0.0,0.0,0.0,0.0,0.0,0.0,1.0,0.0,0.0,0.0,1.0,0.0,0.0,0.0,0.0,1.0,0.0,1,2,11.938193200374572
7,1509,393,783,2,0.0,1,0,63.0,0,702,75,1,3,3,4.0,4.0,4.0,5.0,1.0,1.0,3.0,3.0,3.0,0.0,1.0,0.0,0.0,0.0,1.0,0.0,0.0,0.0,0.0,0.0,0.0,0.0,1.0,0.0,0.0,0.0,0.0,1.0,0.0,1,3,12.100712129872347
7,1670,690,1670,2,27.0,1,0,50.0,144,0,60,0,0,0,4.0,4.0,4.0,5.0,1.0,1.0,2.0,3.0,2.0,0.0,1.0,0.0,0.0,0.0,1.0,0.0,0.0,0.0,0.0,0.0,0.0,0.0,1.0,0.0,0.0,0.0,0.0,0.0,1.0,1,3,12.388394202324129
5,902,288,876,1,75.0,0,599,71.0,0,0,0,0,40,40,3.0,3.0,3.0,3.0,1.0,6.0,1.0,3.0,2.0,1.0,0.0,0.0,0.0,0.0,1.0,0.0,0.0,0.0,0.0,0.0,0.0,0.0,1.0,0.0,0.0,0.0,0.0,1.0,0.0,1,2,11.740061037553975
5,1063,280,1056,1,110.0,0,354,80.0,0,0,0,0,56,56,3.0,3.0,3.0,3.0,1.0,3.0,2.0,3.0,3.0,1.0,0.0,0.0,0.0,0.0,1.0,0.0,0.0,0.0,0.0,0.0,0.0,0.0,1.0,0.0,0.0,0.0,0.0,1.0,0.0,1,2,11.759785542901755
8,1636,865,1623,2,208.0,1,63,116.0,0,0,60,0,1,1,4.0,4.0,4.0,5.0,1.0,6.0,2.0,3.0,2.0,0.0,1.0,0.0,0.0,0.0,1.0,0.0,0.0,0.0,0.0,0.0,0.0,0.0,1.0,0.0,0.0,0.0,0.0,1.0,0.0,1,4,12.449018824140563
7,2057,180,1017,1,0.0,1,223,86.0,0,1037,0,1,70,19,4.0,4.0,4.0,4.0,1.0,3.0,3.0,3.0,2.0,1.0,0.0,0.0,0.0,0.0,1.0,0.0,0.0,0.0,0.0,0.0,0.0,0.0,1.0,0.0,0.0,0.0,0.0,1.0,0.0,1,4,12.429216196844383
5,902,484,864,1,0.0,0,301,73.0,164,0,0,0,23,23,3.0,3.0,4.0,3.0,3.0,4.0,1.0,3.0,2.0,1.0,0.0,0.0,0.0,0.0,1.0,0.0,0.0,0.0,0.0,0.0,0.0,0.0,1.0,0.0,0.0,0.0,0.0,1.0,0.0,1,2,11.782952602183288
6,1484,390,742,2,0.0,1,0,149.0,36,742,24,1,4,4,4.0,4.0,4.0,5.0,1.0,1.0,3.0,3.0,1.0,0.0,1.0,0.0,0.0,0.0,1.0,0.0,0.0,0.0,0.0,0.0,0.0,0.0,1.0,0.0,0.0,0.0,0.0,1.0,0.0,1,3,12.066810578196666
5,2274,480,1105,2,361.0,0,443,80.0,0,1169,0,0,50,50,3.0,3.0,3.0,3.0,1.0,3.0,1.0,3.0,3.0,1.0,0.0,0.0,0.0,0.0,0.0,0.0,0.0,0.0,1.0,0.0,0.0,0.0,1.0,0.0,0.0,0.0,0.0,1.0,0.0,1,2,11.946654038351252
5,1268,252,1268,1,0.0,0,196,70.0,173,0,0,1,32,20,3.0,4.0,4.0,3.0,3.0,5.0,1.0,3.0,2.0,1.0,0.0,0.0,0.0,0.0,0.0,0.0,0.0,0.0,1.0,0.0,0.0,0.0,1.0,0.0,0.0,0.0,0.0,1.0,0.0,1,3,11.874090314181814
5,1015,450,768,1,0.0,0,489,51.0,0,0,0,0,81,56,3.0,3.0,3.0,3.0,1.0,3.0,1.0,3.0,3.0,0.0,0.0,0.0,0.0,0.0,0.0,0.0,0.0,0.0,1.0,0.0,0.0,0.0,0.0,1.0,0.0,0.0,0.0,0.0,0.0,0,1,11.385092093460344
5,2002,871,1001,2,0.0,0,284,82.0,0,1001,0,0,58,57,3.0,3.0,3.0,3.0,1.0,4.0,1.0,3.0,3.0,1.0,0.0,0.0,0.0,0.0,0.0,0.0,0.0,0.0,0.0,0.0,0.0,1.0,0.0,0.0,0.0,0.0,0.0,1.0,0.0,0,4,11.884489021402711
6,1224,528,612,2,76.0,0,294,30.0,0,612,234,1,0,0,4.0,4.0,4.0,5.0,3.0,6.0,2.0,3.0,3.0,0.0,1.0,0.0,0.0,0.0,0.0,0.0,0.0,0.0,1.0,0.0,1.0,0.0,0.0,0.0,0.0,0.0,0.0,0.0,1.0,1,4,12.065274916913605
4,1092,286,546,1,80.0,0,0,21.0,0,546,0,1,37,37,3.0,3.0,3.0,2.0,1.0,1.0,1.0,3.0,3.0,1.0,0.0,0.0,0.0,0.0,1.0,0.0,0.0,0.0,0.0,0.0,0.0,0.0,0.0,1.0,0.0,0.0,0.0,1.0,0.0,1,1,11.225243392518447
2,480,308,480,0,0.0,0,50,50.0,0,0,0,0,57,56,3.0,3.0,3.0,3.0,3.0,4.0,1.0,3.0,3.0,1.0,0.0,0.0,0.0,0.0,0.0,0.0,0.0,0.0,1.0,0.0,0.0,0.0,0.0,0.0,0.0,0.0,0.0,0.0,0.0,0,1,10.47194980911048
4,1229,284,1134,1,0.0,0,1059,65.5,0,0,0,0,53,53,3.0,3.0,3.0,5.0,1.0,5.0,2.0,3.0,3.0,1.0,0.0,0.0,0.0,0.0,1.0,0.0,0.0,0.0,0.0,0.0,0.0,0.0,1.0,0.0,0.0,0.0,0.0,1.0,0.0,1,1,11.813030057420567
7,2127,833,1104,2,0.0,1,48,103.0,72,1215,192,1,16,16,4.0,4.0,5.0,5.0,2.0,4.0,2.0,3.0,2.0,0.0,1.0,0.0,0.0,0.0,1.0,0.0,0.0,0.0,0.0,0.0,0.0,0.0,1.0,0.0,0.0,0.0,0.0,1.0,0.0,1,3,12.380025952653611
6,1414,601,1184,1,0.0,1,528,87.0,0,0,51,0,50,6,5.0,3.0,4.0,5.0,1.0,5.0,1.0,3.0,2.0,1.0,0.0,0.0,0.0,0.0,1.0,0.0,0.0,0.0,0.0,0.0,0.0,0.0,1.0,0.0,0.0,0.0,0.0,1.0,0.0,1,2,12.081076155355488
6,1721,471,928,2,105.0,0,814,70.0,300,785,87,1,13,13,4.0,4.0,4.0,5.0,1.0,6.0,2.0,3.0,2.0,0.0,1.0,0.0,0.0,0.0,1.0,0.0,0.0,0.0,0.0,0.0,0.0,0.0,1.0,0.0,0.0,0.0,0.0,1.0,0.0,1,3,12.211060187041213
5,2200,0,1272,2,0.0,0,1084,67.0,0,928,70,2,108,5,3.0,3.0,3.0,4.0,1.0,5.0,0.0,1.0,3.0,1.0,0.0,0.0,0.0,0.0,0.0,0.0,0.0,0.0,0.0,1.0,0.0,0.0,1.0,0.0,0.0,0.0,0.0,1.0,0.0,1,1,11.890676734510876
6,1316,397,1316,2,0.0,1,28,65.0,100,0,0,0,1,0,4.0,4.0,4.0,5.0,1.0,6.0,3.0,3.0,3.0,0.0,1.0,0.0,0.0,0.0,1.0,0.0,0.0,0.0,0.0,0.0,0.0,0.0,1.0,0.0,0.0,0.0,0.0,0.0,1.0,1,3,12.043494890772815
6,1617,533,1604,2,0.0,1,165,50.0,0,0,69,0,15,14,4.0,4.0,4.0,5.0,1.0,2.0,2.0,3.0,3.0,0.0,1.0,0.0,0.0,0.0,1.0,0.0,0.0,0.0,0.0,0.0,0.0,0.0,1.0,0.0,0.0,0.0,0.0,1.0,0.0,1,3,12.170445467887022
6,1686,612,1686,2,157.0,1,625,79.0,384,0,131,0,26,26,3.0,3.0,4.0,3.0,1.0,4.0,1.0,3.0,3.0,1.0,0.0,0.0,0.0,0.0,1.0,0.0,0.0,0.0,0.0,0.0,0.0,0.0,1.0,0.0,0.0,0.0,0.0,1.0,0.0,1,3,12.24288661865289
5,1126,540,1126,2,0.0,0,767,80.0,180,0,0,0,31,31,3.0,5.0,4.0,3.0,3.0,5.0,2.0,3.0,2.0,0.0,1.0,0.0,0.0,0.0,1.0,0.0,0.0,0.0,0.0,0.0,0.0,0.0,1.0,0.0,0.0,0.0,0.0,0.0,0.0,1,3,12.072541252905651
8,2374,656,1181,2,340.0,1,0,93.0,104,1140,100,1,4,3,4.0,5.0,4.0,5.0,1.0,1.0,3.0,3.0,3.0,0.0,1.0,0.0,0.0,0.0,0.0,0.0,1.0,0.0,0.0,0.0,0.0,0.0,1.0,0.0,0.0,0.0,0.0,1.0,0.0,1,5,12.560244459250788
7,1978,486,832,2,342.0,1,552,80.0,0,880,43,1,40,40,3.0,3.0,3.0,4.0,1.0,4.0,2.0,3.0,3.0,1.0,0.0,0.0,0.0,0.0,1.0,0.0,0.0,0.0,0.0,0.0,0.0,0.0,1.0,0.0,0.0,0.0,0.0,1.0,0.0,1,3,12.078239274020289
8,1788,522,1753,2,0.0,1,0,70.0,202,0,151,0,8,8,4.0,5.0,4.0,5.0,3.0,1.0,2.0,3.0,3.0,0.0,1.0,0.0,0.0,0.0,1.0,0.0,0.0,0.0,0.0,0.0,0.0,0.0,1.0,0.0,0.0,0.0,0.0,1.0,0.0,1,3,12.373703486914124
7,2236,642,964,2,285.0,1,0,65.0,0,1243,0,1,9,9,3.0,4.0,4.0,4.0,1.0,1.0,3.0,3.0,2.0,0.0,1.0,0.0,0.0,0.0,0.0,0.0,1.0,0.0,0.0,0.0,0.0,0.0,1.0,0.0,0.0,0.0,0.0,1.0,0.0,1,3,12.310432660854417
8,1466,610,1466,2,0.0,0,16,73.0,100,0,18,0,2,2,4.0,4.0,4.0,5.0,3.0,6.0,3.0,3.0,2.0,0.0,1.0,0.0,0.0,0.0,1.0,0.0,0.0,0.0,0.0,0.0,0.0,0.0,1.0,0.0,0.0,0.0,0.0,1.0,0.0,1,4,12.211060187041213
5,925,429,925,1,0.0,0,338,70.0,0,0,0,0,44,44,3.0,3.0,3.0,5.0,1.0,4.0,1.0,3.0,3.0,1.0,0.0,0.0,0.0,0.0,0.0,0.0,0.0,0.0,1.0,0.0,0.0,0.0,1.0,0.0,0.0,0.0,0.0,1.0,0.0,1,2,11.67419361256635
9,1905,788,1905,2,302.0,1,0,84.0,0,0,191,0,1,1,5.0,5.0,5.0,5.0,1.0,1.0,3.0,3.0,2.0,0.0,1.0,0.0,0.0,0.0,1.0,0.0,0.0,0.0,0.0,0.0,0.0,0.0,1.0,0.0,0.0,0.0,0.0,1.0,0.0,1,4,12.676076274775909
7,1500,570,1500,2,210.0,0,20,63.0,192,0,36,0,5,5,4.0,4.0,4.0,5.0,3.0,6.0,2.0,3.0,3.0,0.0,1.0,0.0,0.0,0.0,1.0,0.0,0.0,0.0,0.0,0.0,0.0,0.0,1.0,0.0,0.0,0.0,0.0,1.0,0.0,1,3,12.154779351142624
7,2069,505,585,2,0.0,1,425,313.0,0,0,0,0,48,1,3.0,4.0,4.0,5.0,4.0,6.0,2.0,3.0,1.0,1.0,0.0,0.0,0.0,0.0,1.0,0.0,0.0,0.0,0.0,0.0,0.0,0.0,1.0,0.0,0.0,0.0,0.0,1.0,0.0,1,2,12.396693005138824
4,747,528,600,1,108.0,0,0,52.0,0,0,0,0,80,53,3.0,3.0,2.0,4.0,2.0,1.0,1.0,3.0,2.0,0.0,1.0,0.0,0.0,0.0,0.0,0.0,0.0,0.0,1.0,0.0,0.0,0.0,1.0,0.0,0.0,0.0,0.0,1.0,0.0,1,1,11.288531131754366
7,1200,555,1176,2,0.0,0,833,67.0,0,0,41,0,6,6,4.0,4.0,4.0,5.0,1.0,6.0,2.0,3.0,3.0,0.0,1.0,0.0,0.0,0.0,1.0,0.0,0.0,0.0,0.0,0.0,0.0,0.0,1.0,0.0,0.0,0.0,0.0,1.0,0.0,1,3,12.127570417375216
7,1971,689,1113,2,0.0,1,341,75.0,0,858,48,1,4,4,4.0,4.0,4.0,5.0,2.0,6.0,2.0,3.0,3.0,0.0,1.0,0.0,0.0,0.0,1.0,0.0,0.0,0.0,0.0,0.0,0.0,0.0,1.0,0.0,0.0,0.0,0.0,1.0,0.0,1,4,12.441144767709657
7,1962,868,1391,2,0.0,0,464,73.0,0,571,90,1,0,0,4.0,4.0,4.0,5.0,2.0,6.0,2.0,3.0,3.0,0.0,1.0,0.0,0.0,0.0,1.0,0.0,0.0,0.0,0.0,0.0,0.0,0.0,1.0,0.0,0.0,0.0,0.0,0.0,1.0,1,3,12.38755635142507
7,2403,349,1032,2,0.0,2,0,80.0,56,1196,0,0,70,60,3.0,3.0,3.0,5.0,2.0,1.0,1.0,3.0,3.0,1.0,0.0,0.0,0.0,0.0,1.0,0.0,0.0,0.0,0.0,0.0,0.0,0.0,1.0,0.0,0.0,0.0,0.0,1.0,0.0,1,4,12.406561506279576
6,1728,574,1728,2,0.0,0,936,55.0,40,0,0,0,30,30,3.0,3.0,3.0,3.0,4.0,3.0,1.0,3.0,2.0,1.0,0.0,0.0,0.0,0.0,1.0,0.0,0.0,0.0,0.0,0.0,0.0,0.0,1.0,0.0,0.0,0.0,0.0,1.0,0.0,1,2,11.924372644755941
7,2060,390,992,2,298.0,1,772,65.0,0,1038,0,1,10,10,4.0,4.0,4.0,5.0,1.0,5.0,2.0,3.0,2.0,0.0,1.0,0.0,0.0,0.0,0.0,0.0,1.0,0.0,0.0,0.0,0.0,0.0,1.0,0.0,0.0,0.0,0.0,1.0,0.0,1,3,12.273731294003989
4,1440,0,1440,2,0.0,0,1440,42.0,321,0,0,0,30,30,3.0,3.0,4.0,3.0,4.0,6.0,0.0,1.0,2.0,0.0,1.0,0.0,0.0,0.0,0.0,0.0,0.0,0.0,0.0,1.0,0.0,0.0,1.0,0.0,0.0,0.0,0.0,0.0,0.0,1,1,11.918390573078392
5,1632,576,1632,2,0.0,0,0,100.0,0,0,0,0,40,40,3.0,3.0,3.0,3.0,3.0,1.0,1.0,2.0,3.0,1.0,0.0,0.0,0.0,0.0,1.0,0.0,0.0,0.0,0.0,0.0,0.0,0.0,1.0,0.0,0.0,0.0,0.0,1.0,0.0,1,2,11.870599909242044
6,1344,525,819,1,541.0,1,111,85.0,0,0,118,0,51,51,3.0,4.0,3.0,4.0,1.0,6.0,2.0,3.0,2.0,1.0,0.0,0.0,0.0,0.0,0.0,1.0,0.0,0.0,0.0,0.0,0.0,0.0,1.0,0.0,0.0,0.0,0.0,0.0,0.0,1,4,11.831379196088763
5,1869,456,1088,1,0.0,0,1088,98.0,48,561,0,0,119,13,3.0,3.0,3.0,3.0,1.0,2.0,1.0,3.0,3.0,0.0,0.0,0.0,0.0,0.0,0.0,0.0,0.0,0.0,1.0,0.0,0.0,0.0,0.0,1.0,0.0,0.0,0.0,1.0,0.0,1,1,11.73526869611367
5,1144,796,1144,1,128.0,1,748,70.0,86,0,0,0,47,47,3.0,3.0,3.0,3.0,3.0,5.0,2.0,3.0,3.0,1.0,0.0,0.0,0.0,0.0,1.0,0.0,0.0,0.0,0.0,0.0,0.0,0.0,1.0,0.0,0.0,0.0,0.0,1.0,0.0,1,2,11.870599909242044
8,1629,808,1616,2,236.0,1,1300,85.0,0,0,252,0,5,4,4.0,4.0,4.0,5.0,3.0,6.0,3.0,3.0,3.0,0.0,1.0,0.0,0.0,0.0,1.0,0.0,0.0,0.0,0.0,0.0,0.0,0.0,1.0,0.0,0.0,0.0,0.0,1.0,0.0,1,4,12.506177237980511
7,1776,474,936,2,144.0,1,0,65.0,144,840,96,1,4,4,4.0,4.0,4.0,5.0,0.0,1.0,2.0,3.0,2.0,0.0,1.0,0.0,0.0,0.0,1.0,0.0,0.0,0.0,0.0,0.0,0.0,0.0,1.0,0.0,0.0,0.0,0.0,1.0,0.0,1,3,12.167851432709975
6,1381,676,1161,1,0.0,1,982,78.0,0,0,0,1,38,4,3.0,4.0,3.0,3.0,1.0,5.0,2.0,3.0,3.0,1.0,0.0,0.0,0.0,0.0,1.0,0.0,0.0,0.0,0.0,0.0,0.0,0.0,1.0,0.0,0.0,0.0,0.0,1.0,0.0,1,3,12.193493863323313
5,864,720,864,1,0.0,0,398,60.0,194,0,0,0,57,5,3.0,4.0,3.0,4.0,1.0,5.0,2.0,3.0,3.0,1.0,0.0,0.0,0.0,0.0,0.0,0.0,0.0,0.0,1.0,0.0,0.0,0.0,1.0,0.0,0.0,0.0,0.0,1.0,0.0,1,2,11.76756768334381
5,965,300,828,1,0.0,0,641,60.0,421,0,0,0,41,41,3.0,3.0,3.0,4.0,1.0,4.0,1.0,3.0,3.0,1.0,0.0,0.0,0.0,0.0,0.0,0.0,0.0,0.0,1.0,0.0,0.0,1.0,0.0,0.0,0.0,0.0,0.0,0.0,0.0,1,3,11.694413341015606
5,768,396,768,1,0.0,0,660,60.0,192,0,0,0,37,6,3.0,3.0,4.0,4.0,3.0,6.0,3.0,3.0,3.0,1.0,0.0,0.0,0.0,0.0,0.0,0.0,0.0,0.0,1.0,0.0,0.0,0.0,1.0,0.0,0.0,0.0,0.0,1.0,0.0,1,3,11.804848531679264
5,1968,530,784,2,232.0,1,562,73.0,305,800,189,1,39,39,3.0,3.0,3.0,5.0,3.0,5.0,2.0,3.0,2.0,1.0,0.0,0.0,0.0,0.0,1.0,0.0,0.0,0.0,0.0,0.0,0.0,0.0,1.0,0.0,0.0,0.0,0.0,1.0,0.0,1,2,12.05524975579559
6,980,0,945,2,250.0,0,945,35.0,0,0,0,0,31,31,3.0,3.0,4.0,3.0,4.0,6.0,0.0,3.0,2.0,1.0,0.0,0.0,0.0,0.0,0.0,0.0,0.0,0.0,0.0,1.0,0.0,0.0,1.0,0.0,1.0,0.0,0.0,0.0,0.0,1,1,11.755871643580617
6,1958,492,979,2,423.0,0,484,82.0,0,979,0,0,61,57,3.0,3.0,4.0,3.0,1.0,3.0,1.0,3.0,2.0,1.0,0.0,0.0,0.0,0.0,1.0,0.0,0.0,0.0,0.0,0.0,0.0,1.0,0.0,0.0,0.0,0.0,0.0,1.0,0.0,0,4,11.884489021402711
6,1229,462,561,1,0.0,1,285,24.0,150,668,0,1,29,29,3.0,3.0,4.0,3.0,1.0,5.0,3.0,3.0,3.0,1.0,0.0,0.0,0.0,0.0,1.0,0.0,0.0,0.0,0.0,0.0,0.0,0.0,0.0,1.0,0.0,0.0,0.0,1.0,0.0,1,2,11.728036844587175
5,1057,576,1057,1,0.0,0,417,70.0,0,0,0,0,45,45,3.0,3.0,3.0,3.0,1.0,3.0,3.0,3.0,3.0,1.0,0.0,0.0,0.0,0.0,0.0,0.0,0.0,0.0,1.0,0.0,0.0,0.0,1.0,0.0,0.0,0.0,0.0,1.0,0.0,1,2,11.790557201568507
7,1337,531,1337,2,0.0,0,699,65.0,0,0,39,0,4,4,4.0,4.0,4.0,5.0,2.0,6.0,2.0,3.0,3.0,0.0,1.0,0.0,0.0,0.0,1.0,0.0,0.0,0.0,0.0,0.0,0.0,0.0,1.0,0.0,0.0,0.0,0.0,1.0,0.0,1,3,12.128111104060462
7,1416,484,696,2,0.0,0,604,24.0,0,720,44,1,11,11,4.0,4.0,4.0,5.0,1.0,5.0,1.0,3.0,3.0,0.0,1.0,0.0,0.0,0.0,0.0,0.0,0.0,0.0,1.0,0.0,1.0,0.0,0.0,0.0,0.0,0.0,0.0,1.0,0.0,1,4,11.951180395901384
5,858,0,858,1,0.0,0,696,50.0,117,0,0,0,52,2,3.0,3.0,3.0,4.0,4.0,4.0,0.0,3.0,2.0,1.0,0.0,0.0,0.0,0.0,0.0,0.0,0.0,0.0,0.0,1.0,0.0,0.0,1.0,0.0,0.0,0.0,0.0,1.0,0.0,1,1,11.665646551987892
6,2872,619,1330,2,424.0,1,896,80.0,550,1330,282,1,31,13,3.0,3.0,4.0,3.0,1.0,5.0,3.0,3.0,2.0,1.0,0.0,0.0,0.0,0.0,1.0,0.0,0.0,0.0,0.0,0.0,0.0,0.0,1.0,0.0,0.0,0.0,0.0,1.0,0.0,1,3,12.513557345278134
6,1548,440,804,2,0.0,1,556,24.0,48,744,0,1,31,31,3.0,4.0,4.0,3.0,1.0,5.0,1.0,3.0,3.0,1.0,0.0,0.0,0.0,0.0,0.0,0.0,0.0,0.0,1.0,0.0,0.0,0.0,1.0,0.0,0.0,0.0,0.0,1.0,0.0,1,2,11.951180395901384
9,1800,702,1800,2,0.0,0,0,122.0,288,0,136,0,2,2,4.0,5.0,5.0,5.0,1.0,1.0,3.0,3.0,2.0,0.0,1.0,0.0,0.0,0.0,1.0,0.0,0.0,0.0,0.0,0.0,0.0,0.0,1.0,0.0,0.0,0.0,0.0,1.0,0.0,1,3,12.384218830913648
7,1894,510,817,2,44.0,1,624,80.0,0,1070,40,1,8,7,4.0,4.0,4.0,5.0,1.0,6.0,3.0,3.0,3.0,0.0,1.0,0.0,0.0,0.0,0.0,0.0,1.0,0.0,0.0,0.0,0.0,0.0,1.0,0.0,0.0,0.0,0.0,1.0,0.0,1,4,12.277928082630602
6,1484,393,783,2,0.0,1,0,65.0,0,701,72,1,2,0,4.0,4.0,4.0,5.0,1.0,1.0,3.0,3.0,3.0,0.0,1.0,0.0,0.0,0.0,1.0,0.0,0.0,0.0,0.0,0.0,0.0,0.0,1.0,0.0,0.0,0.0,0.0,0.0,1.0,1,3,12.09458226949681
5,1308,256,728,1,0.0,2,428,130.0,0,332,70,1,69,59,4.0,3.0,3.0,5.0,1.0,3.0,1.0,3.0,2.0,0.0,0.0,0.0,0.0,0.0,0.0,0.0,0.0,0.0,1.0,0.0,0.0,0.0,1.0,0.0,0.0,0.0,0.0,1.0,0.0,1,4,11.982929094215963
5,1098,260,1098,1,151.0,0,902,73.0,0,0,0,0,53,53,3.0,3.0,3.0,3.0,1.0,5.0,1.0,3.0,2.0,1.0,0.0,0.0,0.0,0.0,1.0,0.0,0.0,0.0,0.0,0.0,0.0,0.0,1.0,0.0,0.0,0.0,0.0,1.0,0.0,1,2,11.813030057420567
3,968,0,600,1,0.0,0,0,50.0,0,368,0,0,99,59,3.0,3.0,3.0,2.0,1.0,1.0,0.0,3.0,3.0,0.0,0.0,0.0,0.0,0.0,0.0,0.0,0.0,0.0,0.0,1.0,0.0,0.0,0.0,1.0,0.0,0.0,0.0,0.0,0.0,0,1,10.542706391070517
6,1095,264,588,1,105.0,0,513,75.0,0,0,0,0,48,48,3.0,3.0,3.0,3.0,4.0,5.0,2.0,3.0,3.0,1.0,0.0,0.0,0.0,0.0,1.0,0.0,0.0,0.0,0.0,0.0,0.0,0.0,1.0,0.0,0.0,0.0,0.0,1.0,0.0,1,2,11.84939770159144
4,1192,0,720,1,0.0,0,0,60.0,0,472,0,1,57,56,3.0,3.0,3.0,3.0,1.0,1.0,0.0,3.0,3.0,1.0,0.0,0.0,0.0,0.0,0.0,0.0,0.0,0.0,0.0,1.0,0.0,0.0,1.0,0.0,0.0,0.0,0.0,0.0,0.0,0,2,11.813030057420567
7,1626,474,764,2,106.0,0,567,36.0,0,862,27,0,6,5,4.0,4.0,4.0,5.0,1.0,6.0,2.0,3.0,3.0,0.0,1.0,0.0,0.0,0.0,0.0,0.0,1.0,0.0,0.0,0.0,0.0,0.0,1.0,0.0,0.0,0.0,0.0,1.0,0.0,1,5,12.061046873479915
6,918,264,918,2,0.0,1,0,55.0,28,0,0,0,31,31,3.0,3.0,4.0,3.0,1.0,1.0,1.0,3.0,3.0,1.0,0.0,0.0,0.0,0.0,1.0,0.0,0.0,0.0,0.0,0.0,0.0,0.0,1.0,0.0,0.0,0.0,0.0,1.0,0.0,1,3,11.507912923146684
7,1428,480,1428,2,0.0,0,0,95.0,0,0,120,0,1,0,4.0,4.0,4.0,5.0,1.0,1.0,3.0,3.0,3.0,0.0,1.0,0.0,0.0,0.0,1.0,0.0,0.0,0.0,0.0,0.0,1.0,0.0,0.0,0.0,0.0,0.0,0.0,0.0,1.0,1,4,12.111761966058932
7,2019,532,728,1,0.0,0,0,60.0,509,883,135,0,99,16,3.0,4.0,4.0,3.0,1.0,1.0,1.0,3.0,2.0,0.0,0.0,0.0,0.0,0.0,0.0,0.0,0.0,0.0,1.0,0.0,0.0,0.0,1.0,0.0,0.0,0.0,0.0,1.0,0.0,0,1,12.028738630247258
7,1382,490,673,2,0.0,0,641,73.5,153,709,50,1,6,6,4.0,4.0,4.0,5.0,1.0,6.0,1.0,3.0,3.0,0.0,1.0,0.0,0.0,0.0,0.0,0.0,0.0,0.0,1.0,0.0,1.0,0.0,0.0,0.0,0.0,0.0,0.0,1.0,0.0,1,4,12.013700752882718
4,869,0,440,1,0.0,0,0,51.0,0,0,0,0,83,48,3.0,2.0,4.0,3.0,1.0,1.0,0.0,3.0,2.0,0.0,1.0,0.0,0.0,0.0,0.0,0.0,0.0,0.0,0.0,1.0,0.0,0.0,1.0,0.0,0.0,0.0,0.0,1.0,0.0,1,1,11.356271654924852
7,1241,569,1241,1,0.0,0,1106,35.0,0,0,116,1,1,0,4.0,4.0,4.0,5.0,1.0,6.0,3.0,3.0,2.0,0.0,1.0,0.0,0.0,0.0,1.0,0.0,0.0,0.0,0.0,0.0,1.0,0.0,0.0,0.0,0.0,0.0,0.0,0.0,1.0,1,4,12.205572520488492
4,894,400,894,1,0.0,0,552,68.0,0,0,0,0,53,53,3.0,3.0,3.0,5.0,1.0,2.0,1.0,3.0,3.0,1.0,0.0,0.0,0.0,0.0,0.0,0.0,0.0,0.0,1.0,0.0,0.0,0.0,1.0,0.0,0.0,0.0,0.0,0.0,0.0,1,1,11.608235644774552
5,1121,480,1121,1,0.0,0,651,80.0,0,0,80,0,46,46,3.0,3.0,3.0,3.0,1.0,3.0,1.0,3.0,3.0,0.0,1.0,0.0,0.0,0.0,0.0,0.0,0.0,0.0,1.0,0.0,0.0,0.0,1.0,0.0,0.0,0.0,0.0,1.0,0.0,1,2,11.842229212112828
7,999,588,944,1,210.0,0,867,73.0,144,0,76,0,47,1,5.0,5.0,3.0,4.0,3.0,5.0,2.0,3.0,2.0,1.0,0.0,0.0,0.0,0.0,1.0,0.0,0.0,0.0,0.0,0.0,0.0,0.0,1.0,0.0,0.0,0.0,0.0,1.0,0.0,1,2,12.091783499128047
8,2612,676,1225,2,975.0,1,854,98.0,250,1336,0,1,11,10,4.0,4.0,4.0,5.0,1.0,6.0,3.0,3.0,2.0,0.0,1.0,0.0,0.0,0.0,1.0,0.0,0.0,0.0,0.0,0.0,0.0,0.0,1.0,0.0,0.0,0.0,0.0,1.0,0.0,1,5,12.724866438945341
7,1266,388,1266,2,16.0,1,0,43.0,100,0,16,0,1,1,4.0,4.0,4.0,5.0,3.0,1.0,3.0,3.0,3.0,0.0,1.0,0.0,0.0,0.0,1.0,0.0,0.0,0.0,0.0,0.0,0.0,0.0,1.0,0.0,0.0,0.0,0.0,1.0,0.0,1,3,11.982272628789678
8,2290,779,1128,2,0.0,1,0,70.0,0,1141,0,1,6,6,4.0,4.0,4.0,5.0,2.0,1.0,1.0,3.0,3.0,0.0,1.0,0.0,0.0,0.0,1.0,0.0,0.0,0.0,0.0,0.0,0.0,0.0,1.0,0.0,0.0,0.0,0.0,1.0,0.0,1,3,12.45254202214788
5,1734,539,0,2,0.0,0,0,75.0,0,432,0,0,32,32,3.0,4.0,0.0,3.0,0.0,0.0,1.0,3.0,3.0,1.0,0.0,0.0,0.0,0.0,1.0,0.0,0.0,0.0,0.0,0.0,0.0,0.0,1.0,0.0,0.0,0.0,0.0,1.0,0.0,1,2,11.744037185933616
5,1164,240,1164,1,0.0,0,1040,68.0,0,0,48,0,58,58,3.0,3.0,3.0,3.0,1.0,5.0,1.0,3.0,3.0,1.0,0.0,0.0,0.0,0.0,0.0,0.0,0.0,0.0,1.0,0.0,0.0,0.0,1.0,0.0,0.0,0.0,0.0,1.0,0.0,0,1,11.736069016284437
6,1635,255,485,1,0.0,0,0,59.0,394,634,0,0,96,3,3.0,4.0,3.0,4.0,1.0,1.0,1.0,3.0,3.0,1.0,0.0,0.0,0.0,0.0,1.0,0.0,0.0,0.0,0.0,0.0,0.0,0.0,0.0,1.0,0.0,0.0,0.0,1.0,0.0,1,1,11.669929213779893
9,1940,606,1930,2,450.0,1,1646,83.0,168,0,95,1,1,0,5.0,5.0,5.0,5.0,3.0,6.0,3.0,3.0,2.0,0.0,1.0,0.0,0.0,0.0,1.0,0.0,0.0,0.0,0.0,0.0,0.0,0.0,1.0,0.0,0.0,0.0,0.0,0.0,1.0,1,5,12.88712700173598
6,2030,551,848,2,298.0,1,156,80.0,0,912,224,1,31,31,3.0,4.0,3.0,3.0,1.0,2.0,3.0,3.0,2.0,1.0,0.0,0.0,0.0,0.0,1.0,0.0,0.0,0.0,0.0,0.0,0.0,0.0,1.0,0.0,0.0,0.0,0.0,1.0,0.0,1,3,12.180754837545884
7,1576,614,770,2,0.0,0,0,65.0,0,798,50,1,0,0,4.0,4.0,4.0,5.0,1.0,1.0,2.0,3.0,3.0,0.0,1.0,0.0,0.0,0.0,1.0,0.0,0.0,0.0,0.0,0.0,1.0,0.0,0.0,0.0,0.0,0.0,0.0,0.0,1.0,1,4,12.190959007720126
8,2392,870,1396,2,423.0,1,1074,82.0,0,985,70,1,9,8,4.0,4.0,4.0,5.0,1.0,6.0,3.0,3.0,3.0,0.0,1.0,0.0,0.0,0.0,1.0,0.0,0.0,0.0,0.0,0.0,0.0,0.0,1.0,0.0,0.0,0.0,0.0,1.0,0.0,1,5,12.759957758756611
8,1742,424,916,1,0.0,1,216,121.0,0,826,169,1,127,23,4.0,4.0,3.0,4.0,1.0,4.0,1.0,2.0,3.0,0.0,0.0,0.0,0.0,0.0,1.0,0.0,0.0,0.0,0.0,0.0,0.0,0.0,0.0,1.0,0.0,0.0,0.0,1.0,0.0,1,1,12.031719258385396
6,1851,440,822,2,340.0,1,536,80.0,239,831,42,1,43,14,3.0,4.0,3.0,4.0,4.0,4.0,2.0,3.0,3.0,1.0,0.0,0.0,0.0,0.0,1.0,0.0,0.0,0.0,0.0,0.0,0.0,0.0,1.0,0.0,0.0,0.0,0.0,1.0,0.0,1,2,12.138863895836725
6,1500,564,750,2,0.0,0,0,68.0,0,750,35,1,1,0,3.0,4.0,4.0,5.0,1.0,1.0,2.0,3.0,3.0,0.0,1.0,0.0,0.0,0.0,1.0,0.0,0.0,0.0,0.0,0.0,0.0,0.0,1.0,0.0,0.0,0.0,0.0,0.0,1.0,1,3,12.066235700342375
10,1718,786,1700,2,230.0,1,1172,96.0,216,0,48,0,3,2,5.0,5.0,5.0,5.0,4.0,6.0,3.0,3.0,3.0,0.0,1.0,0.0,0.0,0.0,1.0,0.0,0.0,0.0,0.0,0.0,0.0,0.0,1.0,0.0,0.0,0.0,0.0,1.0,0.0,1,5,12.729320789294722
4,1230,305,747,1,0.0,0,384,51.0,0,456,57,1,60,56,3.0,3.0,3.0,3.0,1.0,5.0,1.0,3.0,2.0,1.0,0.0,0.0,0.0,0.0,0.0,0.0,0.0,0.0,1.0,0.0,0.0,0.0,1.0,0.0,0.0,0.0,0.0,0.0,0.0,1,1,11.708492248514204
5,1050,368,1050,1,0.0,0,915,73.0,0,0,319,0,45,45,3.0,3.0,3.0,3.0,1.0,3.0,1.0,3.0,2.0,1.0,0.0,0.0,0.0,0.0,1.0,0.0,0.0,0.0,0.0,0.0,0.0,0.0,1.0,0.0,0.0,0.0,0.0,1.0,0.0,1,2,11.824079893607152
6,1442,615,1442,2,571.0,1,0,80.0,371,0,0,0,39,39,3.0,3.0,3.0,3.0,1.0,1.0,2.0,3.0,2.0,1.0,0.0,0.0,0.0,0.0,1.0,0.0,0.0,0.0,0.0,0.0,0.0,0.0,1.0,0.0,0.0,0.0,0.0,1.0,0.0,1,3,12.128111104060462
3,1077,210,1007,1,0.0,1,0,60.0,0,0,100,0,84,56,3.0,3.0,3.0,2.0,1.0,1.0,1.0,2.0,3.0,0.0,0.0,0.0,0.0,0.0,0.0,0.0,0.0,0.0,1.0,0.0,0.0,0.0,0.0,1.0,0.0,0.0,0.0,1.0,0.0,0,1,11.418614785498987
7,1208,632,1187,2,24.0,0,686,64.0,105,0,61,0,4,4,4.0,4.0,4.0,5.0,3.0,6.0,2.0,3.0,3.0,0.0,1.0,0.0,0.0,0.0,1.0,0.0,0.0,0.0,0.0,0.0,0.0,0.0,1.0,0.0,0.0,0.0,0.0,1.0,0.0,1,3,12.235631447771718
3,944,528,0,1,0.0,0,0,74.0,0,0,0,0,57,57,3.0,2.0,0.0,2.0,0.0,0.0,1.0,3.0,3.0,0.0,0.0,1.0,0.0,0.0,0.0,0.0,0.0,0.0,1.0,0.0,0.0,0.0,1.0,0.0,0.0,0.0,0.0,1.0,0.0,0,1,11.314474526246391
5,691,216,691,1,0.0,0,0,60.0,0,0,20,0,87,57,3.0,5.0,2.0,5.0,1.0,1.0,1.0,1.0,3.0,0.0,0.0,0.0,0.0,0.0,0.0,0.0,0.0,0.0,1.0,0.0,0.0,0.0,1.0,0.0,0.0,0.0,0.0,0.0,0.0,1,1,11.362102575235644
8,1574,824,1574,2,53.0,1,24,75.0,144,0,104,0,2,2,4.0,4.0,4.0,5.0,1.0,6.0,2.0,3.0,2.0,0.0,1.0,0.0,0.0,0.0,1.0,0.0,0.0,0.0,0.0,0.0,0.0,0.0,1.0,0.0,0.0,0.0,0.0,1.0,0.0,1,4,12.354492650648448
5,1680,528,1680,2,164.0,0,0,80.0,0,0,0,0,31,31,3.0,3.0,3.0,2.0,1.0,1.0,1.0,3.0,2.0,1.0,0.0,0.0,0.0,0.0,0.0,0.0,0.0,0.0,1.0,0.0,0.0,0.0,1.0,0.0,0.0,0.0,0.0,1.0,0.0,1,3,11.827042533619087
7,1504,457,1346,2,16.0,1,16,43.0,156,0,0,0,4,3,4.0,4.0,4.0,5.0,1.0,6.0,3.0,3.0,3.0,0.0,1.0,0.0,0.0,0.0,1.0,0.0,0.0,0.0,0.0,0.0,0.0,0.0,1.0,0.0,0.0,0.0,0.0,1.0,0.0,1,3,12.106252310247962
5,985,328,985,2,220.0,0,595,65.0,210,0,0,0,31,31,4.0,3.0,4.0,3.0,3.0,6.0,1.0,3.0,3.0,1.0,0.0,0.0,0.0,0.0,1.0,0.0,0.0,0.0,0.0,0.0,0.0,0.0,1.0,0.0,0.0,0.0,0.0,1.0,0.0,1,3,11.917723684090689
6,1657,484,1657,2,0.0,1,1237,73.0,0,0,0,0,37,37,3.0,3.0,4.0,4.0,1.0,2.0,1.0,3.0,0.0,1.0,0.0,0.0,0.0,0.0,1.0,0.0,0.0,0.0,0.0,0.0,0.0,0.0,1.0,0.0,0.0,0.0,0.0,1.0,0.0,1,2,12.004568269319446
4,1092,286,546,1,0.0,0,273,21.0,238,546,0,1,39,39,3.0,3.0,3.0,3.0,1.0,4.0,2.0,3.0,3.0,1.0,0.0,0.0,0.0,0.0,1.0,0.0,0.0,0.0,0.0,0.0,0.0,0.0,0.0,1.0,0.0,0.0,0.0,1.0,0.0,1,1,11.385092093460344
7,1710,550,1710,2,108.0,1,0,43.0,100,0,48,0,5,4,4.0,4.0,5.0,5.0,2.0,1.0,3.0,3.0,2.0,0.0,1.0,0.0,0.0,0.0,1.0,0.0,0.0,0.0,0.0,0.0,0.0,0.0,1.0,0.0,0.0,0.0,0.0,1.0,0.0,1,2,12.388394202324129
5,1522,0,1008,2,0.0,0,0,60.0,0,0,0,0,80,56,3.0,3.0,3.0,5.0,1.0,1.0,0.0,2.0,3.0,0.0,0.0,0.0,0.0,0.0,0.0,0.0,0.0,0.0,0.0,1.0,0.0,0.0,1.0,0.0,0.0,0.0,0.0,1.0,0.0,1,2,11.532728092266408
5,1271,312,720,2,0.0,1,0,115.0,0,551,0,0,60,58,3.0,3.0,3.0,3.0,1.0,1.0,1.0,3.0,3.0,1.0,0.0,0.0,0.0,0.0,1.0,0.0,0.0,0.0,0.0,0.0,0.0,0.0,1.0,0.0,0.0,0.0,0.0,1.0,0.0,1,2,11.813030057420567
5,1664,0,0,2,0.0,0,0,75.0,0,0,0,0,45,45,3.0,3.0,0.0,3.0,0.0,0.0,0.0,3.0,3.0,1.0,0.0,0.0,0.0,0.0,0.0,0.0,0.0,0.0,0.0,1.0,0.0,0.0,1.0,0.0,0.0,0.0,0.0,1.0,0.0,0,1,11.512925464970229
6,1502,180,602,1,0.0,2,0,55.0,96,602,0,1,84,11,3.0,4.0,3.0,3.0,1.0,1.0,1.0,3.0,3.0,0.0,1.0,0.0,0.0,0.0,0.0,0.0,0.0,0.0,1.0,0.0,0.0,0.0,1.0,0.0,0.0,0.0,0.0,1.0,0.0,1,4,12.013700752882718
5,1022,280,1022,1,0.0,0,247,60.0,0,0,30,0,99,3,3.0,3.0,3.0,3.0,1.0,5.0,1.0,3.0,3.0,0.0,0.0,0.0,0.0,0.0,0.0,0.0,0.0,0.0,1.0,0.0,0.0,0.0,0.0,1.0,0.0,0.0,0.0,1.0,0.0,0,1,11.350406535472453
6,1082,240,1082,1,206.0,1,336,60.0,0,0,130,0,59,57,3.0,3.0,3.0,3.0,1.0,4.0,1.0,3.0,3.0,1.0,0.0,0.0,0.0,0.0,0.0,0.0,0.0,0.0,1.0,0.0,0.0,0.0,1.0,0.0,0.0,0.0,0.0,1.0,0.0,1,2,11.688558033613386
8,1665,528,810,2,0.0,0,643,70.0,0,855,45,1,8,8,4.0,4.0,4.0,5.0,1.0,6.0,3.0,3.0,3.0,0.0,1.0,0.0,0.0,0.0,1.0,0.0,0.0,0.0,0.0,0.0,0.0,0.0,1.0,0.0,0.0,0.0,0.0,1.0,0.0,1,3,12.332705296463539
7,1504,478,1504,2,196.0,1,690,73.0,115,0,66,0,13,13,4.0,4.0,4.0,5.0,4.0,6.0,3.0,3.0,3.0,0.0,1.0,0.0,0.0,0.0,1.0,0.0,0.0,0.0,0.0,0.0,0.0,0.0,1.0,0.0,0.0,0.0,0.0,1.0,0.0,1,3,12.220961258023925
8,1360,565,1220,1,0.0,1,1036,61.5,63,0,0,0,25,25,4.0,4.0,4.0,4.0,3.0,6.0,2.0,3.0,2.0,1.0,0.0,0.0,0.0,0.0,1.0,0.0,0.0,0.0,0.0,0.0,0.0,0.0,1.0,0.0,0.0,0.0,0.0,0.0,0.0,1,5,12.141534124392603
7,1472,402,384,2,76.0,1,0,65.0,164,670,0,1,16,15,4.0,4.0,4.0,4.0,1.0,1.0,2.0,3.0,2.0,0.0,1.0,0.0,0.0,0.0,1.0,0.0,0.0,0.0,0.0,0.0,0.0,0.0,1.0,0.0,0.0,0.0,0.0,1.0,0.0,1,3,11.982929094215963
7,1506,440,1362,2,145.0,1,16,43.0,142,0,20,0,1,1,4.0,4.0,4.0,5.0,4.0,6.0,3.0,3.0,3.0,0.0,1.0,0.0,0.0,0.0,1.0,0.0,0.0,0.0,0.0,0.0,0.0,0.0,1.0,0.0,0.0,0.0,0.0,1.0,0.0,1,3,12.27134527214637
4,1132,451,1132,1,0.0,0,1024,60.0,252,0,64,1,3,3,3.0,4.0,4.0,5.0,1.0,6.0,3.0,3.0,3.0,0.0,1.0,0.0,0.0,0.0,1.0,0.0,0.0,0.0,0.0,0.0,0.0,0.0,1.0,0.0,0.0,0.0,0.0,1.0,0.0,1,1,12.078239274020289
7,1220,632,1199,2,84.0,0,684,64.0,105,0,54,0,0,0,4.0,4.0,4.0,5.0,3.0,6.0,2.0,3.0,3.0,0.0,1.0,0.0,0.0,0.0,1.0,0.0,0.0,0.0,0.0,0.0,0.0,0.0,1.0,0.0,0.0,0.0,0.0,0.0,1.0,1,3,12.175613438045465
5,1248,160,912,1,0.0,0,324,52.0,0,336,0,0,77,57,3.0,3.0,3.0,4.0,1.0,2.0,1.0,3.0,3.0,1.0,0.0,0.0,0.0,0.0,0.0,0.0,0.0,0.0,1.0,0.0,0.0,0.0,0.0,1.0,0.0,0.0,0.0,1.0,0.0,1,1,11.37366339763672
7,1504,437,1346,2,14.0,1,16,43.0,156,0,20,0,3,2,4.0,4.0,4.0,5.0,1.0,6.0,3.0,3.0,3.0,0.0,1.0,0.0,0.0,0.0,1.0,0.0,0.0,0.0,0.0,0.0,0.0,0.0,1.0,0.0,0.0,0.0,0.0,1.0,0.0,1,3,12.160028707028767
8,2898,665,1565,2,0.0,1,1165,85.0,0,0,72,0,32,32,4.0,4.0,4.0,3.0,3.0,5.0,3.0,3.0,2.0,1.0,0.0,0.0,0.0,0.0,1.0,0.0,0.0,0.0,0.0,0.0,0.0,0.0,1.0,0.0,0.0,0.0,0.0,0.0,0.0,1,4,12.567237494741757
5,882,461,882,1,0.0,0,138,70.0,96,0,0,0,35,35,3.0,3.0,3.0,3.0,1.0,2.0,1.0,3.0,3.0,1.0,0.0,0.0,0.0,0.0,0.0,0.0,0.0,0.0,1.0,0.0,0.0,0.0,1.0,0.0,0.0,0.0,0.0,1.0,0.0,1,3,11.630708500626612
5,1264,461,1268,1,324.0,2,697,73.0,0,0,0,0,50,50,3.0,3.0,3.0,3.0,1.0,3.0,1.0,3.0,3.0,1.0,0.0,0.0,0.0,0.0,1.0,0.0,0.0,0.0,0.0,0.0,0.0,0.0,1.0,0.0,0.0,0.0,0.0,1.0,0.0,1,2,12.028738630247258
8,1646,800,1638,2,338.0,1,1513,71.0,192,0,44,0,1,0,4.0,4.0,4.0,5.0,4.0,6.0,2.0,3.0,2.0,0.0,1.0,0.0,0.0,0.0,1.0,0.0,0.0,0.0,0.0,0.0,0.0,0.0,1.0,0.0,0.0,0.0,0.0,0.0,1.0,1,4,12.588190652108505
5,1376,240,768,1,0.0,1,368,79.0,0,408,0,0,66,57,3.0,3.0,3.0,3.0,1.0,3.0,1.0,3.0,3.0,1.0,0.0,0.0,0.0,0.0,1.0,0.0,0.0,0.0,0.0,0.0,0.0,0.0,1.0,0.0,0.0,0.0,0.0,1.0,0.0,1,2,11.56171562913966
6,1218,264,672,1,281.0,0,317,21.0,0,546,28,1,34,34,3.0,3.0,3.0,4.0,1.0,4.0,1.0,3.0,3.0,1.0,0.0,0.0,0.0,0.0,0.0,0.0,0.0,0.0,1.0,0.0,0.0,0.0,0.0,1.0,0.0,0.0,0.0,1.0,0.0,1,1,11.678439903447801
5,1928,0,686,2,0.0,0,0,60.0,0,980,0,0,90,11,3.0,3.0,3.0,4.0,2.0,1.0,0.0,1.0,3.0,0.0,1.0,0.0,0.0,0.0,0.0,0.0,0.0,0.0,0.0,1.0,0.0,1.0,0.0,0.0,0.0,0.0,0.0,1.0,0.0,1,2,11.982929094215963
7,3082,672,824,2,0.0,2,523,102.0,136,998,63,1,89,39,3.0,3.0,3.0,5.0,1.0,6.0,3.0,3.0,3.0,0.0,0.0,0.0,0.0,0.0,0.0,1.0,0.0,0.0,0.0,0.0,0.0,0.0,1.0,0.0,0.0,0.0,0.0,1.0,0.0,1,2,12.190959007720126
8,2520,796,1338,2,0.0,1,1012,91.0,209,1168,55,1,13,13,4.0,4.0,4.0,5.0,1.0,6.0,2.0,3.0,2.0,0.0,1.0,0.0,0.0,0.0,1.0,0.0,0.0,0.0,0.0,0.0,0.0,0.0,1.0,0.0,0.0,0.0,0.0,0.0,0.0,1,5,12.644327576461329
7,1654,900,1654,2,295.0,0,986,70.0,0,0,136,0,4,4,4.0,4.0,4.0,5.0,1.0,6.0,1.0,3.0,3.0,0.0,1.0,0.0,0.0,0.0,1.0,0.0,0.0,0.0,0.0,0.0,0.0,0.0,1.0,0.0,0.0,0.0,0.0,1.0,0.0,1,3,12.345834587905333
5,954,240,920,1,0.0,1,0,50.0,0,0,0,0,69,57,3.0,2.0,2.0,5.0,1.0,1.0,1.0,3.0,3.0,0.0,1.0,0.0,0.0,0.0,0.0,1.0,0.0,0.0,0.0,0.0,0.0,0.0,1.0,0.0,0.0,0.0,0.0,1.0,0.0,1,4,11.693161515273161
4,845,290,0,1,0.0,0,0,65.5,186,0,0,0,52,52,3.0,3.0,0.0,5.0,0.0,0.0,1.0,1.0,2.0,0.0,0.0,1.0,0.0,0.0,0.0,0.0,0.0,0.0,1.0,0.0,0.0,0.0,1.0,0.0,0.0,0.0,0.0,1.0,0.0,0,1,11.33857207782545
9,1620,912,1620,2,70.0,1,1022,89.0,228,0,0,0,2,1,4.0,5.0,5.0,5.0,4.0,6.0,3.0,3.0,2.0,0.0,1.0,0.0,0.0,0.0,1.0,0.0,0.0,0.0,0.0,0.0,0.0,0.0,1.0,0.0,0.0,0.0,0.0,1.0,0.0,1,4,12.661913960963405
8,2263,905,1055,2,396.0,1,0,70.0,0,1208,45,1,7,6,4.0,4.0,4.0,5.0,1.0,1.0,3.0,3.0,3.0,0.0,1.0,0.0,0.0,0.0,0.0,0.0,1.0,0.0,0.0,0.0,0.0,0.0,1.0,0.0,0.0,0.0,0.0,1.0,0.0,1,3,12.567237494741757
4,1344,0,546,1,0.0,1,0,21.0,0,546,0,1,39,1,3.0,3.0,3.0,3.0,1.0,1.0,0.0,3.0,3.0,1.0,0.0,0.0,0.0,0.0,0.0,0.0,0.0,0.0,0.0,1.0,0.0,0.0,0.0,1.0,0.0,0.0,0.0,1.0,0.0,1,1,11.48246625748552
4,630,286,630,1,0.0,0,509,21.0,0,0,0,0,39,39,3.0,3.0,4.0,3.0,3.0,6.0,1.0,3.0,3.0,1.0,0.0,0.0,0.0,0.0,1.0,0.0,0.0,0.0,0.0,0.0,0.0,0.0,0.0,1.0,0.0,0.0,0.0,1.0,0.0,1,1,11.289781913656018
5,1803,484,1134,2,67.0,1,168,88.0,0,0,0,0,49,6,3.0,3.0,3.0,5.0,1.0,3.0,2.0,3.0,3.0,1.0,0.0,0.0,0.0,0.0,1.0,0.0,0.0,0.0,0.0,0.0,0.0,0.0,1.0,0.0,0.0,0.0,0.0,1.0,0.0,1,2,11.951180395901384
6,1632,484,800,1,252.0,0,400,80.0,0,832,40,1,42,8,3.0,4.0,3.0,4.0,1.0,6.0,1.0,3.0,3.0,1.0,0.0,0.0,0.0,0.0,1.0,0.0,0.0,0.0,0.0,0.0,0.0,0.0,1.0,0.0,0.0,0.0,0.0,1.0,0.0,1,3,12.061046873479915
6,1306,624,1306,2,135.0,1,900,34.0,170,0,63,0,4,4,4.0,4.0,4.0,5.0,3.0,5.0,2.0,3.0,2.0,0.0,1.0,0.0,0.0,0.0,1.0,0.0,0.0,0.0,0.0,0.0,0.0,0.0,1.0,0.0,0.0,0.0,0.0,1.0,0.0,1,5,12.185869938212655
7,2329,514,1475,2,99.0,1,1085,86.0,192,797,121,1,18,18,3.0,4.0,4.0,5.0,1.0,6.0,1.0,3.0,3.0,0.0,1.0,0.0,0.0,0.0,1.0,0.0,0.0,0.0,0.0,0.0,0.0,0.0,1.0,0.0,0.0,0.0,0.0,1.0,0.0,1,3,12.477167914377556
8,2524,542,2524,2,0.0,1,1104,80.0,474,0,120,1,28,28,4.0,4.0,4.0,3.0,1.0,5.0,3.0,3.0,3.0,0.0,1.0,0.0,0.0,0.0,1.0,0.0,0.0,0.0,0.0,0.0,0.0,0.0,1.0,0.0,0.0,0.0,0.0,1.0,0.0,1,3,12.535376392672774
3,1733,452,0,2,0.0,1,0,65.5,0,0,0,0,54,54,3.0,3.0,0.0,5.0,0.0,0.0,1.0,3.0,2.0,0.0,0.0,1.0,0.0,0.0,1.0,0.0,0.0,0.0,0.0,0.0,0.0,0.0,1.0,0.0,0.0,0.0,0.0,1.0,0.0,1,1,11.84653646931041
9,2868,716,1992,3,208.0,1,240,85.0,214,876,108,1,1,0,4.0,5.0,5.0,5.0,3.0,6.0,3.0,3.0,2.0,0.0,1.0,0.0,0.0,0.0,0.0,0.0,1.0,0.0,0.0,0.0,0.0,0.0,1.0,0.0,0.0,0.0,0.0,0.0,1.0,1,5,13.229567991666638
5,990,672,990,1,0.0,0,686,57.0,0,0,0,0,14,13,3.0,3.0,4.0,5.0,1.0,6.0,1.0,3.0,1.0,0.0,1.0,0.0,0.0,0.0,0.0,0.0,0.0,0.0,1.0,0.0,0.0,0.0,1.0,0.0,0.0,0.0,0.0,1.0,0.0,1,3,11.884489021402711
5,1771,336,0,1,75.0,1,0,100.0,0,0,0,0,49,3,3.0,3.0,0.0,3.0,0.0,0.0,1.0,3.0,3.0,0.0,0.0,1.0,0.0,0.0,1.0,0.0,0.0,0.0,0.0,0.0,0.0,0.0,1.0,0.0,0.0,0.0,0.0,1.0,0.0,1,2,11.652687407345388
4,930,308,0,1,0.0,0,0,60.0,0,0,0,0,64,4,3.0,4.0,0.0,5.0,0.0,0.0,1.0,3.0,3.0,1.0,0.0,0.0,0.0,0.0,0.0,0.0,0.0,0.0,1.0,0.0,0.0,0.0,1.0,0.0,0.0,0.0,0.0,0.0,0.0,1,1,11.349229372299439
7,1302,436,1302,2,0.0,0,0,73.0,0,0,22,0,0,0,4.0,4.0,4.0,5.0,3.0,1.0,3.0,3.0,2.0,0.0,1.0,0.0,0.0,0.0,1.0,0.0,0.0,0.0,0.0,0.0,0.0,0.0,1.0,0.0,0.0,0.0,0.0,0.0,1.0,1,3,12.080991165908294
7,1316,440,1316,2,0.0,1,0,103.0,0,0,20,0,0,0,4.0,4.0,4.0,5.0,3.0,1.0,3.0,3.0,2.0,0.0,1.0,0.0,0.0,0.0,1.0,0.0,0.0,0.0,0.0,0.0,0.0,0.0,1.0,0.0,0.0,0.0,0.0,0.0,1.0,1,3,12.206777397134413
6,1977,540,816,1,272.0,1,442,100.0,0,850,52,1,43,29,3.0,3.0,3.0,3.0,1.0,3.0,2.0,3.0,3.0,1.0,0.0,0.0,0.0,0.0,1.0,0.0,0.0,0.0,0.0,0.0,0.0,0.0,1.0,0.0,0.0,0.0,0.0,1.0,0.0,1,2,12.013700752882718
5,1526,364,1216,1,145.0,1,383,68.0,116,0,78,0,53,8,3.0,3.0,3.0,5.0,3.0,3.0,1.0,3.0,3.0,1.0,0.0,0.0,0.0,0.0,0.0,1.0,0.0,0.0,0.0,0.0,0.0,0.0,1.0,0.0,0.0,0.0,0.0,1.0,0.0,1,1,11.881034786534624
8,1989,586,1065,2,210.0,1,932,90.0,199,898,60,1,4,4,4.0,4.0,4.0,5.0,2.0,6.0,3.0,3.0,3.0,0.0,1.0,0.0,0.0,0.0,1.0,0.0,0.0,0.0,0.0,0.0,0.0,0.0,1.0,0.0,0.0,0.0,0.0,1.0,0.0,1,3,12.449018824140563
6,1523,478,1193,2,160.0,1,644,104.0,0,0,0,0,32,32,3.0,3.0,4.0,3.0,1.0,5.0,3.0,3.0,3.0,1.0,0.0,0.0,0.0,0.0,1.0,0.0,0.0,0.0,0.0,0.0,0.0,0.0,1.0,0.0,0.0,0.0,0.0,0.0,0.0,1,3,12.100712129872347
7,1364,484,1364,2,240.0,1,659,43.0,192,0,36,0,1,1,4.0,4.0,4.0,5.0,3.0,6.0,2.0,3.0,2.0,0.0,1.0,0.0,0.0,0.0,1.0,0.0,0.0,0.0,0.0,0.0,0.0,0.0,1.0,0.0,0.0,0.0,0.0,1.0,0.0,1,5,12.132695175725399
7,1850,467,973,2,0.0,1,595,91.0,168,871,98,1,15,15,4.0,4.0,4.0,5.0,1.0,6.0,3.0,3.0,1.0,0.0,1.0,0.0,0.0,0.0,0.0,0.0,1.0,0.0,0.0,0.0,0.0,0.0,1.0,0.0,0.0,0.0,0.0,1.0,0.0,1,5,12.421184025147118
9,2184,836,1104,2,154.0,1,936,96.0,0,1054,102,1,1,1,5.0,5.0,5.0,5.0,3.0,6.0,3.0,3.0,2.0,0.0,1.0,0.0,0.0,0.0,1.0,0.0,0.0,0.0,0.0,0.0,0.0,0.0,1.0,0.0,0.0,0.0,0.0,1.0,0.0,1,5,12.721885810807203
6,1991,432,854,1,480.0,1,297,74.0,0,895,0,1,75,57,3.0,3.0,3.0,3.0,2.0,3.0,1.0,3.0,2.0,1.0,0.0,0.0,0.0,0.0,0.0,0.0,0.0,0.0,1.0,0.0,0.0,0.0,1.0,0.0,0.0,0.0,0.0,1.0,0.0,1,4,12.301382825334498
8,1338,582,1338,2,0.0,0,616,41.0,0,0,0,0,9,9,4.0,4.0,4.0,5.0,2.0,6.0,3.0,3.0,3.0,0.0,1.0,0.0,0.0,0.0,1.0,0.0,0.0,0.0,0.0,0.0,0.0,0.0,1.0,0.0,0.0,0.0,0.0,1.0,0.0,1,5,12.271392111650817
3,894,1248,894,1,0.0,0,0,120.0,0,0,20,0,73,58,2.0,3.0,3.0,3.0,1.0,1.0,2.0,3.0,3.0,1.0,0.0,0.0,0.0,0.0,0.0,0.0,0.0,0.0,1.0,0.0,0.0,0.0,0.0,0.0,0.0,0.0,0.0,1.0,0.0,1,1,11.302204433654575
5,2337,560,662,2,0.0,0,0,85.0,0,915,57,0,107,57,3.0,3.0,3.0,3.0,1.0,1.0,1.0,3.0,3.0,0.0,0.0,0.0,0.0,0.0,0.0,0.0,0.0,0.0,1.0,0.0,0.0,0.0,0.0,1.0,0.0,0.0,0.0,1.0,0.0,0,1,11.407564949312402
6,1103,440,1103,1,0.0,1,397,50.0,166,0,120,0,81,26,3.0,4.0,3.0,4.0,1.0,4.0,1.0,3.0,3.0,0.0,0.0,0.0,0.0,0.0,0.0,0.0,0.0,0.0,1.0,0.0,0.0,0.0,0.0,1.0,0.0,0.0,0.0,1.0,0.0,1,1,11.612770799939945
5,1154,480,1154,1,200.0,1,740,73.0,0,0,58,1,43,43,3.0,3.0,3.0,5.0,2.0,4.0,2.0,3.0,2.0,1.0,0.0,0.0,0.0,0.0,1.0,0.0,0.0,0.0,0.0,0.0,0.0,0.0,1.0,0.0,0.0,0.0,0.0,1.0,0.0,1,2,11.944707881395766
7,2260,533,1306,2,0.0,0,1201,80.0,296,954,44,1,14,13,4.0,4.0,5.0,5.0,4.0,6.0,2.0,3.0,3.0,0.0,1.0,0.0,0.0,0.0,1.0,0.0,0.0,0.0,0.0,0.0,0.0,0.0,1.0,0.0,0.0,0.0,0.0,1.0,0.0,1,4,12.70076888736628
6,1571,380,799,2,0.0,1,0,59.0,0,772,40,1,16,15,4.0,3.0,4.0,4.0,1.0,1.0,2.0,3.0,2.0,0.0,1.0,0.0,0.0,0.0,1.0,0.0,0.0,0.0,0.0,0.0,0.0,0.0,1.0,0.0,0.0,0.0,0.0,1.0,0.0,1,3,12.089538829274222
6,1611,442,780,1,360.0,0,674,80.0,328,813,128,1,44,44,3.0,3.0,3.0,3.0,4.0,6.0,2.0,3.0,3.0,1.0,0.0,0.0,0.0,0.0,1.0,0.0,0.0,0.0,0.0,0.0,0.0,0.0,1.0,0.0,0.0,0.0,0.0,1.0,0.0,1,2,12.031123843065632
6,2521,576,942,2,0.0,1,837,42.0,728,1230,20,1,33,33,3.0,3.0,4.0,4.0,1.0,5.0,3.0,3.0,3.0,1.0,0.0,0.0,0.0,0.0,1.0,0.0,0.0,0.0,0.0,0.0,0.0,0.0,0.0,1.0,0.0,0.0,0.0,1.0,0.0,1,1,11.927680619985486
5,893,576,845,1,0.0,0,220,60.0,0,0,0,0,58,4,3.0,4.0,3.0,3.0,1.0,5.0,1.0,3.0,3.0,1.0,0.0,0.0,0.0,0.0,0.0,0.0,0.0,0.0,1.0,0.0,0.0,0.0,1.0,0.0,0.0,0.0,0.0,1.0,0.0,1,2,11.813030057420567
5,1048,286,1048,1,120.0,0,586,72.0,0,0,20,0,51,51,3.0,3.0,3.0,3.0,1.0,4.0,1.0,3.0,3.0,1.0,0.0,0.0,0.0,0.0,1.0,0.0,0.0,0.0,0.0,0.0,0.0,0.0,1.0,0.0,0.0,0.0,0.0,1.0,0.0,1,2,11.813030057420567
6,1556,441,727,1,0.0,0,298,78.0,0,727,0,1,41,41,3.0,3.0,3.0,5.0,1.0,3.0,1.0,3.0,3.0,1.0,0.0,0.0,0.0,0.0,1.0,0.0,0.0,0.0,0.0,0.0,0.0,0.0,1.0,0.0,0.0,0.0,0.0,1.0,0.0,1,3,11.944707881395766
5,1456,280,810,1,0.0,1,0,50.0,0,454,0,0,58,56,3.0,3.0,2.0,2.0,2.0,1.0,1.0,2.0,3.0,1.0,0.0,0.0,0.0,0.0,0.0,0.0,0.0,0.0,1.0,0.0,0.0,0.0,1.0,0.0,0.0,0.0,0.0,1.0,0.0,1,1,11.424094251263613
6,1426,440,690,1,140.0,0,535,75.0,252,728,0,1,32,32,3.0,3.0,3.0,3.0,1.0,4.0,3.0,3.0,2.0,1.0,0.0,0.0,0.0,0.0,1.0,0.0,0.0,0.0,0.0,0.0,0.0,0.0,1.0,0.0,0.0,0.0,0.0,1.0,0.0,1,1,11.979799201207037
7,1240,826,1240,2,0.0,0,0,74.0,140,0,93,0,1,1,4.0,4.0,4.0,5.0,3.0,1.0,2.0,3.0,3.0,0.0,1.0,0.0,0.0,0.0,1.0,0.0,0.0,0.0,0.0,0.0,0.0,0.0,1.0,0.0,0.0,0.0,0.0,1.0,0.0,1,3,12.175613438045465
7,1740,240,800,1,0.0,2,410,75.0,0,780,0,1,67,23,3.0,3.0,3.0,3.0,1.0,4.0,1.0,3.0,3.0,1.0,0.0,0.0,0.0,0.0,1.0,0.0,0.0,0.0,0.0,0.0,0.0,0.0,1.0,0.0,0.0,0.0,0.0,1.0,0.0,1,4,12.299107511497363
5,1466,566,796,2,0.0,1,626,60.0,436,370,21,0,70,17,3.0,4.0,2.0,4.0,1.0,5.0,1.0,3.0,3.0,1.0,0.0,0.0,0.0,0.0,1.0,0.0,0.0,0.0,0.0,0.0,0.0,0.0,1.0,0.0,0.0,0.0,0.0,1.0,0.0,1,1,12.043553716032399
5,1096,299,1096,1,0.0,0,75,73.0,240,0,32,0,37,37,3.0,3.0,3.0,5.0,2.0,4.0,3.0,3.0,2.0,1.0,0.0,0.0,0.0,0.0,1.0,0.0,0.0,0.0,0.0,0.0,0.0,0.0,1.0,0.0,0.0,0.0,0.0,0.0,0.0,1,2,11.840789327054841
6,848,420,848,1,169.0,1,662,37.0,140,0,0,0,2,2,4.0,4.0,4.0,5.0,2.0,6.0,2.0,3.0,3.0,0.0,1.0,0.0,0.0,0.0,1.0,0.0,0.0,0.0,0.0,0.0,0.0,0.0,0.0,1.0,0.0,0.0,0.0,1.0,0.0,1,3,11.956970055045868
5,990,299,990,1,0.0,0,495,65.0,0,0,64,0,13,13,3.0,3.0,4.0,4.0,1.0,6.0,1.0,3.0,3.0,0.0,1.0,0.0,0.0,0.0,1.0,0.0,0.0,0.0,0.0,0.0,0.0,0.0,1.0,0.0,0.0,0.0,0.0,1.0,0.0,1,3,11.744037185933616
6,1258,528,1258,2,144.0,0,656,80.0,55,0,0,0,37,4,4.0,4.0,3.0,5.0,1.0,5.0,2.0,3.0,3.0,1.0,0.0,0.0,0.0,0.0,1.0,0.0,0.0,0.0,0.0,0.0,0.0,0.0,1.0,0.0,0.0,0.0,0.0,0.0,0.0,1,3,11.884489021402711
5,1040,308,1040,1,0.0,0,824,75.0,0,0,0,1,47,47,3.0,3.0,3.0,2.0,1.0,5.0,3.0,3.0,3.0,1.0,0.0,0.0,0.0,0.0,1.0,0.0,0.0,0.0,0.0,0.0,0.0,0.0,1.0,0.0,0.0,0.0,0.0,1.0,0.0,1,2,11.79810440720389
7,1459,527,1459,2,100.0,1,0,70.0,192,0,39,0,5,5,4.0,4.0,4.0,5.0,1.0,1.0,2.0,3.0,3.0,0.0,1.0,0.0,0.0,0.0,1.0,0.0,0.0,0.0,0.0,0.0,0.0,0.0,1.0,0.0,0.0,0.0,0.0,1.0,0.0,1,3,12.165250651009918
6,1251,461,1251,1,425.0,2,553,80.0,0,0,116,0,42,42,3.0,3.0,3.0,3.0,1.0,4.0,2.0,3.0,3.0,1.0,0.0,0.0,0.0,0.0,1.0,0.0,0.0,0.0,0.0,0.0,0.0,0.0,1.0,0.0,0.0,0.0,0.0,1.0,0.0,1,2,11.982929094215963
6,1498,409,691,2,0.0,1,592,65.0,315,807,44,1,11,10,3.0,3.0,4.0,4.0,1.0,5.0,3.0,3.0,1.0,0.0,1.0,0.0,0.0,0.0,1.0,0.0,0.0,0.0,0.0,0.0,0.0,0.0,1.0,0.0,0.0,0.0,0.0,1.0,0.0,1,3,12.141534124392603
6,996,564,936,1,0.0,0,747,73.0,120,0,0,0,18,18,3.0,4.0,4.0,5.0,3.0,6.0,1.0,3.0,3.0,0.0,1.0,0.0,0.0,0.0,1.0,0.0,0.0,0.0,0.0,0.0,0.0,0.0,1.0,0.0,0.0,0.0,0.0,1.0,0.0,1,3,11.898187865760873
4,1092,286,546,1,0.0,0,334,21.0,120,546,96,1,37,37,3.0,3.0,3.0,3.0,1.0,4.0,2.0,3.0,3.0,1.0,0.0,0.0,0.0,0.0,1.0,0.0,0.0,0.0,0.0,0.0,0.0,0.0,0.0,1.0,0.0,0.0,0.0,1.0,0.0,1,1,11.332601910838946
8,1953,1043,1082,2,0.0,1,0,85.0,160,871,50,1,4,3,4.0,4.0,4.0,5.0,2.0,1.0,2.0,3.0,3.0,0.0,1.0,0.0,0.0,0.0,1.0,0.0,0.0,0.0,0.0,0.0,1.0,0.0,0.0,0.0,0.0,0.0,0.0,1.0,0.0,1,4,12.437184366493561
7,1709,380,970,2,50.0,0,0,24.0,0,739,40,0,2,2,4.0,4.0,4.0,5.0,1.0,1.0,1.0,3.0,3.0,0.0,1.0,0.0,0.0,0.0,0.0,0.0,0.0,0.0,1.0,0.0,0.0,0.0,0.0,1.0,0.0,0.0,0.0,1.0,0.0,1,1,11.831379196088763
8,1247,550,1247,1,0.0,1,1039,37.0,0,0,84,1,1,1,4.0,4.0,4.0,5.0,1.0,6.0,3.0,3.0,2.0,0.0,1.0,0.0,0.0,0.0,1.0,0.0,0.0,0.0,0.0,0.0,1.0,0.0,0.0,0.0,0.0,0.0,0.0,1.0,0.0,1,4,12.190959007720126
3,1040,400,0,2,0.0,0,0,60.0,0,0,0,0,59,59,3.0,3.0,0.0,2.0,0.0,0.0,1.0,3.0,3.0,0.0,0.0,1.0,0.0,0.0,0.0,0.0,0.0,0.0,1.0,0.0,0.0,0.0,1.0,0.0,0.0,0.0,0.0,1.0,0.0,0,2,11.439278924801929
7,1252,462,600,2,212.0,0,510,24.0,0,628,48,1,9,8,4.0,4.0,4.0,5.0,1.0,4.0,1.0,3.0,3.0,0.0,1.0,0.0,0.0,0.0,0.0,0.0,0.0,0.0,1.0,0.0,1.0,0.0,0.0,0.0,0.0,0.0,0.0,1.0,0.0,1,4,11.982929094215963
6,1694,576,1181,2,0.0,1,423,60.0,342,304,0,0,83,58,3.0,3.0,3.0,2.0,1.0,3.0,1.0,3.0,3.0,0.0,1.0,0.0,0.0,0.0,0.0,0.0,0.0,0.0,1.0,0.0,0.0,0.0,1.0,0.0,0.0,0.0,0.0,1.0,0.0,1,2,11.824079893607152
5,1200,884,864,1,166.0,0,661,71.0,0,0,64,1,41,8,3.0,4.0,3.0,4.0,2.0,6.0,1.0,3.0,3.0,1.0,0.0,0.0,0.0,0.0,0.0,0.0,0.0,0.0,1.0,0.0,0.0,0.0,1.0,0.0,0.0,0.0,0.0,1.0,0.0,1,2,11.891361900690473
5,936,308,936,1,0.0,0,248,74.0,0,0,0,0,54,10,3.0,3.0,3.0,5.0,1.0,4.0,3.0,3.0,3.0,1.0,0.0,0.0,0.0,0.0,1.0,0.0,0.0,0.0,0.0,0.0,0.0,0.0,1.0,0.0,0.0,0.0,0.0,1.0,0.0,1,2,11.76756768334381
6,1314,440,1314,2,0.0,1,24,78.0,0,0,22,0,1,1,4.0,4.0,4.0,4.0,1.0,6.0,2.0,3.0,2.0,0.0,1.0,0.0,0.0,0.0,1.0,0.0,0.0,0.0,0.0,0.0,0.0,0.0,1.0,0.0,0.0,0.0,0.0,1.0,0.0,1,3,12.08069081199846
6,1355,0,684,1,0.0,0,0,60.0,136,582,0,1,93,1,3.0,4.0,3.0,3.0,1.0,1.0,0.0,3.0,3.0,0.0,1.0,0.0,0.0,0.0,0.0,0.0,0.0,0.0,0.0,1.0,0.0,0.0,0.0,1.0,0.0,0.0,0.0,1.0,0.0,1,1,11.751942365440728
8,1088,461,1074,1,0.0,0,0,61.5,0,0,74,1,21,21,4.0,4.0,4.0,5.0,1.0,1.0,2.0,3.0,3.0,1.0,0.0,0.0,0.0,0.0,1.0,0.0,0.0,0.0,0.0,0.0,0.0,0.0,1.0,0.0,0.0,0.0,0.0,1.0,0.0,1,5,12.043553716032399
4,1324,240,672,1,0.0,0,672,50.0,0,567,0,0,73,59,3.0,3.0,3.0,3.0,1.0,4.0,1.0,3.0,3.0,0.0,0.0,0.0,0.0,0.0,0.0,0.0,0.0,0.0,1.0,0.0,0.0,0.0,0.0,1.0,0.0,0.0,0.0,1.0,0.0,1,1,11.759785542901755
7,1601,478,1271,2,206.0,1,704,82.0,0,0,0,0,31,31,3.0,3.0,4.0,3.0,1.0,5.0,2.0,3.0,2.0,1.0,0.0,0.0,0.0,0.0,1.0,0.0,0.0,0.0,0.0,0.0,0.0,0.0,1.0,0.0,0.0,0.0,0.0,0.0,0.0,1,3,11.964001084330445
2,438,246,290,1,0.0,0,290,60.0,0,0,0,0,89,59,3.0,2.0,3.0,3.0,1.0,3.0,1.0,1.0,3.0,1.0,0.0,0.0,0.0,0.0,0.0,0.0,0.0,0.0,1.0,0.0,0.0,0.0,1.0,0.0,0.0,0.0,0.0,1.0,0.0,0,2,11.002099841204238
5,950,280,950,1,0.0,0,412,61.0,0,0,0,0,36,36,3.0,3.0,3.0,3.0,1.0,4.0,1.0,3.0,2.0,1.0,0.0,0.0,0.0,0.0,0.0,0.0,0.0,0.0,1.0,0.0,0.0,0.0,1.0,0.0,0.0,0.0,0.0,1.0,0.0,1,2,11.691071650353702
5,1134,254,1010,1,45.0,0,588,70.0,0,0,16,0,47,5,3.0,3.0,3.0,5.0,1.0,3.0,2.0,3.0,3.0,1.0,0.0,0.0,0.0,0.0,1.0,0.0,0.0,0.0,0.0,0.0,0.0,0.0,1.0,0.0,0.0,0.0,1.0,0.0,0.0,1,2,11.813030057420567
6,1194,539,655,1,0.0,1,655,79.0,0,0,0,0,47,47,3.0,3.0,3.0,5.0,2.0,5.0,3.0,3.0,3.0,1.0,0.0,0.0,0.0,0.0,0.0,0.0,1.0,0.0,0.0,0.0,0.0,0.0,1.0,0.0,0.0,0.0,0.0,1.0,0.0,1,2,11.979799201207037
5,1302,440,630,2,304.0,0,0,24.0,0,672,0,1,37,37,3.0,3.0,3.0,3.0,1.0,1.0,1.0,3.0,3.0,1.0,0.0,0.0,0.0,0.0,0.0,0.0,0.0,0.0,1.0,0.0,0.0,0.0,0.0,1.0,0.0,0.0,0.0,1.0,0.0,1,1,11.571194373094205
8,2622,712,1463,2,362.0,2,1032,98.0,186,1122,32,1,16,15,4.0,4.0,5.0,5.0,3.0,6.0,2.0,3.0,2.0,0.0,1.0,0.0,0.0,0.0,1.0,0.0,0.0,0.0,0.0,0.0,0.0,0.0,1.0,0.0,0.0,0.0,0.0,1.0,0.0,1,5,12.691580461311874
7,1442,719,910,2,0.0,1,738,114.0,0,0,244,0,17,16,4.0,4.0,4.0,4.0,2.0,6.0,3.0,3.0,2.0,0.0,1.0,0.0,0.0,0.0,1.0,0.0,0.0,0.0,0.0,0.0,0.0,0.0,1.0,0.0,0.0,0.0,0.0,1.0,0.0,1,3,12.100156419938624
7,2021,422,868,2,0.0,1,0,168.0,0,1134,100,1,0,0,4.0,4.0,5.0,5.0,1.0,1.0,2.0,3.0,0.0,0.0,1.0,0.0,0.0,0.0,0.0,0.0,1.0,0.0,0.0,0.0,0.0,0.0,1.0,0.0,0.0,0.0,0.0,0.0,1.0,1,3,12.523525876315125
6,1690,463,924,2,0.0,1,0,65.0,100,742,48,1,7,7,3.0,3.0,4.0,5.0,1.0,1.0,2.0,3.0,3.0,0.0,1.0,0.0,0.0,0.0,1.0,0.0,0.0,0.0,0.0,0.0,0.0,0.0,1.0,0.0,0.0,0.0,0.0,0.0,0.0,1,3,12.106252310247962
8,1836,862,1836,2,42.0,1,1039,107.0,125,0,185,0,5,4,4.0,4.0,5.0,5.0,2.0,6.0,3.0,3.0,2.0,0.0,1.0,0.0,0.0,0.0,1.0,0.0,0.0,0.0,0.0,0.0,0.0,0.0,1.0,0.0,0.0,0.0,0.0,1.0,0.0,1,5,12.542544882151386
6,1658,431,773,2,0.0,1,219,65.0,224,885,84,1,13,12,3.0,3.0,4.0,4.0,1.0,6.0,3.0,3.0,3.0,0.0,1.0,0.0,0.0,0.0,1.0,0.0,0.0,0.0,0.0,0.0,0.0,0.0,1.0,0.0,0.0,0.0,0.0,1.0,0.0,1,3,12.144197241812087
7,1964,483,803,2,660.0,1,403,80.0,0,866,69,1,32,32,3.0,3.0,3.0,3.0,1.0,5.0,2.0,3.0,3.0,1.0,0.0,0.0,0.0,0.0,1.0,0.0,0.0,0.0,0.0,0.0,0.0,0.0,1.0,0.0,0.0,0.0,0.0,1.0,0.0,1,3,12.230765258120545
5,816,308,816,1,0.0,0,708,73.0,0,0,0,0,49,49,3.0,3.0,3.0,3.0,1.0,6.0,1.0,3.0,2.0,1.0,0.0,0.0,0.0,0.0,0.0,0.0,0.0,0.0,1.0,0.0,0.0,0.0,1.0,0.0,0.0,0.0,0.0,1.0,0.0,1,2,11.77452020265869
5,1008,240,1008,1,0.0,0,643,66.0,0,0,18,0,54,1,3.0,4.0,3.0,4.0,1.0,4.0,1.0,3.0,3.0,1.0,0.0,0.0,0.0,0.0,1.0,0.0,0.0,0.0,0.0,0.0,0.0,0.0,1.0,0.0,0.0,0.0,0.0,1.0,0.0,1,2,11.809319478024031
5,833,326,833,1,0.0,0,415,90.0,0,0,0,0,52,6,3.0,4.0,3.0,5.0,1.0,3.0,1.0,3.0,3.0,1.0,0.0,0.0,0.0,0.0,0.0,0.0,0.0,0.0,1.0,0.0,0.0,0.0,1.0,0.0,0.0,0.0,0.0,1.0,0.0,1,1,11.669929213779893
8,1734,928,1734,2,328.0,1,1004,93.0,0,0,0,0,0,0,4.0,5.0,5.0,5.0,1.0,6.0,2.0,3.0,3.0,0.0,1.0,0.0,0.0,0.0,1.0,0.0,0.0,0.0,0.0,0.0,0.0,0.0,1.0,0.0,0.0,0.0,0.0,0.0,1.0,1,5,12.669806661762314
8,1419,527,408,2,0.0,1,353,65.0,120,640,0,1,7,7,4.0,4.0,4.0,5.0,1.0,6.0,3.0,3.0,3.0,0.0,1.0,0.0,0.0,0.0,0.0,0.0,1.0,0.0,0.0,0.0,0.0,0.0,1.0,0.0,0.0,0.0,0.0,1.0,0.0,1,3,12.123234367221169
5,894,450,894,1,0.0,0,702,57.0,0,0,0,0,41,5,3.0,4.0,3.0,5.0,1.0,4.0,2.0,3.0,2.0,1.0,0.0,0.0,0.0,0.0,1.0,0.0,0.0,0.0,0.0,0.0,0.0,0.0,1.0,0.0,0.0,0.0,0.0,1.0,0.0,1,2,11.77528972943772
5,1601,300,533,1,0.0,0,0,85.0,280,580,34,0,50,21,3.0,3.0,3.0,3.0,1.0,1.0,2.0,3.0,3.0,1.0,0.0,0.0,0.0,0.0,0.0,0.0,1.0,0.0,0.0,0.0,0.0,0.0,1.0,0.0,0.0,0.0,0.0,1.0,0.0,1,2,11.84939770159144
5,1040,286,1040,1,0.0,0,369,70.0,140,0,0,0,47,47,3.0,3.0,3.0,3.0,1.0,2.0,2.0,3.0,3.0,1.0,0.0,0.0,0.0,0.0,1.0,0.0,0.0,0.0,0.0,0.0,0.0,0.0,1.0,0.0,0.0,0.0,0.0,1.0,0.0,1,2,11.803353763090035
6,1012,308,1012,1,0.0,1,0,59.0,0,0,22,0,87,57,3.0,3.0,3.0,3.0,1.0,1.0,1.0,3.0,3.0,0.0,0.0,0.0,0.0,0.0,0.0,0.0,0.0,0.0,1.0,0.0,0.0,0.0,0.0,1.0,0.0,0.0,0.0,1.0,0.0,1,1,11.681824001432043
7,1552,782,1552,2,196.0,0,24,84.0,144,0,20,0,1,0,4.0,4.0,4.0,5.0,3.0,6.0,2.0,3.0,3.0,0.0,1.0,0.0,0.0,0.0,1.0,0.0,0.0,0.0,0.0,0.0,0.0,0.0,1.0,0.0,0.0,0.0,0.0,0.0,1.0,1,3,12.26857785088157
4,960,288,672,1,0.0,0,0,65.5,64,0,0,0,53,53,3.0,3.0,3.0,5.0,1.0,1.0,1.0,3.0,2.0,1.0,0.0,0.0,0.0,0.0,0.0,1.0,0.0,0.0,0.0,0.0,0.0,0.0,1.0,0.0,0.0,0.0,0.0,0.0,0.0,1,1,11.626254150277232
5,698,0,698,1,0.0,0,0,50.0,0,0,200,0,62,1,3.0,3.0,3.0,5.0,1.0,1.0,0.0,3.0,3.0,1.0,0.0,0.0,0.0,0.0,0.0,0.0,0.0,0.0,0.0,1.0,0.0,0.0,1.0,0.0,0.0,0.0,0.0,1.0,0.0,1,1,11.678439903447801
7,1482,392,384,2,170.0,1,0,65.0,100,670,25,1,15,15,3.0,4.0,4.0,4.0,1.0,1.0,3.0,3.0,2.0,0.0,1.0,0.0,0.0,0.0,1.0,0.0,0.0,0.0,0.0,0.0,0.0,0.0,1.0,0.0,0.0,0.0,0.0,1.0,0.0,1,3,12.00701176473192
4,1005,672,1005,1,0.0,1,0,60.0,0,0,0,0,54,54,3.0,2.0,3.0,3.0,1.0,1.0,1.0,3.0,3.0,1.0,0.0,0.0,0.0,0.0,0.0,0.0,0.0,0.0,1.0,0.0,0.0,0.0,1.0,0.0,0.0,0.0,0.0,1.0,0.0,1,2,11.652687407345388
7,1555,660,1373,2,130.0,1,0,53.0,143,0,20,0,2,2,4.0,4.0,4.0,5.0,1.0,1.0,3.0,3.0,3.0,0.0,1.0,0.0,0.0,0.0,1.0,0.0,0.0,0.0,0.0,0.0,0.0,0.0,1.0,0.0,0.0,0.0,0.0,1.0,0.0,1,3,12.066810578196666
7,1530,630,1530,2,0.0,1,1300,182.0,144,0,36,0,3,3,4.0,4.0,4.0,5.0,3.0,6.0,3.0,3.0,0.0,0.0,1.0,0.0,0.0,0.0,1.0,0.0,0.0,0.0,0.0,0.0,0.0,0.0,1.0,0.0,0.0,0.0,1.0,0.0,0.0,1,3,12.464583340681674
7,1959,434,847,2,0.0,1,0,59.0,100,1112,48,1,3,2,4.0,4.0,4.0,5.0,3.0,1.0,3.0,3.0,2.0,0.0,1.0,0.0,0.0,0.0,0.0,0.0,1.0,0.0,0.0,0.0,0.0,0.0,1.0,0.0,0.0,0.0,0.0,1.0,0.0,1,3,12.2783933071098
5,936,672,936,1,180.0,0,936,60.0,49,0,0,0,27,27,3.0,3.0,4.0,3.0,4.0,6.0,1.0,3.0,3.0,1.0,0.0,0.0,0.0,0.0,0.0,0.0,0.0,0.0,1.0,0.0,0.0,0.0,0.0,1.0,0.0,0.0,0.0,1.0,0.0,1,1,11.84939770159144
4,1981,576,1122,2,0.0,2,622,65.0,431,653,44,0,81,59,3.0,4.0,3.0,3.0,1.0,4.0,1.0,3.0,3.0,0.0,0.0,0.0,0.0,0.0,0.0,0.0,0.0,0.0,1.0,0.0,0.0,0.0,1.0,0.0,0.0,0.0,0.0,1.0,0.0,1,2,11.813030057420567
5,974,0,974,1,0.0,0,212,63.0,0,0,28,0,16,15,3.0,3.0,4.0,3.0,2.0,4.0,0.0,3.0,3.0,0.0,1.0,0.0,0.0,0.0,0.0,0.0,0.0,0.0,0.0,1.0,0.0,0.0,1.0,0.0,0.0,0.0,0.0,0.0,0.0,1,2,11.44571671527678
6,2210,205,1008,2,0.0,0,0,90.0,0,1032,48,0,127,57,3.0,2.0,3.0,3.0,2.0,1.0,1.0,1.0,3.0,0.0,0.0,0.0,0.0,0.0,0.0,0.0,0.0,0.0,1.0,0.0,0.0,0.0,0.0,1.0,0.0,0.0,0.0,1.0,0.0,1,1,11.67419361256635
8,2020,466,1128,2,0.0,1,584,80.0,0,878,155,1,14,14,4.0,4.0,4.0,5.0,1.0,6.0,2.0,3.0,2.0,0.0,1.0,0.0,0.0,0.0,1.0,0.0,0.0,0.0,0.0,0.0,0.0,0.0,1.0,0.0,0.0,0.0,0.0,1.0,0.0,1,3,12.386308695833106
6,1600,460,916,2,0.0,1,0,57.0,100,684,38,1,10,10,3.0,3.0,4.0,4.0,3.0,1.0,3.0,3.0,2.0,0.0,1.0,0.0,0.0,0.0,1.0,0.0,0.0,0.0,0.0,0.0,0.0,0.0,1.0,0.0,0.0,0.0,0.0,1.0,0.0,1,3,12.037653993905211
6,986,180,960,1,0.0,1,0,60.0,0,0,128,0,81,57,3.0,3.0,3.0,3.0,1.0,1.0,1.0,3.0,3.0,0.0,0.0,0.0,0.0,0.0,0.0,0.0,0.0,0.0,1.0,0.0,0.0,0.0,0.0,1.0,0.0,0.0,0.0,1.0,0.0,0,1,11.532728092266408
6,1252,288,1032,1,0.0,0,280,80.0,0,220,0,0,58,58,3.0,3.0,3.0,3.0,1.0,4.0,1.0,3.0,3.0,1.0,0.0,0.0,0.0,0.0,1.0,0.0,0.0,0.0,0.0,0.0,0.0,0.0,1.0,0.0,0.0,0.0,0.0,0.0,0.0,1,2,11.686878772093667
5,1020,0,780,1,0.0,0,0,54.0,0,240,0,0,135,14,3.0,3.0,3.0,4.0,1.0,1.0,0.0,1.0,3.0,1.0,0.0,0.0,0.0,0.0,0.0,0.0,0.0,0.0,0.0,1.0,0.0,0.0,1.0,0.0,0.0,0.0,0.0,1.0,0.0,0,2,11.451050061252142
6,1567,714,1567,2,0.0,2,1567,73.0,264,0,32,0,32,32,3.0,4.0,3.0,3.0,4.0,5.0,2.0,3.0,2.0,0.0,1.0,0.0,0.0,0.0,1.0,0.0,0.0,0.0,0.0,0.0,0.0,0.0,1.0,0.0,0.0,0.0,0.0,1.0,0.0,1,2,12.185869938212655
5,1167,495,915,1,0.0,1,645,98.0,0,0,0,0,87,57,3.0,3.0,3.0,3.0,1.0,4.0,1.0,3.0,2.0,0.0,0.0,0.0,0.0,0.0,0.0,0.0,0.0,0.0,1.0,0.0,0.0,0.0,1.0,0.0,0.0,0.0,0.0,1.0,0.0,1,1,11.877568578558138
5,952,840,952,1,0.0,0,852,60.0,0,0,0,0,57,57,3.0,3.0,3.0,3.0,2.0,5.0,1.0,3.0,3.0,1.0,0.0,0.0,0.0,0.0,0.0,0.0,0.0,0.0,1.0,0.0,0.0,0.0,1.0,0.0,0.0,0.0,0.0,0.0,0.0,1,2,11.842229212112828
5,1868,484,780,2,44.0,1,381,80.0,448,780,96,1,33,33,3.0,4.0,3.0,5.0,1.0,5.0,1.0,3.0,2.0,1.0,0.0,0.0,0.0,0.0,1.0,0.0,0.0,0.0,0.0,0.0,0.0,0.0,1.0,0.0,0.0,0.0,0.0,1.0,0.0,1,3,12.193493863323313
8,2828,1052,1466,3,340.0,1,1150,77.0,125,1362,144,0,1,0,4.0,4.0,5.0,5.0,4.0,6.0,2.0,3.0,3.0,0.0,1.0,0.0,0.0,0.0,0.0,0.0,1.0,0.0,0.0,0.0,0.0,0.0,1.0,0.0,0.0,0.0,0.0,0.0,1.0,1,3,12.959538518762063
5,1006,0,1006,1,0.0,0,288,71.0,0,0,24,0,49,49,3.0,3.0,3.0,3.0,1.0,6.0,0.0,3.0,3.0,1.0,0.0,0.0,0.0,0.0,0.0,0.0,0.0,0.0,0.0,1.0,0.0,0.0,1.0,0.0,0.0,0.0,0.0,1.0,0.0,1,2,11.289781913656018
4,924,280,672,1,0.0,0,348,60.0,0,252,0,0,69,60,3.0,2.0,4.0,2.0,1.0,4.0,1.0,3.0,3.0,0.0,0.0,0.0,0.0,0.0,0.0,0.0,0.0,0.0,1.0,0.0,0.0,0.0,1.0,0.0,0.0,0.0,0.0,1.0,0.0,0,1,11.289781913656018
5,1576,225,1042,1,0.0,1,0,52.0,0,534,0,0,78,56,3.0,3.0,3.0,5.0,1.0,1.0,1.0,3.0,3.0,0.0,0.0,0.0,0.0,0.0,0.0,0.0,0.0,0.0,1.0,0.0,0.0,0.0,0.0,1.0,0.0,0.0,1.0,0.0,0.0,1,1,11.911701584927597
6,1298,403,1298,2,85.0,1,1258,66.5,165,0,26,0,21,21,4.0,4.0,4.0,3.0,1.0,6.0,1.0,3.0,3.0,1.0,0.0,0.0,0.0,0.0,1.0,0.0,0.0,0.0,0.0,0.0,0.0,0.0,1.0,0.0,0.0,0.0,0.0,1.0,0.0,1,3,12.100712129872347
7,1564,234,704,1,0.0,1,275,75.0,0,704,0,1,68,59,3.0,2.0,3.0,5.0,1.0,3.0,1.0,3.0,3.0,1.0,0.0,0.0,0.0,0.0,1.0,0.0,0.0,0.0,0.0,0.0,0.0,0.0,1.0,0.0,0.0,0.0,0.0,1.0,0.0,1,4,12.069680020624618
7,1111,288,572,1,0.0,1,0,60.0,0,539,0,0,82,58,3.0,3.0,3.0,3.0,1.0,1.0,1.0,3.0,3.0,0.0,1.0,0.0,0.0,0.0,0.0,0.0,0.0,0.0,1.0,0.0,0.0,0.0,0.0,1.0,0.0,0.0,0.0,1.0,0.0,1,1,11.66907414746016
7,1482,324,650,1,0.0,0,624,50.0,0,650,0,0,89,21,3.0,3.0,3.0,5.0,1.0,5.0,1.0,3.0,3.0,0.0,1.0,0.0,0.0,0.0,0.0,0.0,0.0,0.0,1.0,0.0,0.0,0.0,0.0,1.0,0.0,0.0,0.0,1.0,0.0,1,1,11.870599909242044
6,932,306,932,1,0.0,1,0,57.0,0,0,0,0,57,57,3.0,4.0,3.0,5.0,1.0,1.0,1.0,3.0,2.0,1.0,0.0,0.0,0.0,0.0,1.0,0.0,0.0,0.0,0.0,0.0,0.0,0.0,1.0,0.0,0.0,0.0,0.0,1.0,0.0,1,2,11.728036844587175
5,1466,528,1466,1,132.0,2,176,134.0,0,0,140,1,47,47,3.0,2.0,3.0,3.0,1.0,4.0,3.0,3.0,3.0,1.0,0.0,0.0,0.0,0.0,1.0,0.0,0.0,0.0,0.0,0.0,0.0,0.0,1.0,0.0,0.0,0.0,0.0,1.0,0.0,1,1,11.917723684090689
6,1811,470,1073,1,0.0,1,296,90.0,0,0,0,0,50,2,3.0,5.0,3.0,5.0,1.0,5.0,3.0,3.0,2.0,0.0,1.0,0.0,0.0,0.0,1.0,0.0,0.0,0.0,0.0,0.0,0.0,0.0,1.0,0.0,0.0,0.0,0.0,0.0,0.0,1,4,12.345834587905333
6,816,432,816,1,0.0,0,538,60.0,0,0,0,0,78,1,4.0,3.0,3.0,5.0,3.0,5.0,1.0,3.0,3.0,0.0,0.0,0.0,0.0,0.0,0.0,0.0,0.0,0.0,1.0,0.0,0.0,0.0,0.0,1.0,0.0,0.0,0.0,1.0,0.0,1,1,11.699405031912846
7,1820,492,864,1,288.0,2,454,73.0,60,918,84,2,43,20,3.0,4.0,3.0,3.0,4.0,5.0,1.0,3.0,2.0,1.0,0.0,0.0,0.0,0.0,1.0,0.0,0.0,0.0,0.0,0.0,0.0,0.0,1.0,0.0,0.0,0.0,0.0,1.0,0.0,1,2,12.215032386901646
5,1437,528,1437,2,0.0,1,1157,90.0,0,0,21,0,31,3,4.0,4.0,4.0,3.0,4.0,5.0,2.0,3.0,2.0,1.0,0.0,0.0,0.0,0.0,1.0,0.0,0.0,0.0,0.0,0.0,0.0,0.0,1.0,0.0,0.0,0.0,0.0,1.0,0.0,1,4,12.292250341771226
5,1265,502,1219,2,0.0,1,633,85.0,0,0,92,0,43,9,3.0,4.0,3.0,4.0,4.0,5.0,2.0,3.0,3.0,0.0,1.0,0.0,0.0,0.0,1.0,0.0,0.0,0.0,0.0,0.0,0.0,0.0,1.0,0.0,0.0,0.0,0.0,1.0,0.0,1,2,12.100156419938624
7,1314,626,1314,2,166.0,1,904,34.0,172,0,62,0,2,1,4.0,4.0,4.0,5.0,1.0,6.0,2.0,3.0,2.0,0.0,1.0,0.0,0.0,0.0,1.0,0.0,0.0,0.0,0.0,0.0,0.0,0.0,1.0,0.0,0.0,0.0,0.0,1.0,0.0,1,5,12.345834587905333
8,1580,830,1580,2,186.0,0,0,92.0,0,0,24,0,1,0,4.0,4.0,4.0,5.0,1.0,1.0,2.0,3.0,3.0,0.0,1.0,0.0,0.0,0.0,1.0,0.0,0.0,0.0,0.0,0.0,0.0,0.0,1.0,0.0,0.0,0.0,0.0,0.0,1.0,1,4,12.367885325692589
6,1876,540,901,2,270.0,1,442,76.0,0,933,69,1,34,34,4.0,4.0,3.0,3.0,1.0,5.0,2.0,3.0,3.0,1.0,0.0,0.0,0.0,0.0,1.0,0.0,0.0,0.0,0.0,0.0,0.0,0.0,1.0,0.0,0.0,0.0,0.0,1.0,0.0,1,3,12.128111104060462
6,1456,440,855,2,0.0,1,311,24.0,26,601,0,1,32,32,3.0,3.0,4.0,2.0,1.0,5.0,1.0,3.0,3.0,1.0,0.0,0.0,0.0,0.0,1.0,0.0,0.0,0.0,0.0,0.0,0.0,0.0,1.0,0.0,0.0,0.0,0.0,1.0,0.0,1,2,11.891361900690473
6,1640,924,1296,1,72.0,1,728,74.0,108,0,0,0,54,2,4.0,4.0,3.0,5.0,1.0,4.0,1.0,3.0,2.0,1.0,0.0,0.0,0.0,0.0,0.0,0.0,0.0,0.0,1.0,0.0,0.0,0.0,1.0,0.0,0.0,0.0,0.0,1.0,0.0,1,4,12.319401330837177
5,894,450,894,1,0.0,1,492,109.0,0,0,0,0,39,39,3.0,3.0,4.0,4.0,1.0,4.0,3.0,3.0,3.0,1.0,0.0,0.0,0.0,0.0,1.0,0.0,0.0,0.0,0.0,0.0,0.0,0.0,1.0,0.0,0.0,0.0,0.0,1.0,0.0,1,2,11.76756768334381
4,1258,400,1198,0,0.0,0,1198,60.0,120,0,0,2,39,39,3.0,3.0,4.0,3.0,3.0,6.0,1.0,3.0,3.0,1.0,0.0,0.0,0.0,0.0,0.0,0.0,0.0,1.0,0.0,0.0,0.0,0.0,1.0,0.0,0.0,1.0,0.0,0.0,0.0,1,2,11.598726943661342
5,1432,588,1360,1,0.0,1,680,68.0,168,0,180,1,29,29,3.0,4.0,4.0,5.0,4.0,5.0,1.0,3.0,2.0,0.0,1.0,0.0,0.0,0.0,1.0,0.0,0.0,0.0,0.0,0.0,0.0,0.0,1.0,0.0,0.0,0.0,0.0,1.0,0.0,1,4,12.175613438045465
7,1502,644,1502,2,268.0,0,0,79.0,0,0,114,0,0,0,4.0,4.0,4.0,5.0,1.0,1.0,2.0,3.0,2.0,0.0,1.0,0.0,0.0,0.0,1.0,0.0,0.0,0.0,0.0,0.0,0.0,0.0,1.0,0.0,0.0,0.0,0.0,0.0,1.0,1,5,12.359523080243038
8,1694,776,1694,2,72.0,0,0,64.0,160,0,33,0,2,2,4.0,4.0,4.0,5.0,3.0,1.0,2.0,3.0,2.0,0.0,1.0,0.0,0.0,0.0,1.0,0.0,0.0,0.0,0.0,0.0,0.0,0.0,1.0,0.0,0.0,0.0,0.0,1.0,0.0,1,3,12.41044104151805
6,1671,472,959,2,0.0,1,786,58.0,0,712,38,1,6,6,3.0,3.0,4.0,5.0,1.0,6.0,3.0,3.0,2.0,0.0,1.0,0.0,0.0,0.0,1.0,0.0,0.0,0.0,0.0,0.0,0.0,0.0,1.0,0.0,0.0,0.0,0.0,1.0,0.0,1,3,12.061046873479915
6,2108,540,1127,2,0.0,2,626,120.0,0,872,0,0,73,22,3.0,4.0,3.0,5.0,1.0,3.0,1.0,3.0,3.0,1.0,0.0,0.0,0.0,0.0,0.0,1.0,0.0,0.0,0.0,0.0,0.0,0.0,1.0,0.0,0.0,0.0,0.0,1.0,0.0,1,1,12.367340793126296
10,3627,807,1930,3,1378.0,1,1387,118.0,361,1796,76,1,11,10,4.0,4.0,5.0,5.0,4.0,6.0,3.0,3.0,2.0,0.0,1.0,0.0,0.0,0.0,1.0,0.0,0.0,0.0,0.0,0.0,0.0,0.0,1.0,0.0,0.0,0.0,0.0,1.0,0.0,1,5,13.345506928718539
6,1118,358,1096,1,0.0,1,522,76.0,203,0,0,0,31,31,3.0,3.0,3.0,3.0,3.0,5.0,3.0,3.0,3.0,1.0,0.0,0.0,0.0,0.0,1.0,0.0,0.0,0.0,0.0,0.0,0.0,0.0,1.0,0.0,0.0,0.0,0.0,1.0,0.0,1,2,12.049418835484797
6,1261,433,1261,1,0.0,1,662,76.0,0,0,0,0,50,50,3.0,3.0,3.0,5.0,1.0,5.0,2.0,3.0,3.0,1.0,0.0,0.0,0.0,0.0,1.0,0.0,0.0,0.0,0.0,0.0,0.0,0.0,1.0,0.0,0.0,0.0,0.0,1.0,0.0,1,2,12.0015054797889
7,1250,625,625,2,0.0,0,0,35.0,0,625,54,1,2,1,4.0,4.0,4.0,5.0,1.0,1.0,3.0,3.0,2.0,0.0,1.0,0.0,0.0,0.0,0.0,0.0,0.0,0.0,1.0,0.0,1.0,0.0,0.0,0.0,0.0,0.0,0.0,1.0,0.0,1,4,12.05466819137094
5,3086,0,1598,3,0.0,1,152,138.0,122,971,0,0,61,13,3.0,5.0,3.0,3.0,1.0,3.0,0.0,3.0,2.0,1.0,0.0,0.0,0.0,0.0,0.0,0.0,0.0,0.0,0.0,1.0,0.0,0.0,1.0,0.0,0.0,0.0,0.0,1.0,0.0,1,4,12.20856952572876
6,2345,360,952,2,0.0,1,503,80.0,0,1175,0,1,74,56,3.0,3.0,4.0,3.0,1.0,3.0,1.0,3.0,2.0,0.0,0.0,0.0,0.0,0.0,0.0,0.0,0.0,0.0,1.0,0.0,0.0,0.0,1.0,0.0,0.0,0.0,0.0,1.0,0.0,1,4,12.384218830913648
8,2872,541,1683,2,337.0,1,700,85.0,0,743,33,1,15,7,4.0,4.0,4.0,5.0,1.0,6.0,3.0,3.0,3.0,0.0,1.0,0.0,0.0,0.0,1.0,0.0,0.0,0.0,0.0,0.0,0.0,0.0,1.0,0.0,0.0,0.0,0.0,1.0,0.0,1,5,12.560244459250788
5,923,264,876,1,0.0,0,658,37.0,362,0,0,0,24,23,3.0,3.0,3.0,3.0,1.0,5.0,1.0,3.0,2.0,1.0,0.0,0.0,0.0,0.0,1.0,0.0,0.0,0.0,0.0,0.0,0.0,0.0,1.0,0.0,0.0,0.0,0.0,1.0,0.0,1,2,11.691071650353702
6,1224,210,818,1,0.0,0,468,60.0,0,406,0,0,83,5,3.0,3.0,3.0,3.0,1.0,3.0,1.0,1.0,3.0,1.0,0.0,0.0,0.0,0.0,0.0,0.0,0.0,0.0,1.0,0.0,0.0,0.0,0.0,1.0,0.0,0.0,0.0,1.0,0.0,1,1,11.652687407345388
5,1343,186,731,1,0.0,1,0,54.0,192,523,0,1,88,59,3.0,3.0,3.0,5.0,1.0,1.0,1.0,3.0,2.0,0.0,0.0,0.0,0.0,0.0,0.0,0.0,0.0,0.0,1.0,0.0,0.0,0.0,1.0,0.0,0.0,0.0,0.0,1.0,0.0,1,4,11.95053502640496
5,1124,0,0,1,0.0,1,0,77.0,0,0,36,0,52,52,3.0,3.0,0.0,4.0,0.0,0.0,0.0,1.0,3.0,0.0,0.0,1.0,0.0,0.0,0.0,0.0,0.0,0.0,0.0,1.0,0.0,0.0,1.0,0.0,0.0,0.0,0.0,1.0,0.0,1,1,11.440354772135393
7,2514,693,1216,2,0.0,0,1216,85.0,0,1216,0,1,16,15,3.0,3.0,4.0,5.0,1.0,2.0,3.0,3.0,1.0,0.0,0.0,0.0,0.0,1.0,1.0,0.0,0.0,0.0,0.0,0.0,0.0,0.0,1.0,0.0,0.0,0.0,0.0,1.0,0.0,1,4,12.429216196844383
8,1652,482,1600,2,186.0,1,1480,64.0,162,0,53,0,0,0,5.0,4.0,5.0,5.0,4.0,6.0,3.0,3.0,2.0,0.0,1.0,0.0,0.0,0.0,1.0,0.0,0.0,0.0,0.0,0.0,0.0,0.0,0.0,1.0,0.0,0.0,0.0,0.0,1.0,1,4,12.8802918162046
10,4476,813,2396,3,0.0,2,2096,160.0,171,2065,78,1,11,11,4.0,5.0,5.0,5.0,3.0,6.0,3.0,3.0,2.0,0.0,1.0,0.0,0.0,0.0,1.0,0.0,0.0,0.0,0.0,0.0,0.0,0.0,1.0,0.0,0.0,0.0,0.0,0.0,0.0,1,5,13.521139497361697
5,1130,720,1120,1,0.0,1,821,60.0,229,0,0,0,86,56,3.0,3.0,3.0,5.0,1.0,3.0,1.0,3.0,3.0,0.0,0.0,0.0,0.0,0.0,0.0,0.0,0.0,0.0,1.0,0.0,0.0,0.0,1.0,0.0,0.0,0.0,0.0,1.0,0.0,1,1,11.695247021764184
5,1572,995,1572,1,226.0,2,1159,50.0,0,0,263,1,44,44,3.0,3.0,3.0,4.0,4.0,3.0,2.0,3.0,3.0,1.0,0.0,0.0,0.0,0.0,0.0,0.0,0.0,0.0,0.0,0.0,0.0,0.0,1.0,0.0,0.0,0.0,0.0,1.0,0.0,1,4,12.137258329529814
5,1221,392,784,1,0.0,0,392,60.0,0,272,0,0,82,56,3.0,3.0,3.0,4.0,1.0,4.0,1.0,3.0,3.0,0.0,0.0,0.0,0.0,0.0,1.0,0.0,0.0,0.0,0.0,0.0,0.0,0.0,1.0,0.0,0.0,0.0,0.0,1.0,0.0,1,1,11.560762794384388
3,1699,420,978,2,0.0,0,440,107.0,0,685,74,0,109,39,3.0,3.0,2.0,3.0,2.0,4.0,1.0,3.0,2.0,1.0,0.0,0.0,0.0,0.0,0.0,0.0,0.0,1.0,0.0,0.0,0.0,0.0,1.0,0.0,0.0,0.0,0.0,0.0,0.0,1,1,11.461632170582678
8,1624,757,1624,2,0.0,1,1456,89.0,0,0,114,0,12,11,4.0,4.0,4.0,5.0,1.0,6.0,2.0,3.0,3.0,0.0,1.0,0.0,0.0,0.0,1.0,0.0,0.0,0.0,0.0,0.0,0.0,0.0,1.0,0.0,0.0,0.0,0.0,1.0,0.0,1,5,12.476099782743233
7,1660,493,831,2,95.0,0,0,68.0,144,829,68,1,7,7,4.0,4.0,4.0,5.0,1.0,1.0,2.0,3.0,2.0,0.0,1.0,0.0,0.0,0.0,1.0,0.0,0.0,0.0,0.0,0.0,0.0,0.0,1.0,0.0,0.0,0.0,0.0,1.0,0.0,1,3,12.180754837545884
7,1804,442,994,2,0.0,1,0,60.0,140,776,60,1,11,11,3.0,4.0,3.0,4.0,1.0,1.0,3.0,3.0,3.0,0.0,1.0,0.0,0.0,0.0,1.0,0.0,0.0,0.0,0.0,0.0,0.0,0.0,1.0,0.0,0.0,0.0,0.0,1.0,0.0,1,3,12.14950229404178
4,1622,1356,1249,1,149.0,1,1159,73.0,439,0,0,0,46,32,3.0,3.0,3.0,5.0,3.0,4.0,3.0,3.0,3.0,1.0,0.0,0.0,0.0,0.0,0.0,0.0,0.0,0.0,0.0,0.0,0.0,0.0,1.0,0.0,0.0,0.0,0.0,1.0,0.0,1,2,12.031719258385396
8,1441,492,776,2,456.0,0,0,24.0,206,677,0,1,8,7,4.0,4.0,4.0,5.0,1.0,1.0,1.0,3.0,3.0,0.0,1.0,0.0,0.0,0.0,0.0,0.0,0.0,0.0,1.0,0.0,1.0,0.0,0.0,0.0,0.0,0.0,0.0,1.0,0.0,1,4,12.066810578196666
5,1472,250,702,1,0.0,0,0,60.0,0,630,0,0,82,13,3.0,4.0,3.0,4.0,2.0,1.0,1.0,2.0,3.0,0.0,1.0,0.0,0.0,0.0,0.0,0.0,0.0,0.0,1.0,0.0,0.0,0.0,0.0,1.0,0.0,0.0,0.0,1.0,0.0,1,1,11.736069016284437
6,1224,402,1224,2,425.0,0,883,73.0,0,0,304,0,10,10,3.0,3.0,5.0,5.0,1.0,6.0,3.0,3.0,3.0,0.0,1.0,0.0,0.0,0.0,1.0,0.0,0.0,0.0,0.0,0.0,0.0,0.0,0.0,1.0,0.0,0.0,0.0,1.0,0.0,1,2,12.013700752882718
6,1352,299,663,1,143.0,0,371,80.0,379,689,36,1,41,41,3.0,3.0,3.0,3.0,1.0,5.0,3.0,3.0,3.0,1.0,0.0,0.0,0.0,0.0,1.0,0.0,0.0,0.0,0.0,0.0,0.0,0.0,1.0,0.0,0.0,0.0,0.0,1.0,0.0,1,2,11.970350312009105
6,1456,400,728,2,0.0,0,0,51.0,100,728,24,1,3,3,3.0,4.0,4.0,5.0,1.0,1.0,3.0,3.0,2.0,0.0,1.0,0.0,0.0,0.0,1.0,0.0,0.0,0.0,0.0,0.0,0.0,0.0,1.0,0.0,0.0,0.0,0.0,1.0,0.0,1,3,12.078239274020289
7,1863,660,879,2,0.0,1,0,58.0,100,984,17,1,0,0,4.0,4.0,4.0,5.0,3.0,1.0,3.0,3.0,2.0,0.0,1.0,0.0,0.0,0.0,0.0,0.0,1.0,0.0,0.0,0.0,0.0,0.0,1.0,0.0,0.0,0.0,0.0,0.0,1.0,1,3,12.297785453453374
7,1690,225,815,1,0.0,1,0,65.0,0,875,0,0,90,56,3.0,3.0,3.0,5.0,1.0,1.0,1.0,3.0,2.0,0.0,0.0,0.0,0.0,0.0,0.0,0.0,0.0,0.0,1.0,0.0,0.0,0.0,0.0,1.0,0.0,0.0,0.0,1.0,0.0,1,1,11.877568578558138
7,1212,573,1212,2,0.0,0,0,70.0,356,0,0,0,8,8,4.0,4.0,4.0,5.0,1.0,1.0,2.0,3.0,3.0,0.0,1.0,0.0,0.0,0.0,1.0,0.0,0.0,0.0,0.0,0.0,0.0,0.0,1.0,0.0,0.0,0.0,0.0,1.0,0.0,1,3,12.089538829274222
4,1382,459,1051,1,51.0,1,547,75.0,0,0,82,1,43,27,3.0,3.0,3.0,4.0,1.0,3.0,1.0,3.0,3.0,1.0,0.0,0.0,0.0,0.0,1.0,0.0,0.0,0.0,0.0,0.0,0.0,0.0,1.0,0.0,0.0,0.0,0.0,1.0,0.0,1,2,11.904967552746252
4,864,280,864,1,0.0,0,0,71.0,0,0,0,0,36,36,3.0,3.0,3.0,4.0,1.0,1.0,1.0,3.0,3.0,1.0,0.0,0.0,0.0,0.0,1.0,0.0,0.0,0.0,0.0,0.0,0.0,0.0,1.0,0.0,0.0,0.0,0.0,0.0,0.0,1,2,11.661776411702583
7,1779,546,866,2,0.0,0,0,80.0,198,913,36,1,11,11,3.0,4.0,4.0,5.0,3.0,1.0,2.0,3.0,3.0,0.0,1.0,0.0,0.0,0.0,1.0,0.0,0.0,0.0,0.0,0.0,0.0,0.0,1.0,0.0,0.0,0.0,0.0,1.0,0.0,1,3,12.195517131590657
5,1348,216,884,1,0.0,1,0,50.0,0,464,0,0,84,12,3.0,3.0,3.0,5.0,1.0,1.0,1.0,1.0,3.0,0.0,0.0,0.0,0.0,0.0,0.0,0.0,0.0,0.0,1.0,0.0,0.0,0.0,0.0,1.0,0.0,0.0,0.0,1.0,0.0,1,1,11.669929213779893
7,1630,451,1630,2,171.0,1,0,75.0,74,0,234,0,9,8,4.0,4.0,4.0,5.0,1.0,1.0,1.0,3.0,3.0,0.0,1.0,0.0,0.0,0.0,1.0,0.0,0.0,0.0,0.0,0.0,0.0,0.0,1.0,0.0,0.0,0.0,0.0,1.0,0.0,1,3,12.269047444691562
5,1074,495,1056,1,0.0,0,788,78.0,0,0,88,1,31,31,3.0,3.0,4.0,5.0,1.0,5.0,2.0,3.0,3.0,1.0,0.0,0.0,0.0,0.0,1.0,0.0,0.0,0.0,0.0,0.0,0.0,0.0,1.0,0.0,0.0,0.0,0.0,1.0,0.0,1,3,11.941455846009388
7,2196,701,2158,2,234.0,1,485,90.0,84,0,70,0,19,18,4.0,4.0,4.0,4.0,2.0,5.0,2.0,3.0,2.0,1.0,0.0,0.0,0.0,0.0,1.0,0.0,0.0,0.0,0.0,0.0,0.0,0.0,1.0,0.0,0.0,0.0,0.0,1.0,0.0,1,3,12.513189630620563
4,1056,384,1056,1,0.0,0,1056,66.5,0,0,42,0,40,40,3.0,3.0,3.0,3.0,1.0,3.0,1.0,3.0,3.0,1.0,0.0,0.0,0.0,0.0,0.0,0.0,0.0,0.0,1.0,0.0,0.0,1.0,0.0,0.0,0.0,0.0,0.0,1.0,0.0,1,3,11.580584113444043
6,1700,544,1682,2,120.0,0,340,70.0,192,0,23,0,3,3,4.0,4.0,4.0,5.0,3.0,6.0,2.0,3.0,3.0,0.0,1.0,0.0,0.0,0.0,1.0,0.0,0.0,0.0,0.0,0.0,0.0,0.0,1.0,0.0,0.0,0.0,0.0,1.0,0.0,1,3,12.206072645530174
5,1283,506,931,1,0.0,0,504,70.0,0,0,0,0,46,28,3.0,3.0,3.0,3.0,1.0,3.0,1.0,3.0,3.0,1.0,0.0,0.0,0.0,0.0,0.0,0.0,0.0,0.0,1.0,0.0,0.0,0.0,1.0,0.0,0.0,0.0,0.0,1.0,0.0,1,2,11.84939770159144
8,1660,500,1660,2,420.0,1,1220,85.0,322,0,50,0,0,0,4.0,4.0,5.0,5.0,2.0,6.0,2.0,3.0,2.0,0.0,1.0,0.0,0.0,0.0,1.0,0.0,0.0,0.0,0.0,0.0,0.0,0.0,1.0,0.0,0.0,0.0,0.0,0.0,1.0,1,4,12.577636201962656
6,1845,462,1055,2,0.0,1,0,70.0,635,790,104,1,18,18,4.0,4.0,4.0,5.0,1.0,1.0,2.0,3.0,3.0,0.0,1.0,0.0,0.0,0.0,1.0,0.0,0.0,0.0,0.0,0.0,0.0,0.0,1.0,0.0,0.0,0.0,0.0,1.0,0.0,1,3,12.14950229404178
8,1752,492,559,2,0.0,0,427,152.0,325,672,12,0,22,5,4.0,3.0,4.0,4.0,3.0,6.0,2.0,3.0,2.0,0.0,0.0,0.0,0.0,1.0,0.0,1.0,0.0,0.0,0.0,0.0,0.0,0.0,1.0,0.0,0.0,0.0,0.0,1.0,0.0,1,3,12.007621706806335
4,672,234,672,1,0.0,0,344,50.0,0,0,113,0,68,59,3.0,3.0,3.0,3.0,1.0,3.0,1.0,1.0,3.0,1.0,0.0,0.0,0.0,0.0,1.0,0.0,0.0,0.0,0.0,0.0,0.0,0.0,1.0,0.0,0.0,0.0,0.0,1.0,0.0,1,1,11.635143097694478
4,960,364,648,0,0.0,0,648,71.0,88,0,0,0,41,5,3.0,3.0,3.0,5.0,3.0,6.0,1.0,3.0,2.0,1.0,0.0,0.0,0.0,0.0,1.0,0.0,0.0,0.0,0.0,0.0,0.0,0.0,1.0,0.0,0.0,0.0,0.0,1.0,0.0,1,2,11.884489021402711
5,999,300,925,1,0.0,0,784,69.0,150,0,72,0,44,44,3.0,3.0,3.0,3.0,3.0,4.0,1.0,3.0,2.0,1.0,0.0,0.0,0.0,0.0,1.0,0.0,0.0,0.0,0.0,0.0,0.0,0.0,1.0,0.0,0.0,0.0,0.0,1.0,0.0,1,2,11.809319478024031
5,894,384,894,1,0.0,0,180,99.0,0,0,0,0,41,41,3.0,3.0,3.0,3.0,1.0,3.0,2.0,3.0,2.0,1.0,0.0,0.0,0.0,0.0,0.0,0.0,0.0,0.0,1.0,0.0,0.0,0.0,1.0,0.0,0.0,0.0,0.0,1.0,0.0,1,2,11.736069016284437
6,1902,539,0,2,0.0,0,0,68.0,0,584,0,0,32,32,3.0,3.0,0.0,3.0,0.0,0.0,1.0,3.0,3.0,0.0,0.0,1.0,0.0,0.0,1.0,0.0,0.0,0.0,0.0,0.0,0.0,0.0,0.0,1.0,0.0,0.0,0.0,1.0,0.0,1,2,11.626254150277232
8,1314,552,1300,2,72.0,0,936,72.0,135,0,112,0,0,0,4.0,4.0,4.0,5.0,2.0,6.0,2.0,3.0,3.0,0.0,1.0,0.0,0.0,0.0,1.0,0.0,0.0,0.0,0.0,0.0,1.0,0.0,0.0,0.0,0.0,0.0,0.0,0.0,1.0,1,4,12.343466568968994
4,912,0,0,1,0.0,0,0,52.0,0,240,0,0,59,56,3.0,3.0,0.0,4.0,0.0,0.0,0.0,1.0,3.0,0.0,0.0,1.0,0.0,0.0,0.0,0.0,0.0,0.0,0.0,1.0,0.0,0.0,0.0,1.0,0.0,0.0,0.0,1.0,0.0,0,1,11.296012463406655
6,1218,0,672,1,236.0,0,0,21.0,201,546,0,1,35,35,3.0,3.0,3.0,3.0,1.0,1.0,0.0,1.0,3.0,1.0,0.0,0.0,0.0,0.0,0.0,0.0,0.0,0.0,0.0,1.0,0.0,0.0,0.0,1.0,0.0,0.0,0.0,0.0,0.0,1,1,11.424094251263613
5,912,288,912,1,0.0,0,312,66.0,0,0,0,0,42,42,3.0,3.0,3.0,3.0,1.0,3.0,1.0,3.0,2.0,1.0,0.0,0.0,0.0,0.0,1.0,0.0,0.0,0.0,0.0,0.0,0.0,0.0,1.0,0.0,0.0,0.0,0.0,0.0,0.0,1,2,11.652687407345388
5,1211,322,952,1,0.0,1,250,55.0,0,0,63,0,40,40,3.0,3.0,3.0,5.0,1.0,4.0,1.0,3.0,3.0,1.0,0.0,0.0,0.0,0.0,1.0,0.0,0.0,0.0,0.0,0.0,0.0,0.0,1.0,0.0,0.0,0.0,0.0,1.0,0.0,1,2,11.805595078933049
6,1846,315,1040,2,320.0,1,196,78.0,0,678,0,0,58,57,3.0,3.0,3.0,5.0,2.0,3.0,1.0,3.0,3.0,1.0,0.0,0.0,0.0,0.0,1.0,0.0,0.0,0.0,0.0,0.0,0.0,0.0,1.0,0.0,0.0,0.0,0.0,1.0,0.0,1,2,11.870599909242044
5,2136,528,2136,2,44.0,0,756,89.0,0,0,30,0,55,55,3.0,3.0,3.0,3.0,1.0,2.0,1.0,3.0,3.0,1.0,0.0,0.0,0.0,0.0,0.0,0.0,0.0,0.0,1.0,0.0,0.0,0.0,1.0,0.0,0.0,0.0,0.0,1.0,0.0,0,2,11.834284063781393
7,1490,388,788,2,0.0,1,724,60.0,100,702,75,1,4,3,4.0,4.0,4.0,5.0,3.0,6.0,3.0,3.0,2.0,0.0,1.0,0.0,0.0,0.0,1.0,0.0,0.0,0.0,0.0,0.0,0.0,0.0,1.0,0.0,0.0,0.0,0.0,1.0,0.0,1,3,12.122691036591123
6,1138,264,588,1,63.0,0,507,65.0,224,0,0,0,49,49,3.0,3.0,3.0,5.0,3.0,6.0,2.0,3.0,3.0,1.0,0.0,0.0,0.0,0.0,1.0,0.0,0.0,0.0,0.0,0.0,0.0,0.0,1.0,0.0,0.0,0.0,0.0,1.0,0.0,1,2,11.884489021402711
6,1933,668,894,2,74.0,1,0,86.0,100,1039,18,1,1,1,4.0,4.0,4.0,5.0,2.0,1.0,3.0,3.0,2.0,0.0,1.0,0.0,0.0,0.0,0.0,0.0,1.0,0.0,0.0,0.0,0.0,0.0,1.0,0.0,0.0,0.0,0.0,1.0,0.0,1,4,12.273731294003989
5,912,576,912,1,300.0,0,595,72.0,0,0,240,0,43,0,3.0,4.0,3.0,5.0,1.0,5.0,1.0,3.0,3.0,1.0,0.0,0.0,0.0,0.0,0.0,0.0,0.0,0.0,1.0,0.0,0.0,0.0,1.0,0.0,0.0,0.0,0.0,1.0,0.0,1,2,11.898187865760873
9,1702,1052,1702,1,766.0,1,1540,65.0,0,0,72,1,0,0,5.0,5.0,5.0,5.0,1.0,6.0,3.0,3.0,3.0,0.0,1.0,0.0,0.0,0.0,1.0,0.0,0.0,0.0,0.0,0.0,0.0,0.0,1.0,0.0,0.0,0.0,0.0,0.0,1.0,1,5,12.813917896253697
5,1507,404,1075,2,0.0,0,666,70.0,0,0,0,0,48,48,3.0,3.0,3.0,4.0,1.0,5.0,1.0,3.0,3.0,1.0,0.0,0.0,0.0,0.0,0.0,1.0,0.0,0.0,0.0,0.0,0.0,0.0,1.0,0.0,0.0,0.0,0.0,1.0,0.0,1,2,11.751942365440728
5,2620,600,1361,2,1.0,1,498,71.0,155,1259,24,2,30,30,3.0,3.0,4.0,5.0,1.0,6.0,2.0,1.0,2.0,1.0,0.0,0.0,0.0,0.0,0.0,0.0,1.0,0.0,0.0,0.0,0.0,0.0,1.0,0.0,0.0,0.0,0.0,1.0,0.0,1,2,12.154779351142624
5,1190,540,1106,1,120.0,0,803,70.0,0,0,18,0,44,44,3.0,3.0,3.0,3.0,3.0,5.0,1.0,3.0,3.0,1.0,0.0,0.0,0.0,0.0,1.0,0.0,0.0,0.0,0.0,0.0,0.0,0.0,1.0,0.0,0.0,0.0,0.0,1.0,0.0,1,2,11.794337924408413
4,1224,462,0,2,0.0,0,0,70.0,0,0,0,0,45,45,3.0,3.0,0.0,3.0,0.0,0.0,1.0,3.0,3.0,0.0,0.0,1.0,0.0,0.0,0.0,0.0,0.0,1.0,0.0,0.0,0.0,0.0,1.0,0.0,0.0,0.0,0.0,1.0,0.0,1,2,11.53076538309856
5,1188,531,1188,1,180.0,0,1000,73.0,0,0,0,0,51,51,3.0,3.0,3.0,2.0,1.0,3.0,2.0,3.0,2.0,1.0,0.0,0.0,0.0,0.0,1.0,0.0,0.0,0.0,0.0,0.0,0.0,0.0,1.0,0.0,0.0,0.0,0.0,0.0,0.0,1,2,11.863582336583399
5,1964,0,940,1,0.0,0,0,55.0,0,940,192,1,97,58,3.0,3.0,3.0,3.0,3.0,1.0,0.0,1.0,3.0,0.0,1.0,0.0,0.0,0.0,0.0,0.0,0.0,0.0,0.0,1.0,0.0,1.0,0.0,0.0,0.0,0.0,0.0,0.0,0.0,0,2,11.77528972943772
5,1784,180,747,1,0.0,0,0,96.0,203,892,40,1,92,56,3.0,3.0,4.0,4.0,2.0,1.0,1.0,1.0,3.0,0.0,0.0,0.0,0.0,0.0,0.0,0.0,0.0,0.0,1.0,0.0,0.0,0.0,1.0,0.0,0.0,0.0,0.0,1.0,0.0,1,4,11.841415931849784
7,1626,474,764,2,106.0,0,0,36.0,0,862,27,1,7,7,4.0,4.0,4.0,5.0,1.0,1.0,2.0,3.0,3.0,0.0,1.0,0.0,0.0,0.0,0.0,0.0,1.0,0.0,0.0,0.0,0.0,0.0,1.0,0.0,0.0,0.0,0.0,1.0,0.0,1,5,12.075394321888057
7,1948,434,847,2,0.0,1,0,41.0,100,1101,48,1,2,1,4.0,4.0,4.0,5.0,1.0,1.0,3.0,3.0,1.0,0.0,1.0,0.0,0.0,0.0,0.0,0.0,1.0,0.0,0.0,0.0,0.0,0.0,1.0,0.0,0.0,0.0,0.0,1.0,0.0,1,3,12.180754837545884
6,1141,484,1141,1,0.0,0,0,63.0,0,0,0,1,1,1,4.0,3.0,4.0,5.0,1.0,1.0,1.0,3.0,3.0,0.0,1.0,0.0,0.0,0.0,0.0,0.0,0.0,0.0,1.0,0.0,0.0,0.0,1.0,0.0,0.0,0.0,0.0,0.0,0.0,1,3,11.867097278690842
8,1484,472,1476,2,32.0,1,428,64.0,120,0,33,0,1,1,4.0,5.0,4.0,5.0,3.0,6.0,2.0,3.0,2.0,0.0,1.0,0.0,0.0,0.0,1.0,0.0,0.0,0.0,0.0,0.0,0.0,0.0,1.0,0.0,0.0,0.0,0.0,1.0,0.0,1,4,12.490875577231112
7,1768,543,884,2,252.0,0,550,65.0,0,884,63,1,5,5,4.0,4.0,4.0,5.0,1.0,6.0,2.0,3.0,3.0,0.0,1.0,0.0,0.0,0.0,1.0,0.0,0.0,0.0,0.0,0.0,0.0,0.0,1.0,0.0,0.0,0.0,0.0,1.0,0.0,1,3,12.323411137947407
7,1689,954,1689,2,0.0,0,0,83.0,0,0,56,0,0,0,4.0,4.0,4.0,5.0,3.0,1.0,2.0,3.0,3.0,0.0,1.0,0.0,0.0,0.0,1.0,0.0,0.0,0.0,0.0,0.0,0.0,0.0,1.0,0.0,0.0,0.0,0.0,0.0,1.0,1,4,12.422505731952896
7,1173,528,1053,2,81.0,2,885,85.0,0,0,120,0,36,36,3.0,4.0,4.0,3.0,4.0,6.0,2.0,3.0,3.0,1.0,0.0,0.0,0.0,0.0,1.0,0.0,0.0,0.0,0.0,0.0,0.0,0.0,1.0,0.0,0.0,0.0,1.0,0.0,0.0,1,3,12.043553716032399
10,2076,850,2076,2,0.0,1,1386,107.0,216,0,229,1,0,0,5.0,5.0,5.0,5.0,4.0,6.0,3.0,3.0,3.0,0.0,1.0,0.0,0.0,0.0,1.0,0.0,0.0,0.0,0.0,0.0,0.0,0.0,1.0,0.0,0.0,0.0,0.0,0.0,1.0,1,5,13.049792684569493
8,1517,400,792,1,0.0,2,0,74.0,0,725,0,0,77,56,3.0,4.0,4.0,2.0,1.0,1.0,1.0,3.0,2.0,0.0,1.0,0.0,0.0,0.0,0.0,0.0,0.0,0.0,1.0,0.0,0.0,0.0,1.0,0.0,0.0,0.0,0.0,1.0,0.0,1,4,12.345834587905333
6,1868,477,585,3,74.0,1,0,78.0,268,728,112,1,23,4,3.0,3.0,4.0,5.0,1.0,1.0,3.0,3.0,3.0,1.0,0.0,0.0,0.0,0.0,0.0,0.0,1.0,0.0,0.0,0.0,0.0,0.0,1.0,0.0,0.0,0.0,0.0,0.0,0.0,1,3,12.089538829274222
7,1553,615,756,2,0.0,0,0,65.0,0,797,45,1,1,0,4.0,4.0,4.0,5.0,1.0,1.0,2.0,3.0,3.0,0.0,1.0,0.0,0.0,0.0,1.0,0.0,0.0,0.0,0.0,0.0,1.0,0.0,0.0,0.0,0.0,0.0,0.0,0.0,1.0,1,4,12.136186518066006
6,1034,888,1012,1,335.0,0,539,73.0,0,0,0,0,34,34,3.0,3.0,3.0,3.0,3.0,6.0,1.0,3.0,2.0,1.0,0.0,0.0,0.0,0.0,1.0,0.0,0.0,0.0,0.0,0.0,0.0,0.0,1.0,0.0,0.0,0.0,0.0,1.0,0.0,1,2,12.042965307660024
6,2058,396,735,1,0.0,1,319,60.0,0,924,0,1,91,58,3.0,3.0,4.0,2.0,1.0,3.0,1.0,2.0,3.0,0.0,0.0,0.0,0.0,0.0,0.0,0.0,0.0,0.0,1.0,0.0,0.0,0.0,0.0,1.0,0.0,0.0,0.0,1.0,0.0,0,1,11.771436160121729
5,988,276,876,1,0.0,0,534,60.0,0,0,80,0,57,57,3.0,3.0,3.0,3.0,1.0,4.0,1.0,3.0,3.0,1.0,0.0,0.0,0.0,0.0,1.0,0.0,0.0,0.0,0.0,0.0,0.0,0.0,1.0,0.0,0.0,0.0,0.0,1.0,0.0,1,2,11.686878772093667
7,2110,522,2110,2,0.0,2,1065,93.0,0,0,0,1,42,42,4.0,5.0,3.0,5.0,1.0,5.0,3.0,3.0,3.0,1.0,0.0,0.0,0.0,0.0,1.0,0.0,0.0,0.0,0.0,0.0,0.0,0.0,1.0,0.0,0.0,0.0,0.0,1.0,0.0,1,2,12.404923504275338
7,1405,478,1405,2,163.0,1,0,88.5,148,0,36,0,3,3,4.0,4.0,4.0,5.0,1.0,1.0,2.0,3.0,2.0,0.0,1.0,0.0,0.0,0.0,1.0,0.0,0.0,0.0,0.0,0.0,0.0,0.0,1.0,0.0,0.0,0.0,0.0,1.0,0.0,1,5,12.053795210084596
5,874,288,864,1,0.0,0,510,62.0,33,0,0,0,41,41,3.0,3.0,3.0,3.0,1.0,4.0,2.0,3.0,3.0,1.0,0.0,0.0,0.0,0.0,1.0,0.0,0.0,0.0,0.0,0.0,0.0,0.0,1.0,0.0,0.0,0.0,0.0,1.0,0.0,1,2,11.77528972943772
7,2167,518,1192,2,0.0,2,125,68.0,220,651,47,1,33,4,4.0,4.0,3.0,3.0,4.0,2.0,2.0,3.0,2.0,1.0,0.0,0.0,0.0,0.0,1.0,0.0,0.0,0.0,0.0,0.0,0.0,0.0,1.0,0.0,0.0,0.0,0.0,1.0,0.0,1,4,12.591335046320818
7,1656,397,746,2,92.0,1,0,60.0,178,896,128,1,5,4,4.0,4.0,4.0,5.0,1.0,1.0,3.0,3.0,3.0,0.0,1.0,0.0,0.0,0.0,0.0,0.0,1.0,0.0,0.0,0.0,0.0,0.0,1.0,0.0,0.0,0.0,0.0,1.0,0.0,1,1,12.016122061571728
6,1367,560,884,1,0.0,1,425,52.0,0,408,0,0,76,57,3.0,3.0,3.0,3.0,1.0,2.0,1.0,3.0,3.0,0.0,0.0,0.0,0.0,0.0,0.0,0.0,0.0,0.0,1.0,0.0,0.0,0.0,0.0,1.0,0.0,0.0,0.0,1.0,0.0,1,1,11.755871643580617
8,1987,691,1986,2,554.0,1,1314,91.0,262,0,36,0,14,14,4.0,4.0,4.0,5.0,4.0,6.0,3.0,3.0,2.0,0.0,1.0,0.0,0.0,0.0,1.0,0.0,0.0,0.0,0.0,0.0,0.0,0.0,1.0,0.0,0.0,0.0,0.0,1.0,0.0,1,5,12.616525295149378
5,864,0,864,1,0.0,0,0,56.0,0,0,96,0,87,59,3.0,3.0,2.0,5.0,1.0,1.0,0.0,3.0,3.0,0.0,1.0,0.0,0.0,0.0,0.0,0.0,0.0,0.0,0.0,1.0,0.0,0.0,1.0,0.0,0.0,0.0,0.0,1.0,0.0,1,1,11.511924964636645
7,1166,400,856,2,182.0,0,655,59.0,212,0,0,0,3,3,4.0,4.0,4.0,5.0,4.0,6.0,3.0,3.0,2.0,0.0,1.0,0.0,0.0,0.0,1.0,0.0,0.0,0.0,0.0,0.0,0.0,0.0,1.0,0.0,0.0,0.0,0.0,1.0,0.0,1,3,12.154779351142624
6,1054,460,1054,1,0.0,0,602,65.0,180,0,0,1,39,39,3.0,3.0,4.0,4.0,1.0,5.0,1.0,3.0,3.0,1.0,0.0,0.0,0.0,0.0,1.0,0.0,0.0,0.0,0.0,0.0,0.0,0.0,1.0,0.0,0.0,0.0,0.0,1.0,0.0,1,2,11.925035115797062
6,1675,502,841,2,0.0,1,0,65.0,0,783,103,1,10,10,3.0,3.0,4.0,5.0,1.0,1.0,3.0,3.0,0.0,0.0,1.0,0.0,0.0,0.0,0.0,0.0,1.0,0.0,0.0,0.0,0.0,0.0,1.0,0.0,0.0,0.0,0.0,1.0,0.0,1,3,12.106252310247962
5,1050,338,1050,1,0.0,0,504,80.0,0,0,0,0,53,53,3.0,3.0,3.0,4.0,1.0,3.0,1.0,3.0,3.0,1.0,0.0,0.0,0.0,0.0,1.0,0.0,0.0,0.0,0.0,0.0,0.0,0.0,1.0,0.0,0.0,0.0,0.0,1.0,0.0,1,2,11.766792188927278
4,1788,304,1104,1,0.0,2,0,80.0,120,684,0,0,52,20,3.0,3.0,3.0,5.0,3.0,1.0,1.0,3.0,3.0,1.0,0.0,0.0,0.0,0.0,1.0,0.0,0.0,0.0,0.0,0.0,0.0,0.0,1.0,0.0,0.0,0.0,0.0,1.0,0.0,1,4,11.992260421644849
6,1824,520,764,1,0.0,1,0,60.0,0,764,0,0,88,57,3.0,3.0,3.0,5.0,1.0,1.0,1.0,1.0,3.0,0.0,1.0,0.0,0.0,0.0,0.0,0.0,0.0,0.0,1.0,0.0,0.0,0.0,1.0,0.0,0.0,0.0,0.0,1.0,0.0,1,1,12.103486056755072
6,1337,511,1405,2,0.0,0,266,34.0,144,0,68,0,10,9,4.0,4.0,4.0,5.0,1.0,6.0,3.0,3.0,3.0,0.0,1.0,0.0,0.0,0.0,1.0,0.0,0.0,0.0,0.0,0.0,0.0,1.0,0.0,0.0,0.0,0.0,0.0,0.0,0.0,1,2,12.106252310247962
7,1452,506,691,2,218.0,0,450,35.0,0,739,34,1,7,7,4.0,4.0,4.0,5.0,1.0,6.0,1.0,3.0,3.0,0.0,1.0,0.0,0.0,0.0,0.0,0.0,0.0,0.0,1.0,0.0,1.0,0.0,0.0,0.0,0.0,0.0,0.0,1.0,0.0,1,4,12.122147410592412
7,1889,308,925,1,0.0,1,0,60.0,0,925,0,1,97,57,2.0,3.0,3.0,3.0,1.0,1.0,1.0,1.0,2.0,1.0,0.0,0.0,0.0,0.0,0.0,0.0,0.0,0.0,1.0,0.0,0.0,0.0,0.0,1.0,0.0,0.0,0.0,1.0,0.0,0,1,11.711776323715394
9,2018,746,2002,2,0.0,1,0,89.0,144,0,76,0,2,1,5.0,5.0,5.0,5.0,4.0,1.0,3.0,3.0,2.0,0.0,1.0,0.0,0.0,0.0,1.0,0.0,0.0,0.0,0.0,0.0,0.0,0.0,1.0,0.0,0.0,0.0,0.0,1.0,0.0,1,4,12.84397135185964
8,3447,1014,728,3,632.0,2,192,74.0,314,1479,12,1,73,11,3.0,4.0,3.0,5.0,2.0,3.0,1.0,3.0,2.0,1.0,0.0,0.0,0.0,0.0,0.0,0.0,1.0,0.0,0.0,0.0,0.0,0.0,1.0,0.0,0.0,0.0,0.0,1.0,0.0,1,4,12.850554654108839
5,1524,315,874,1,180.0,0,460,78.0,0,650,0,1,49,49,3.0,3.0,3.0,3.0,1.0,4.0,1.0,3.0,3.0,1.0,0.0,0.0,0.0,0.0,1.0,0.0,0.0,0.0,0.0,0.0,0.0,0.0,1.0,0.0,0.0,0.0,0.0,1.0,0.0,1,2,11.877568578558138
7,1524,586,1332,0,0.0,1,1258,80.0,268,192,0,1,31,31,4.0,4.0,4.0,3.0,4.0,6.0,3.0,3.0,3.0,0.0,1.0,0.0,0.0,0.0,1.0,0.0,0.0,0.0,0.0,0.0,0.0,0.0,1.0,0.0,0.0,0.0,0.0,1.0,0.0,1,4,12.468436909997665
6,1489,462,1489,2,0.0,1,0,80.0,0,0,0,0,41,41,3.0,4.0,3.0,4.0,1.0,1.0,2.0,3.0,2.0,1.0,0.0,0.0,0.0,0.0,1.0,0.0,0.0,0.0,0.0,0.0,0.0,0.0,1.0,0.0,0.0,0.0,0.0,1.0,0.0,1,3,12.132156962580005
5,935,288,935,1,114.0,0,560,71.0,180,0,0,0,41,41,3.0,3.0,3.0,3.0,1.0,4.0,1.0,3.0,2.0,1.0,0.0,0.0,0.0,0.0,1.0,0.0,0.0,0.0,0.0,0.0,0.0,0.0,1.0,0.0,0.0,0.0,0.0,1.0,0.0,1,2,11.827736204810263
6,1357,312,1019,1,84.0,1,719,124.0,0,0,0,0,49,2,3.0,5.0,3.0,4.0,3.0,5.0,2.0,3.0,2.0,1.0,0.0,0.0,0.0,0.0,0.0,1.0,0.0,0.0,0.0,0.0,0.0,0.0,1.0,0.0,0.0,0.0,0.0,1.0,0.0,1,1,12.083905011555967
5,1250,552,661,2,0.0,1,0,53.0,242,589,0,0,97,4,3.0,3.0,3.0,5.0,1.0,1.0,1.0,3.0,3.0,0.0,1.0,0.0,0.0,0.0,0.0,0.0,0.0,0.0,1.0,0.0,0.0,0.0,1.0,0.0,0.0,0.0,0.0,1.0,0.0,1,4,11.842229212112828
5,1920,400,928,2,567.0,0,220,95.0,0,992,0,0,59,57,3.0,3.0,3.0,4.0,1.0,3.0,1.0,3.0,3.0,1.0,0.0,0.0,0.0,0.0,0.0,0.0,0.0,0.0,1.0,0.0,0.0,0.0,1.0,0.0,0.0,0.0,0.0,1.0,0.0,1,2,11.827736204810263
6,1395,497,723,1,0.0,1,593,80.0,294,660,116,1,37,37,3.0,3.0,3.0,3.0,1.0,4.0,1.0,3.0,2.0,1.0,0.0,0.0,0.0,0.0,1.0,0.0,0.0,0.0,0.0,0.0,0.0,0.0,1.0,0.0,0.0,0.0,0.0,1.0,0.0,1,3,11.99535161421452
6,1724,480,1680,1,359.0,1,528,80.0,0,0,0,1,42,33,3.0,3.0,4.0,2.0,3.0,5.0,2.0,3.0,2.0,1.0,0.0,0.0,0.0,0.0,1.0,0.0,0.0,0.0,0.0,0.0,0.0,0.0,1.0,0.0,0.0,0.0,0.0,1.0,0.0,1,3,12.195517131590657
8,2031,577,1128,2,0.0,1,804,75.0,0,903,211,1,6,6,4.0,4.0,4.0,5.0,1.0,6.0,2.0,3.0,3.0,0.0,1.0,0.0,0.0,0.0,1.0,0.0,0.0,0.0,0.0,0.0,0.0,0.0,1.0,0.0,0.0,0.0,0.0,1.0,0.0,1,3,12.375815420117268
4,1128,528,698,1,0.0,0,0,60.0,30,430,0,0,90,60,3.0,3.0,3.0,3.0,1.0,1.0,2.0,3.0,3.0,1.0,0.0,0.0,0.0,0.0,0.0,0.0,0.0,0.0,1.0,0.0,0.0,0.0,0.0,0.0,0.0,0.0,0.0,0.0,0.0,1,1,11.133128103610641
7,1573,544,1573,2,110.0,0,788,67.0,0,0,72,0,7,7,4.0,4.0,4.0,5.0,1.0,6.0,2.0,3.0,2.0,0.0,1.0,0.0,0.0,0.0,1.0,0.0,0.0,0.0,0.0,0.0,0.0,0.0,1.0,0.0,0.0,0.0,0.0,1.0,0.0,1,3,12.332705296463539
7,1339,484,1309,2,54.0,1,1053,50.0,0,0,58,0,16,16,3.0,3.0,4.0,3.0,1.0,5.0,3.0,3.0,2.0,1.0,0.0,0.0,0.0,0.0,1.0,0.0,0.0,0.0,0.0,0.0,0.0,0.0,1.0,0.0,0.0,0.0,0.0,1.0,0.0,1,4,12.100712129872347
5,1040,484,1040,2,0.0,0,532,61.0,0,0,0,0,32,1,3.0,4.0,4.0,3.0,2.0,2.0,1.0,3.0,2.0,1.0,0.0,0.0,0.0,0.0,0.0,0.0,0.0,0.0,1.0,0.0,0.0,0.0,1.0,0.0,0.0,0.0,0.0,1.0,0.0,1,3,11.921718363171067
6,1824,0,912,2,0.0,0,0,94.0,128,912,0,2,39,39,3.0,3.0,3.0,3.0,3.0,1.0,0.0,3.0,3.0,1.0,0.0,0.0,0.0,0.0,0.0,0.0,0.0,0.0,0.0,1.0,0.0,0.0,1.0,0.0,0.0,0.0,0.0,1.0,0.0,1,2,11.842229212112828
6,2447,336,804,2,0.0,1,0,50.0,272,748,0,0,91,20,3.0,4.0,3.0,5.0,1.0,1.0,1.0,3.0,3.0,0.0,1.0,0.0,0.0,0.0,0.0,0.0,0.0,0.0,1.0,0.0,0.0,0.0,1.0,0.0,0.0,0.0,0.0,1.0,0.0,1,2,12.037653993905211
6,1412,280,780,1,0.0,1,0,50.0,45,587,0,0,70,59,3.0,3.0,3.0,5.0,1.0,1.0,1.0,3.0,3.0,1.0,0.0,0.0,0.0,0.0,0.0,0.0,0.0,0.0,1.0,0.0,0.0,0.0,0.0,1.0,0.0,0.0,0.0,1.0,0.0,1,1,11.794337924408413
6,1328,528,1328,1,451.0,2,569,80.0,0,0,26,1,47,47,3.0,3.0,3.0,3.0,1.0,5.0,1.0,3.0,3.0,1.0,0.0,0.0,0.0,0.0,1.0,0.0,0.0,0.0,0.0,0.0,0.0,0.0,1.0,0.0,0.0,0.0,0.0,1.0,0.0,1,3,11.870599909242044
5,1582,390,1624,2,621.0,0,812,80.0,168,0,198,0,42,42,3.0,3.0,3.0,2.0,3.0,3.0,1.0,1.0,2.0,1.0,0.0,0.0,0.0,0.0,1.0,0.0,0.0,0.0,0.0,0.0,0.0,0.0,1.0,0.0,0.0,0.0,0.0,1.0,0.0,1,4,12.154779351142624
8,1659,499,1501,2,0.0,1,1158,40.0,212,0,59,0,9,9,4.0,5.0,4.0,5.0,1.0,6.0,3.0,3.0,2.0,0.0,1.0,0.0,0.0,0.0,1.0,0.0,0.0,0.0,0.0,0.0,0.0,0.0,1.0,0.0,0.0,0.0,0.0,1.0,0.0,1,5,12.535376392672774
8,1970,753,1085,2,788.0,1,0,86.0,177,850,74,1,0,0,4.0,5.0,4.0,5.0,2.0,1.0,3.0,3.0,2.0,0.0,1.0,0.0,0.0,0.0,0.0,0.0,1.0,0.0,0.0,0.0,0.0,0.0,1.0,0.0,0.0,0.0,0.0,0.0,1.0,1,5,12.546109948315882
5,1152,484,1152,1,86.0,1,1014,73.0,227,0,0,0,46,46,3.0,3.0,3.0,3.0,3.0,6.0,2.0,3.0,2.0,0.0,1.0,0.0,0.0,0.0,1.0,0.0,0.0,0.0,0.0,0.0,0.0,0.0,1.0,0.0,0.0,0.0,0.0,1.0,0.0,1,2,12.103486056755072
5,1302,264,630,2,268.0,0,231,21.0,185,672,0,1,37,37,3.0,3.0,3.0,3.0,1.0,5.0,1.0,3.0,3.0,1.0,0.0,0.0,0.0,0.0,0.0,0.0,0.0,0.0,1.0,0.0,0.0,0.0,0.0,1.0,0.0,0.0,0.0,1.0,0.0,1,1,11.691071650353702
5,2372,432,994,2,0.0,0,0,60.0,0,994,287,0,117,44,3.0,3.0,3.0,3.0,1.0,1.0,2.0,3.0,3.0,0.0,0.0,0.0,1.0,0.0,1.0,0.0,0.0,0.0,0.0,0.0,0.0,0.0,0.0,1.0,0.0,0.0,0.0,1.0,0.0,0,1,11.585246126549855
7,1664,528,832,2,0.0,1,194,78.0,0,832,28,1,30,30,3.0,3.0,4.0,3.0,1.0,6.0,2.0,3.0,3.0,0.0,1.0,0.0,0.0,0.0,1.0,0.0,0.0,0.0,0.0,0.0,0.0,0.0,1.0,0.0,0.0,0.0,0.0,1.0,0.0,1,3,12.000891794590137
5,864,572,864,1,0.0,0,167,60.0,0,0,0,0,51,16,3.0,3.0,3.0,3.0,1.0,3.0,1.0,1.0,3.0,1.0,0.0,0.0,0.0,0.0,0.0,0.0,0.0,0.0,1.0,0.0,0.0,0.0,1.0,0.0,0.0,0.0,0.0,1.0,0.0,1,1,11.652687407345388
5,1052,288,1052,1,168.0,0,1016,70.0,356,0,0,1,38,38,3.0,3.0,3.0,4.0,3.0,4.0,2.0,3.0,3.0,1.0,0.0,0.0,0.0,0.0,1.0,0.0,0.0,0.0,0.0,0.0,0.0,0.0,1.0,0.0,0.0,0.0,0.0,1.0,0.0,1,2,11.83862560460953
5,1128,525,1120,2,148.0,0,776,80.0,192,0,20,0,45,45,3.0,3.0,3.0,4.0,2.0,5.0,2.0,3.0,3.0,1.0,0.0,0.0,0.0,0.0,1.0,0.0,0.0,0.0,0.0,0.0,0.0,0.0,1.0,0.0,0.0,0.0,0.0,1.0,0.0,1,2,11.951180395901384
6,1072,525,547,2,82.0,0,547,35.0,0,0,44,0,1,0,3.0,3.0,4.0,4.0,4.0,6.0,3.0,3.0,3.0,0.0,1.0,0.0,0.0,0.0,0.0,1.0,0.0,0.0,0.0,0.0,0.0,0.0,0.0,1.0,0.0,0.0,0.0,0.0,1.0,1,1,11.84939770159144
10,5642,1418,6110,2,796.0,3,5644,313.0,214,950,292,1,0,0,5.0,5.0,5.0,5.0,4.0,6.0,3.0,3.0,0.0,0.0,1.0,0.0,0.0,0.0,1.0,0.0,0.0,0.0,0.0,0.0,0.0,0.0,1.0,0.0,0.0,0.0,0.0,0.0,1.0,1,1,11.982929094215963
5,1246,305,1246,1,0.0,0,340,75.0,218,0,0,1,51,16,3.0,4.0,3.0,5.0,1.0,2.0,2.0,3.0,3.0,1.0,0.0,0.0,0.0,0.0,1.0,0.0,0.0,0.0,0.0,0.0,0.0,0.0,1.0,0.0,0.0,0.0,0.0,1.0,0.0,1,2,11.944707881395766
7,1983,490,978,2,344.0,1,694,65.0,0,978,0,1,10,10,4.0,4.0,4.0,5.0,1.0,6.0,3.0,3.0,2.0,0.0,1.0,0.0,0.0,0.0,1.0,0.0,0.0,0.0,0.0,0.0,0.0,0.0,1.0,0.0,0.0,0.0,0.0,1.0,0.0,1,3,12.323855681186558
6,1494,213,771,1,0.0,2,547,74.0,0,741,0,0,67,59,3.0,4.0,3.0,2.0,1.0,4.0,1.0,2.0,2.0,1.0,0.0,0.0,0.0,0.0,1.0,0.0,0.0,0.0,0.0,0.0,0.0,0.0,1.0,0.0,0.0,0.0,0.0,1.0,0.0,1,4,12.086725887897607
8,2526,844,1165,2,391.0,1,740,92.0,309,1323,78,1,12,12,4.0,4.0,4.0,5.0,1.0,6.0,2.0,3.0,3.0,0.0,1.0,0.0,0.0,0.0,1.0,0.0,0.0,0.0,0.0,0.0,0.0,0.0,1.0,0.0,0.0,0.0,0.0,1.0,0.0,1,5,12.577636201962656
7,1616,834,1616,2,228.0,0,0,73.0,208,0,59,0,1,1,4.0,4.0,4.0,5.0,3.0,1.0,2.0,3.0,3.0,0.0,1.0,0.0,0.0,0.0,1.0,0.0,0.0,0.0,0.0,0.0,0.0,0.0,1.0,0.0,0.0,0.0,0.0,1.0,0.0,1,4,12.354492650648448
7,1708,380,976,2,117.0,0,0,32.0,0,732,40,0,2,2,4.0,4.0,4.0,5.0,1.0,1.0,1.0,3.0,3.0,0.0,1.0,0.0,0.0,0.0,0.0,0.0,0.0,0.0,1.0,0.0,0.0,0.0,0.0,1.0,0.0,0.0,0.0,1.0,0.0,1,1,11.77528972943772
9,1652,840,1652,2,300.0,2,1572,108.0,404,0,102,0,3,2,4.0,5.0,5.0,5.0,1.0,6.0,3.0,3.0,2.0,0.0,1.0,0.0,0.0,0.0,1.0,0.0,0.0,0.0,0.0,0.0,0.0,0.0,1.0,0.0,0.0,0.0,0.0,1.0,0.0,1,5,12.691580461311874
7,1368,474,1368,2,94.0,1,0,48.0,132,0,35,0,1,0,4.0,4.0,4.0,5.0,1.0,1.0,2.0,3.0,2.0,0.0,1.0,0.0,0.0,0.0,1.0,0.0,0.0,0.0,0.0,0.0,0.0,0.0,1.0,0.0,0.0,0.0,0.0,0.0,1.0,1,5,12.218495165528731
5,990,480,990,1,0.0,0,746,60.0,0,0,64,0,15,14,3.0,3.0,4.0,5.0,1.0,5.0,1.0,3.0,3.0,0.0,1.0,0.0,0.0,0.0,0.0,0.0,0.0,0.0,1.0,0.0,0.0,0.0,1.0,0.0,0.0,0.0,0.0,1.0,0.0,1,3,11.835008964139341
5,1122,528,924,1,0.0,0,144,100.0,0,0,36,0,60,3,3.0,4.0,3.0,5.0,1.0,6.0,1.0,3.0,3.0,1.0,0.0,0.0,0.0,0.0,1.0,0.0,0.0,0.0,0.0,0.0,0.0,0.0,0.0,1.0,0.0,0.0,0.0,1.0,0.0,1,1,11.898187865760873
6,1294,496,1278,2,88.0,0,1200,66.5,112,0,51,0,17,17,3.0,4.0,4.0,4.0,1.0,6.0,2.0,3.0,3.0,1.0,0.0,0.0,0.0,0.0,1.0,0.0,0.0,0.0,0.0,0.0,0.0,0.0,1.0,0.0,0.0,0.0,0.0,1.0,0.0,1,3,12.096257779522967
7,1902,567,1902,2,0.0,2,1406,100.0,0,0,207,0,51,8,4.0,5.0,4.0,3.0,3.0,6.0,3.0,3.0,3.0,0.0,1.0,0.0,0.0,0.0,1.0,0.0,0.0,0.0,0.0,0.0,0.0,0.0,1.0,0.0,0.0,0.0,0.0,1.0,0.0,1,4,12.721885810807203
7,1274,508,1274,2,80.0,0,925,68.0,264,0,98,0,2,0,4.0,4.0,4.0,5.0,1.0,6.0,2.0,3.0,3.0,0.0,1.0,0.0,0.0,0.0,1.0,0.0,0.0,0.0,0.0,0.0,0.0,0.0,1.0,0.0,0.0,0.0,0.0,0.0,1.0,1,3,12.220961258023925
8,2810,750,1453,2,336.0,1,482,91.0,500,1357,0,1,17,17,4.0,4.0,5.0,5.0,1.0,6.0,2.0,3.0,2.0,0.0,1.0,0.0,0.0,0.0,1.0,0.0,0.0,0.0,0.0,0.0,0.0,0.0,1.0,0.0,0.0,0.0,0.0,1.0,0.0,1,5,12.618182296357007
9,2599,779,1393,2,165.0,1,0,108.0,668,1177,30,1,11,11,4.0,4.0,4.0,5.0,1.0,1.0,3.0,3.0,2.0,0.0,1.0,0.0,0.0,0.0,0.0,0.0,1.0,0.0,0.0,0.0,0.0,0.0,1.0,0.0,0.0,0.0,0.0,1.0,0.0,1,5,12.716402146247475
4,948,280,948,1,0.0,1,732,60.0,0,0,36,0,53,53,3.0,3.0,3.0,5.0,1.0,3.0,1.0,3.0,3.0,1.0,0.0,0.0,0.0,0.0,0.0,0.0,0.0,0.0,1.0,0.0,0.0,0.0,1.0,0.0,0.0,0.0,0.0,1.0,0.0,1,1,11.686878772093667
6,2112,576,952,2,0.0,2,500,85.0,280,1020,0,1,39,39,3.0,3.0,2.0,3.0,2.0,5.0,1.0,3.0,3.0,1.0,0.0,0.0,0.0,0.0,1.0,0.0,0.0,0.0,0.0,0.0,0.0,0.0,1.0,0.0,0.0,0.0,0.0,1.0,0.0,1,2,12.239990863733635
8,1630,860,1622,2,270.0,1,0,61.0,172,0,42,0,1,1,4.0,5.0,5.0,5.0,4.0,1.0,2.0,3.0,2.0,0.0,1.0,0.0,0.0,0.0,1.0,0.0,0.0,0.0,0.0,0.0,0.0,0.0,1.0,0.0,0.0,0.0,0.0,1.0,0.0,1,3,12.596400426884427
7,1352,466,1352,2,0.0,1,0,47.0,0,0,241,0,1,0,4.0,4.0,5.0,5.0,1.0,1.0,2.0,3.0,3.0,0.0,1.0,0.0,0.0,0.0,1.0,0.0,0.0,0.0,0.0,0.0,1.0,0.0,0.0,0.0,0.0,0.0,0.0,0.0,1.0,1,4,12.249610947544657
8,1787,748,1753,2,178.0,1,0,70.0,198,0,150,0,5,4,4.0,4.0,4.0,5.0,4.0,1.0,2.0,3.0,1.0,0.0,1.0,0.0,0.0,0.0,1.0,0.0,0.0,0.0,0.0,0.0,0.0,0.0,1.0,0.0,0.0,0.0,0.0,1.0,0.0,1,3,12.524526376648708
4,948,248,864,1,132.0,0,492,75.0,0,0,0,0,53,53,3.0,3.0,3.0,5.0,1.0,5.0,1.0,3.0,3.0,0.0,1.0,0.0,0.0,0.0,1.0,0.0,0.0,0.0,0.0,0.0,0.0,0.0,1.0,0.0,0.0,0.0,0.0,1.0,0.0,1,1,11.617285480294472
6,1478,442,1478,1,0.0,2,189,70.0,114,0,0,1,52,52,3.0,3.0,3.0,4.0,1.0,5.0,2.0,3.0,3.0,1.0,0.0,0.0,0.0,0.0,1.0,0.0,0.0,0.0,0.0,0.0,0.0,0.0,1.0,0.0,0.0,0.0,0.0,1.0,0.0,1,2,11.960811288962345
3,720,287,0,1,0.0,0,0,52.0,0,0,0,0,59,58,3.0,3.0,0.0,3.0,0.0,0.0,1.0,3.0,2.0,1.0,0.0,0.0,0.0,0.0,0.0,0.0,0.0,0.0,1.0,0.0,0.0,0.0,1.0,0.0,0.0,0.0,0.0,1.0,0.0,0,1,11.191341840842766
7,1923,564,750,2,0.0,1,674,107.0,240,862,39,1,18,18,4.0,4.0,4.0,5.0,1.0,6.0,2.0,3.0,2.0,0.0,1.0,0.0,0.0,0.0,1.0,0.0,0.0,0.0,0.0,0.0,0.0,0.0,1.0,0.0,0.0,0.0,0.0,1.0,0.0,1,5,12.154779351142624
4,708,0,420,1,0.0,0,280,50.0,164,0,0,0,69,59,2.0,2.0,3.0,4.0,1.0,2.0,0.0,3.0,3.0,1.0,0.0,0.0,0.0,0.0,0.0,0.0,0.0,0.0,0.0,1.0,0.0,0.0,1.0,0.0,0.0,0.0,0.0,1.0,0.0,1,1,11.320553572322773
8,1795,895,1795,2,428.0,1,0,75.0,0,0,49,0,1,0,4.0,4.0,5.0,5.0,3.0,1.0,2.0,3.0,3.0,0.0,1.0,0.0,0.0,0.0,1.0,0.0,0.0,0.0,0.0,0.0,0.0,0.0,1.0,0.0,0.0,0.0,0.0,0.0,1.0,1,4,11.898187865760873
4,796,0,796,1,0.0,0,0,40.0,0,0,0,0,86,58,3.0,3.0,3.0,2.0,1.0,1.0,0.0,1.0,3.0,0.0,0.0,0.0,0.0,0.0,0.0,0.0,0.0,0.0,0.0,1.0,0.0,0.0,0.0,1.0,0.0,0.0,0.0,1.0,0.0,0,1,10.915088464214607
3,774,0,544,1,0.0,0,544,70.0,0,0,0,0,76,1,3.0,4.0,3.0,5.0,1.0,3.0,0.0,3.0,3.0,0.0,0.0,0.0,0.0,0.0,0.0,0.0,0.0,0.0,0.0,1.0,0.0,1.0,0.0,0.0,0.0,0.0,0.0,1.0,0.0,1,1,11.27720313144916
5,816,264,816,1,0.0,1,641,60.0,0,0,0,0,26,0,4.0,4.0,3.0,5.0,1.0,5.0,1.0,3.0,3.0,1.0,0.0,0.0,0.0,0.0,1.0,0.0,0.0,0.0,0.0,0.0,0.0,0.0,1.0,0.0,0.0,0.0,0.0,1.0,0.0,1,2,11.779128505744886
6,2792,520,1510,2,0.0,2,493,60.0,0,1208,547,0,88,58,4.0,3.0,4.0,5.0,1.0,2.0,1.0,3.0,3.0,0.0,0.0,0.0,0.0,0.0,0.0,0.0,0.0,0.0,1.0,0.0,0.0,0.0,0.0,1.0,0.0,0.0,0.0,1.0,0.0,1,1,12.4529327234617
7,1632,462,935,2,0.0,1,0,63.0,0,677,28,1,8,8,3.0,3.0,4.0,4.0,1.0,1.0,3.0,3.0,2.0,0.0,1.0,0.0,0.0,0.0,1.0,0.0,0.0,0.0,0.0,0.0,0.0,0.0,1.0,0.0,0.0,0.0,0.0,1.0,0.0,1,3,12.081076155355488
8,1588,825,1588,2,410.0,1,0,85.0,144,0,45,0,1,1,4.0,4.0,4.0,5.0,3.0,1.0,2.0,3.0,3.0,0.0,1.0,0.0,0.0,0.0,1.0,0.0,0.0,0.0,0.0,0.0,0.0,0.0,1.0,0.0,0.0,0.0,0.0,1.0,0.0,1,4,12.332705296463539
5,954,576,911,1,0.0,0,483,55.0,0,0,0,0,30,30,3.0,3.0,3.0,4.0,3.0,5.0,1.0,3.0,2.0,1.0,0.0,0.0,0.0,0.0,0.0,0.0,0.0,0.0,1.0,0.0,0.0,0.0,1.0,0.0,0.0,0.0,0.0,1.0,0.0,1,3,11.794337924408413
4,816,288,816,1,0.0,1,690,67.0,0,0,0,0,71,51,3.0,3.0,3.0,5.0,2.0,5.0,1.0,3.0,3.0,1.0,0.0,0.0,0.0,0.0,0.0,0.0,0.0,0.0,1.0,0.0,0.0,0.0,1.0,0.0,0.0,0.0,0.0,1.0,0.0,1,1,11.512925464970229
5,1360,297,803,1,0.0,0,0,60.0,0,557,65,1,68,11,3.0,4.0,3.0,5.0,1.0,1.0,1.0,3.0,3.0,1.0,0.0,0.0,0.0,0.0,0.0,0.0,0.0,0.0,1.0,0.0,0.0,0.0,0.0,1.0,0.0,0.0,0.0,1.0,0.0,1,1,11.740061037553975
5,1365,440,765,1,312.0,0,765,24.0,0,600,36,1,39,39,3.0,3.0,3.0,3.0,1.0,2.0,1.0,3.0,3.0,1.0,0.0,0.0,0.0,0.0,1.0,0.0,0.0,0.0,0.0,0.0,0.0,0.0,0.0,1.0,0.0,0.0,0.0,1.0,0.0,1,1,11.736069016284437
6,1334,630,1350,2,360.0,1,686,80.0,0,0,16,0,32,32,3.0,3.0,4.0,3.0,1.0,5.0,2.0,3.0,3.0,1.0,0.0,0.0,0.0,0.0,1.0,0.0,0.0,0.0,0.0,0.0,0.0,0.0,1.0,0.0,0.0,0.0,0.0,1.0,0.0,1,3,12.031123843065632
5,1656,506,1656,2,564.0,0,0,87.0,0,0,211,0,35,35,3.0,3.0,3.0,3.0,1.0,1.0,1.0,3.0,2.0,1.0,0.0,0.0,0.0,0.0,0.0,0.0,0.0,0.0,1.0,0.0,0.0,0.0,1.0,0.0,0.0,0.0,0.0,1.0,0.0,1,3,11.813030057420567
4,693,0,693,1,0.0,0,0,153.0,0,0,20,0,65,56,3.0,2.0,3.0,2.0,1.0,1.0,0.0,1.0,2.0,1.0,0.0,0.0,0.0,0.0,0.0,0.0,0.0,0.0,0.0,1.0,0.0,0.0,0.0,1.0,0.0,0.0,0.0,1.0,0.0,0,1,10.868568448579715
7,1861,492,916,2,0.0,0,700,95.0,146,941,91,1,4,4,4.0,4.0,4.0,5.0,1.0,6.0,2.0,3.0,2.0,0.0,1.0,0.0,0.0,0.0,0.0,0.0,1.0,0.0,0.0,0.0,0.0,0.0,1.0,0.0,0.0,0.0,0.0,1.0,0.0,1,3,12.206072645530174
5,864,288,864,1,0.0,0,360,120.0,0,0,0,0,34,34,3.0,3.0,3.0,5.0,2.0,3.0,2.0,3.0,2.0,1.0,0.0,0.0,0.0,0.0,1.0,0.0,0.0,0.0,0.0,0.0,0.0,0.0,1.0,0.0,0.0,0.0,0.0,1.0,0.0,1,3,11.763684183317412
4,872,480,858,1,0.0,0,0,70.0,0,0,0,0,36,36,3.0,3.0,3.0,3.0,1.0,1.0,1.0,3.0,3.0,1.0,0.0,0.0,0.0,0.0,0.0,0.0,0.0,0.0,1.0,0.0,0.0,0.0,1.0,0.0,0.0,0.0,0.0,1.0,0.0,1,2,11.719939634354555
6,1114,576,1114,1,0.0,0,814,66.0,0,0,78,0,5,4,3.0,4.0,4.0,5.0,1.0,6.0,1.0,3.0,3.0,0.0,1.0,0.0,0.0,0.0,0.0,0.0,0.0,0.0,1.0,0.0,0.0,0.0,1.0,0.0,0.0,0.0,0.0,1.0,0.0,1,3,11.951180395901384
8,2169,647,1284,2,149.0,1,0,70.0,192,885,87,1,5,5,4.0,4.0,4.0,5.0,1.0,1.0,2.0,3.0,3.0,0.0,1.0,0.0,0.0,0.0,1.0,0.0,0.0,0.0,0.0,0.0,0.0,0.0,1.0,0.0,0.0,0.0,0.0,1.0,0.0,1,3,12.339291489316397
6,1913,342,896,1,0.0,1,0,57.0,0,741,0,1,81,59,3.0,3.0,3.0,4.0,1.0,1.0,1.0,3.0,3.0,0.0,0.0,0.0,0.0,0.0,0.0,0.0,0.0,0.0,1.0,0.0,0.0,0.0,1.0,0.0,0.0,0.0,0.0,1.0,0.0,1,4,12.083905011555967
7,1456,440,728,2,0.0,1,0,85.0,0,728,0,1,1,1,4.0,4.0,4.0,5.0,1.0,1.0,3.0,3.0,2.0,0.0,1.0,0.0,0.0,0.0,1.0,0.0,0.0,0.0,0.0,0.0,0.0,0.0,1.0,0.0,0.0,0.0,0.0,0.0,1.0,1,3,11.956553034172742
4,960,308,960,1,0.0,0,250,50.0,0,0,0,0,87,57,3.0,2.0,3.0,4.0,1.0,5.0,1.0,3.0,3.0,0.0,1.0,0.0,0.0,0.0,0.0,0.0,0.0,0.0,1.0,0.0,0.0,0.0,0.0,1.0,0.0,0.0,0.0,1.0,0.0,1,1,11.594505451962652
7,2156,508,1568,2,0.0,1,297,80.0,0,0,80,0,38,3,3.0,3.0,3.0,3.0,1.0,4.0,2.0,3.0,1.0,1.0,0.0,0.0,0.0,0.0,1.0,0.0,0.0,0.0,0.0,0.0,0.0,0.0,1.0,0.0,0.0,0.0,0.0,1.0,0.0,1,3,12.478006361013815
8,1776,712,1732,2,100.0,1,80,93.0,0,0,0,0,1,0,4.0,4.0,5.0,5.0,4.0,6.0,3.0,3.0,2.0,0.0,1.0,0.0,0.0,0.0,1.0,0.0,0.0,0.0,0.0,0.0,0.0,0.0,1.0,0.0,0.0,0.0,0.0,0.0,1.0,1,4,12.554836882168736
7,1494,514,1482,2,0.0,1,1443,66.5,402,0,25,0,9,9,4.0,4.0,4.0,5.0,4.0,6.0,2.0,3.0,0.0,0.0,1.0,0.0,0.0,0.0,1.0,0.0,0.0,0.0,0.0,0.0,0.0,0.0,1.0,0.0,0.0,0.0,0.0,1.0,0.0,1,3,12.2783933071098
8,2358,0,684,2,0.0,0,259,50.0,0,1215,54,0,136,21,3.0,3.0,3.0,2.0,1.0,2.0,0.0,3.0,3.0,0.0,0.0,0.0,0.0,0.0,0.0,0.0,0.0,0.0,0.0,1.0,0.0,0.0,0.0,1.0,0.0,0.0,0.0,1.0,0.0,0,1,11.711776323715394
5,2634,968,1248,2,368.0,0,500,91.0,0,1296,0,2,40,40,3.0,3.0,3.0,3.0,1.0,2.0,1.0,3.0,3.0,1.0,0.0,0.0,0.0,0.0,0.0,0.0,0.0,0.0,1.0,0.0,0.0,0.0,1.0,0.0,0.0,0.0,0.0,1.0,0.0,1,2,12.206072645530174
6,1716,490,858,1,318.0,1,319,70.0,0,858,84,1,46,46,3.0,3.0,3.0,5.0,1.0,3.0,3.0,3.0,2.0,1.0,0.0,0.0,0.0,0.0,1.0,0.0,0.0,0.0,0.0,0.0,0.0,0.0,1.0,0.0,0.0,0.0,0.0,1.0,0.0,1,2,12.049418835484797
6,1176,624,698,1,0.0,0,0,50.0,210,390,0,0,72,9,4.0,3.0,3.0,3.0,1.0,1.0,1.0,1.0,3.0,0.0,0.0,0.0,0.0,0.0,0.0,0.0,0.0,0.0,1.0,0.0,0.0,0.0,0.0,1.0,0.0,0.0,0.0,1.0,0.0,1,1,11.812289042195847
8,3238,666,2033,2,579.0,1,816,56.0,283,1185,86,1,15,14,4.0,4.0,4.0,5.0,3.0,6.0,3.0,3.0,2.0,0.0,1.0,0.0,0.0,0.0,1.0,0.0,0.0,0.0,0.0,0.0,0.0,0.0,1.0,0.0,0.0,0.0,0.0,1.0,0.0,1,5,12.92391243868049
7,1865,839,992,2,0.0,1,735,70.0,0,873,184,1,8,8,4.0,4.0,4.0,5.0,1.0,6.0,2.0,3.0,2.0,0.0,1.0,0.0,0.0,0.0,1.0,0.0,0.0,0.0,0.0,0.0,0.0,0.0,1.0,0.0,0.0,0.0,0.0,1.0,0.0,1,3,12.367340793126296
7,1920,487,570,3,143.0,1,0,102.0,0,698,98,0,38,14,3.0,4.0,3.0,4.0,1.0,1.0,2.0,3.0,2.0,1.0,0.0,0.0,0.0,0.0,1.0,0.0,0.0,0.0,0.0,0.0,0.0,0.0,1.0,0.0,0.0,0.0,0.0,1.0,0.0,1,3,12.043553716032399
5,892,264,864,1,65.0,0,340,73.0,0,0,0,0,42,42,3.0,3.0,3.0,3.0,1.0,3.0,2.0,3.0,3.0,1.0,0.0,0.0,0.0,0.0,1.0,0.0,0.0,0.0,0.0,0.0,0.0,0.0,1.0,0.0,0.0,0.0,0.0,1.0,0.0,1,2,11.608235644774552
5,1078,500,1078,1,0.0,1,734,73.0,0,0,0,1,39,2,3.0,3.0,3.0,5.0,1.0,6.0,3.0,3.0,2.0,1.0,0.0,0.0,0.0,0.0,1.0,0.0,0.0,0.0,0.0,0.0,0.0,0.0,1.0,0.0,0.0,0.0,0.0,1.0,0.0,1,2,11.917723684090689
6,1573,440,756,2,216.0,0,378,73.5,0,804,32,1,10,10,4.0,4.0,4.0,5.0,1.0,6.0,1.0,3.0,3.0,0.0,1.0,0.0,0.0,0.0,0.0,0.0,0.0,0.0,1.0,0.0,1.0,0.0,0.0,0.0,0.0,0.0,0.0,1.0,0.0,1,4,12.086725887897607
9,1980,770,1980,2,66.0,1,1447,129.0,194,0,45,0,2,1,4.0,5.0,5.0,5.0,3.0,6.0,3.0,3.0,3.0,0.0,1.0,0.0,0.0,0.0,1.0,0.0,0.0,0.0,0.0,0.0,0.0,0.0,1.0,0.0,0.0,0.0,0.0,1.0,0.0,1,5,12.66032791780777
5,2601,621,612,3,0.0,0,0,51.0,183,1611,0,1,87,10,3.0,3.0,3.0,5.0,1.0,1.0,2.0,3.0,3.0,0.0,0.0,0.0,0.0,0.0,0.0,0.0,1.0,0.0,0.0,0.0,0.0,0.0,1.0,0.0,0.0,0.0,0.0,1.0,0.0,1,2,12.14950229404178
7,1530,430,1530,2,16.0,1,1274,124.0,168,0,36,0,4,4,4.0,4.0,5.0,5.0,3.0,5.0,3.0,3.0,2.0,0.0,1.0,0.0,0.0,0.0,1.0,0.0,0.0,0.0,0.0,0.0,0.0,0.0,1.0,0.0,0.0,0.0,0.0,1.0,0.0,1,5,12.468436909997665
4,1738,368,715,2,0.0,1,0,73.0,55,457,0,0,89,2,3.0,3.0,3.0,4.0,1.0,1.0,1.0,3.0,2.0,0.0,0.0,0.0,0.0,0.0,1.0,0.0,0.0,0.0,0.0,0.0,0.0,0.0,1.0,0.0,0.0,0.0,0.0,1.0,0.0,1,2,11.560762794384388
6,1412,432,616,2,0.0,1,0,73.0,0,796,36,1,1,0,3.0,4.0,4.0,5.0,1.0,1.0,3.0,3.0,2.0,0.0,1.0,0.0,0.0,0.0,0.0,0.0,1.0,0.0,0.0,0.0,0.0,0.0,1.0,0.0,0.0,0.0,0.0,0.0,1.0,1,3,11.963567869487337
7,1200,480,600,2,0.0,0,0,30.0,0,600,166,1,1,1,4.0,4.0,4.0,5.0,1.0,1.0,2.0,3.0,3.0,0.0,1.0,0.0,0.0,0.0,0.0,0.0,0.0,0.0,1.0,0.0,1.0,0.0,0.0,0.0,0.0,0.0,0.0,0.0,0.0,1,4,11.87862357740665
7,1674,663,814,2,0.0,0,533,73.5,0,860,96,1,10,10,4.0,4.0,4.0,5.0,1.0,6.0,2.0,3.0,3.0,0.0,1.0,0.0,0.0,0.0,1.0,0.0,0.0,0.0,0.0,0.0,1.0,0.0,0.0,0.0,0.0,0.0,0.0,1.0,0.0,1,4,12.283033686666302
7,1790,588,873,2,158.0,0,633,68.0,0,908,88,1,9,9,4.0,4.0,4.0,5.0,1.0,6.0,2.0,3.0,2.0,0.0,1.0,0.0,0.0,0.0,1.0,0.0,0.0,0.0,0.0,0.0,0.0,0.0,1.0,0.0,0.0,0.0,0.0,0.0,0.0,1,3,12.170445467887022
5,1475,336,757,2,0.0,1,548,41.0,104,550,26,0,29,29,3.0,3.0,3.0,5.0,1.0,5.0,2.0,3.0,3.0,0.0,1.0,0.0,0.0,0.0,1.0,0.0,0.0,0.0,0.0,0.0,0.0,0.0,0.0,1.0,0.0,0.0,0.0,1.0,0.0,1,1,11.751942365440728
6,848,420,848,1,170.0,0,685,70.0,140,0,0,0,6,5,4.0,4.0,4.0,5.0,3.0,6.0,3.0,3.0,3.0,0.0,1.0,0.0,0.0,0.0,1.0,0.0,0.0,0.0,0.0,0.0,0.0,0.0,0.0,1.0,0.0,0.0,0.0,1.0,0.0,1,3,11.877568578558138
8,1668,502,1657,2,171.0,1,370,48.0,0,0,262,0,7,7,4.0,4.0,4.0,5.0,3.0,4.0,3.0,3.0,1.0,0.0,1.0,0.0,0.0,0.0,1.0,0.0,0.0,0.0,0.0,0.0,0.0,0.0,1.0,0.0,0.0,0.0,0.0,1.0,0.0,1,3,12.354492650648448
4,1374,338,840,1,0.0,0,315,90.0,0,534,0,0,89,59,2.0,3.0,3.0,5.0,1.0,5.0,3.0,3.0,3.0,0.0,1.0,0.0,0.0,0.0,0.0,0.0,0.0,0.0,1.0,0.0,0.0,0.0,1.0,0.0,0.0,0.0,0.0,1.0,0.0,1,1,11.56171562913966
6,1661,377,992,1,0.0,1,831,80.0,0,0,28,0,53,12,3.0,4.0,3.0,4.0,3.0,4.0,2.0,3.0,3.0,1.0,0.0,0.0,0.0,0.0,0.0,0.0,1.0,0.0,0.0,0.0,0.0,0.0,1.0,0.0,0.0,0.0,0.0,1.0,0.0,1,2,12.016726473799254
7,2097,583,1108,2,0.0,1,975,75.0,253,989,170,1,8,8,3.0,4.0,4.0,5.0,3.0,6.0,2.0,3.0,3.0,0.0,1.0,0.0,0.0,0.0,0.0,0.0,0.0,0.0,1.0,0.0,0.0,0.0,1.0,0.0,0.0,0.0,0.0,1.0,0.0,1,3,12.521977676925694
10,2633,804,2633,2,705.0,2,1282,91.0,314,0,140,1,6,5,5.0,5.0,5.0,5.0,4.0,6.0,2.0,3.0,3.0,0.0,1.0,0.0,0.0,0.0,1.0,0.0,0.0,0.0,0.0,0.0,0.0,0.0,1.0,0.0,0.0,0.0,0.0,1.0,0.0,1,5,13.053013299269535
7,1958,936,1026,2,0.0,1,0,85.0,154,932,210,1,3,3,4.0,4.0,4.0,5.0,1.0,1.0,3.0,3.0,3.0,0.0,1.0,0.0,0.0,0.0,1.0,0.0,0.0,0.0,0.0,0.0,1.0,0.0,0.0,0.0,0.0,0.0,0.0,1.0,0.0,1,4,12.429216196844383
8,1571,722,1571,2,80.0,1,0,89.0,100,0,36,0,0,0,4.0,4.0,4.0,5.0,4.0,1.0,3.0,3.0,2.0,0.0,1.0,0.0,0.0,0.0,1.0,0.0,0.0,0.0,0.0,0.0,0.0,0.0,1.0,0.0,0.0,0.0,0.0,0.0,1.0,1,4,12.384218830913648
6,790,160,768,1,0.0,0,384,52.0,0,0,141,0,78,58,3.0,3.0,4.0,3.0,2.0,3.0,1.0,3.0,3.0,0.0,0.0,0.0,0.0,0.0,0.0,0.0,0.0,0.0,1.0,0.0,0.0,0.0,1.0,0.0,0.0,0.0,0.0,1.0,0.0,0,2,11.418614785498987
5,1604,660,984,2,0.0,0,408,60.0,0,620,68,0,68,49,3.0,3.0,3.0,5.0,1.0,2.0,1.0,3.0,3.0,1.0,0.0,0.0,0.0,0.0,0.0,0.0,0.0,0.0,1.0,0.0,0.0,0.0,1.0,0.0,0.0,0.0,0.0,1.0,0.0,1,1,11.669929213779893
6,987,264,483,1,408.0,0,309,21.0,72,504,0,1,33,33,3.0,3.0,3.0,3.0,1.0,4.0,1.0,3.0,3.0,1.0,0.0,0.0,0.0,0.0,0.0,0.0,0.0,0.0,1.0,0.0,0.0,0.0,0.0,1.0,0.0,0.0,0.0,1.0,0.0,1,1,11.326595886778735
5,1394,400,384,2,0.0,0,0,73.0,100,640,0,1,2,1,3.0,4.0,4.0,4.0,1.0,1.0,3.0,3.0,3.0,0.0,1.0,0.0,0.0,0.0,0.0,0.0,1.0,0.0,0.0,0.0,0.0,0.0,1.0,0.0,0.0,0.0,0.0,1.0,0.0,1,4,12.028738630247258
3,864,200,864,1,0.0,0,203,45.0,0,0,0,0,96,60,3.0,3.0,3.0,3.0,1.0,3.0,1.0,3.0,3.0,0.0,0.0,0.0,0.0,0.0,0.0,0.0,0.0,0.0,1.0,0.0,0.0,0.0,1.0,0.0,0.0,0.0,0.0,1.0,0.0,0,1,10.976782033219948
6,2117,550,1205,2,0.0,2,865,73.0,0,0,42,1,38,38,3.0,3.0,3.0,5.0,2.0,4.0,3.0,3.0,2.0,1.0,0.0,0.0,0.0,0.0,1.0,0.0,0.0,0.0,0.0,0.0,0.0,0.0,1.0,0.0,0.0,0.0,0.0,1.0,0.0,1,2,12.377922902456833
7,1762,576,596,1,0.0,0,0,60.0,36,764,0,1,86,56,3.0,4.0,2.0,5.0,1.0,1.0,1.0,1.0,3.0,0.0,0.0,0.0,0.0,0.0,0.0,0.0,0.0,0.0,1.0,0.0,0.0,0.0,0.0,1.0,0.0,0.0,0.0,1.0,0.0,1,1,11.964001084330445
5,1416,576,816,2,0.0,0,0,71.0,0,0,0,0,89,0,3.0,4.0,3.0,5.0,1.0,1.0,1.0,1.0,3.0,0.0,0.0,0.0,0.0,0.0,1.0,0.0,0.0,0.0,0.0,0.0,0.0,0.0,1.0,0.0,0.0,0.0,0.0,1.0,0.0,1,2,11.626254150277232
6,1258,280,560,1,0.0,0,204,60.0,0,560,0,0,70,59,3.0,3.0,3.0,3.0,2.0,3.0,1.0,2.0,3.0,0.0,0.0,0.0,0.0,0.0,0.0,0.0,0.0,0.0,1.0,0.0,0.0,0.0,1.0,0.0,0.0,0.0,0.0,1.0,0.0,1,1,11.56171562913966
4,1154,240,796,1,0.0,0,735,40.0,0,358,96,0,88,3,3.0,4.0,3.0,4.0,1.0,4.0,1.0,1.0,3.0,0.0,0.0,0.0,0.0,0.0,0.0,0.0,0.0,0.0,1.0,0.0,0.0,0.0,0.0,1.0,0.0,0.0,0.0,1.0,0.0,1,1,11.740061037553975
7,2784,564,1392,3,184.0,2,790,80.0,0,1392,112,1,28,28,3.0,4.0,4.0,3.0,1.0,4.0,2.0,3.0,2.0,1.0,0.0,0.0,0.0,0.0,1.0,0.0,0.0,0.0,0.0,0.0,0.0,0.0,1.0,0.0,0.0,0.0,0.0,1.0,0.0,1,3,12.429216196844383
6,2526,216,714,2,0.0,1,168,60.0,88,862,15,0,91,57,3.0,4.0,3.0,3.0,1.0,3.0,1.0,3.0,3.0,0.0,0.0,0.0,0.0,0.0,0.0,0.0,0.0,0.0,1.0,0.0,0.0,0.0,0.0,1.0,0.0,0.0,1.0,0.0,0.0,0,1,11.820410164718188
9,1746,758,1746,2,160.0,2,1320,42.0,201,0,39,0,3,2,5.0,5.0,5.0,5.0,4.0,6.0,3.0,3.0,2.0,0.0,1.0,0.0,0.0,0.0,1.0,0.0,0.0,0.0,0.0,0.0,0.0,0.0,1.0,0.0,0.0,0.0,0.0,1.0,0.0,1,3,12.841325847671216
6,1218,440,735,1,0.0,1,375,60.0,0,349,0,0,66,57,3.0,3.0,3.0,5.0,1.0,5.0,1.0,3.0,3.0,0.0,0.0,0.0,0.0,0.0,0.0,0.0,0.0,0.0,1.0,0.0,0.0,0.0,0.0,1.0,0.0,0.0,0.0,1.0,0.0,1,1,11.782952602183288
7,1525,541,1525,2,244.0,0,1400,70.0,219,0,36,0,6,6,4.0,4.0,4.0,5.0,3.0,6.0,2.0,3.0,3.0,0.0,1.0,0.0,0.0,0.0,1.0,0.0,0.0,0.0,0.0,0.0,0.0,0.0,1.0,0.0,0.0,0.0,0.0,1.0,0.0,1,3,12.367340793126296
5,1584,792,1584,2,0.0,0,0,65.0,0,0,152,0,42,42,3.0,3.0,3.0,3.0,1.0,1.0,1.0,3.0,3.0,1.0,0.0,0.0,0.0,0.0,0.0,0.0,0.0,0.0,1.0,0.0,0.0,0.0,1.0,0.0,0.0,0.0,0.0,1.0,0.0,1,2,11.728036844587175
5,900,288,864,1,0.0,1,769,68.0,175,0,144,0,39,39,3.0,3.0,3.0,3.0,3.0,5.0,2.0,3.0,3.0,1.0,0.0,0.0,0.0,0.0,1.0,0.0,0.0,0.0,0.0,0.0,0.0,0.0,1.0,0.0,0.0,0.0,0.0,1.0,0.0,1,2,11.719939634354555
6,1912,672,482,2,0.0,1,0,60.0,0,691,25,0,103,8,3.0,3.0,2.0,5.0,1.0,1.0,1.0,3.0,3.0,0.0,0.0,0.0,0.0,0.0,0.0,0.0,0.0,0.0,1.0,0.0,0.0,0.0,0.0,1.0,0.0,0.0,0.0,1.0,0.0,0,1,12.0015054797889
7,1500,648,1356,2,45.0,1,1070,53.0,161,0,20,0,0,0,4.0,4.0,4.0,5.0,3.0,6.0,3.0,3.0,3.0,0.0,1.0,0.0,0.0,0.0,1.0,0.0,0.0,0.0,0.0,0.0,0.0,0.0,1.0,0.0,0.0,0.0,0.0,0.0,1.0,1,3,12.415433652431746
8,2482,642,1094,2,245.0,1,0,88.0,144,1349,39,1,2,1,4.0,4.0,4.0,5.0,4.0,1.0,3.0,3.0,2.0,0.0,1.0,0.0,0.0,0.0,0.0,0.0,1.0,0.0,0.0,0.0,0.0,0.0,1.0,0.0,0.0,0.0,0.0,1.0,0.0,1,4,12.54686766829102
5,1687,572,747,1,0.0,2,353,85.0,0,0,0,0,62,60,3.0,3.0,3.0,3.0,3.0,4.0,1.0,1.0,2.0,1.0,0.0,0.0,0.0,0.0,0.0,0.0,0.0,0.0,1.0,0.0,0.0,0.0,1.0,0.0,0.0,0.0,0.0,1.0,0.0,1,4,11.982929094215963
5,1513,180,939,1,0.0,0,0,51.0,24,574,0,1,87,3,3.0,3.0,3.0,5.0,2.0,1.0,1.0,1.0,3.0,0.0,0.0,0.0,0.0,0.0,0.0,0.0,0.0,0.0,1.0,0.0,0.0,0.0,0.0,1.0,0.0,0.0,0.0,1.0,0.0,1,1,11.831379196088763
5,1904,240,1208,1,0.0,0,180,60.0,0,768,0,1,59,27,3.0,3.0,3.0,4.0,1.0,3.0,1.0,3.0,3.0,1.0,0.0,0.0,0.0,0.0,1.0,0.0,0.0,0.0,0.0,0.0,0.0,0.0,1.0,0.0,0.0,0.0,0.0,1.0,0.0,1,2,11.835008964139341
6,1608,216,976,2,0.0,1,264,51.0,147,448,16,1,84,19,3.0,4.0,3.0,5.0,1.0,4.0,1.0,3.0,3.0,0.0,0.0,0.0,0.0,0.0,0.0,0.0,0.0,0.0,1.0,0.0,0.0,0.0,1.0,0.0,0.0,0.0,0.0,1.0,0.0,1,2,11.83101549359339
6,1158,208,862,1,0.0,1,0,50.0,0,208,0,0,79,58,3.0,3.0,3.0,3.0,1.0,1.0,2.0,3.0,3.0,0.0,0.0,0.0,0.0,0.0,0.0,0.0,1.0,0.0,0.0,0.0,0.0,0.0,0.0,1.0,0.0,0.0,0.0,1.0,0.0,1,1,11.695247021764184
6,1593,398,839,2,0.0,1,759,62.0,100,729,75,1,4,4,3.0,3.0,3.0,5.0,1.0,6.0,3.0,3.0,2.0,0.0,1.0,0.0,0.0,0.0,1.0,0.0,0.0,0.0,0.0,0.0,0.0,0.0,1.0,0.0,0.0,0.0,0.0,1.0,0.0,1,3,12.170445467887022
7,1294,662,1286,2,0.0,1,0,64.0,168,0,55,0,0,0,4.0,4.0,4.0,5.0,3.0,1.0,2.0,3.0,3.0,0.0,1.0,0.0,0.0,0.0,1.0,0.0,0.0,0.0,0.0,0.0,0.0,0.0,1.0,0.0,0.0,0.0,0.0,0.0,1.0,1,3,12.174989532116426
8,1464,754,1485,2,84.0,0,929,49.0,168,0,160,0,0,0,4.0,4.0,4.0,5.0,4.0,6.0,1.0,3.0,2.0,0.0,1.0,0.0,0.0,0.0,1.0,0.0,0.0,0.0,0.0,0.0,0.0,0.0,1.0,0.0,0.0,0.0,0.0,1.0,0.0,1,4,12.552926520261092
3,1214,936,672,1,0.0,0,0,60.0,216,520,0,0,91,56,3.0,3.0,3.0,3.0,1.0,1.0,1.0,3.0,3.0,0.0,1.0,0.0,0.0,0.0,0.0,0.0,0.0,0.0,1.0,0.0,0.0,0.0,1.0,0.0,0.0,0.0,1.0,0.0,0.0,1,1,11.56171562913966
8,1646,482,1594,2,174.0,1,1373,44.0,128,0,53,0,4,3,4.0,4.0,5.0,5.0,4.0,6.0,3.0,3.0,2.0,0.0,1.0,0.0,0.0,0.0,1.0,0.0,0.0,0.0,0.0,0.0,0.0,0.0,0.0,1.0,0.0,0.0,0.0,1.0,0.0,1,4,12.524526376648708
5,768,396,768,1,0.0,0,656,70.0,58,0,0,0,37,2,3.0,3.0,4.0,3.0,3.0,6.0,1.0,3.0,3.0,1.0,0.0,0.0,0.0,0.0,0.0,0.0,0.0,0.0,1.0,0.0,0.0,0.0,1.0,0.0,0.0,0.0,0.0,1.0,0.0,1,3,11.79810440720389
5,833,0,833,1,0.0,0,625,73.0,0,0,0,0,24,24,3.0,3.0,3.0,5.0,1.0,5.0,0.0,3.0,2.0,1.0,0.0,0.0,0.0,0.0,0.0,0.0,0.0,0.0,0.0,1.0,0.0,0.0,1.0,0.0,0.0,0.0,0.0,1.0,0.0,1,2,11.626254150277232
4,1363,528,622,1,0.0,0,0,60.0,0,622,0,0,100,60,3.0,3.0,2.0,4.0,1.0,1.0,1.0,3.0,3.0,1.0,0.0,0.0,0.0,0.0,0.0,0.0,0.0,0.0,1.0,0.0,0.0,0.0,0.0,1.0,0.0,0.0,0.0,1.0,0.0,1,1,11.740061037553975
7,2093,542,791,2,123.0,1,0,46.0,364,857,63,1,22,17,3.0,3.0,4.0,4.0,1.0,1.0,3.0,3.0,2.0,1.0,0.0,0.0,0.0,0.0,1.0,0.0,0.0,0.0,0.0,0.0,0.0,0.0,1.0,0.0,0.0,0.0,0.0,1.0,0.0,1,3,12.2783933071098
7,1840,622,944,2,0.0,0,666,79.0,0,896,45,1,8,8,4.0,4.0,4.0,5.0,1.0,6.0,2.0,3.0,3.0,0.0,1.0,0.0,0.0,0.0,1.0,0.0,0.0,0.0,0.0,0.0,0.0,0.0,1.0,0.0,0.0,0.0,0.0,1.0,0.0,1,3,12.345834587905333
6,1668,271,856,1,0.0,0,120,80.0,0,556,0,1,59,4,3.0,3.0,3.0,5.0,1.0,4.0,1.0,3.0,3.0,1.0,0.0,0.0,0.0,0.0,1.0,0.0,0.0,0.0,0.0,0.0,0.0,0.0,1.0,0.0,0.0,0.0,0.0,1.0,0.0,1,2,11.84939770159144
4,1040,420,0,2,0.0,0,0,60.0,0,0,0,0,60,59,3.0,3.0,0.0,2.0,0.0,0.0,1.0,3.0,3.0,0.0,0.0,1.0,0.0,0.0,0.0,0.0,0.0,0.0,1.0,0.0,0.0,0.0,1.0,0.0,0.0,0.0,0.0,1.0,0.0,0,2,11.407564949312402
8,1844,620,1844,2,366.0,1,976,88.0,165,0,44,0,4,3,4.0,4.0,4.0,5.0,1.0,6.0,3.0,3.0,2.0,0.0,1.0,0.0,0.0,0.0,1.0,0.0,0.0,0.0,0.0,0.0,0.0,0.0,1.0,0.0,0.0,0.0,0.0,0.0,0.0,1,3,12.456831363877356
6,1848,370,833,1,0.0,1,0,64.0,0,795,0,1,85,8,3.0,4.0,3.0,4.0,1.0,1.0,1.0,1.0,3.0,0.0,0.0,0.0,0.0,0.0,0.0,0.0,0.0,0.0,1.0,0.0,0.0,0.0,1.0,0.0,0.0,0.0,0.0,1.0,0.0,1,1,12.240474072247506
7,1569,660,1386,2,130.0,1,988,51.0,143,0,20,0,2,2,4.0,4.0,4.0,5.0,1.0,5.0,2.0,3.0,3.0,0.0,1.0,0.0,0.0,0.0,1.0,0.0,0.0,0.0,0.0,0.0,0.0,0.0,1.0,0.0,0.0,0.0,0.0,1.0,0.0,1,3,12.077670930725649
4,2290,560,777,2,0.0,0,0,60.0,0,1044,0,0,125,60,3.0,3.0,3.0,4.0,1.0,1.0,1.0,1.0,3.0,0.0,1.0,0.0,0.0,0.0,0.0,0.0,0.0,0.0,1.0,0.0,0.0,0.0,0.0,1.0,0.0,0.0,0.0,1.0,0.0,1,1,11.715866308966918
8,2450,1069,1284,2,731.0,1,781,91.0,0,1140,126,1,11,11,4.0,4.0,4.0,5.0,2.0,6.0,3.0,3.0,2.0,0.0,1.0,0.0,0.0,0.0,1.0,0.0,0.0,0.0,0.0,0.0,0.0,0.0,1.0,0.0,0.0,0.0,0.0,1.0,0.0,1,5,12.736700896592344
5,1144,336,1144,1,0.0,0,25,71.0,0,0,88,1,45,45,3.0,3.0,3.0,3.0,1.0,4.0,1.0,3.0,3.0,1.0,0.0,0.0,0.0,0.0,0.0,0.0,0.0,0.0,1.0,0.0,0.0,0.0,1.0,0.0,0.0,0.0,0.0,1.0,0.0,1,2,11.728036844587175
6,1844,540,1844,2,312.0,1,1110,74.0,0,0,73,0,37,37,4.0,4.0,3.0,4.0,3.0,3.0,2.0,3.0,2.0,1.0,0.0,0.0,0.0,0.0,1.0,0.0,0.0,0.0,0.0,0.0,0.0,0.0,1.0,0.0,0.0,0.0,0.0,1.0,0.0,1,4,12.314927050442256
6,1416,776,708,2,420.0,1,404,90.0,0,708,169,1,38,38,3.0,3.0,3.0,4.0,1.0,5.0,2.0,3.0,3.0,1.0,0.0,0.0,0.0,0.0,1.0,0.0,0.0,0.0,0.0,0.0,0.0,0.0,1.0,0.0,0.0,0.0,0.0,1.0,0.0,1,3,12.100156419938624
6,1069,440,1069,2,0.0,1,360,53.0,0,0,55,0,33,33,3.0,3.0,4.0,3.0,1.0,5.0,2.0,3.0,3.0,1.0,0.0,0.0,0.0,0.0,1.0,0.0,0.0,0.0,0.0,0.0,0.0,0.0,1.0,0.0,0.0,0.0,0.0,1.0,0.0,1,2,11.755871643580617
6,848,420,848,1,170.0,0,686,37.0,140,0,0,0,5,5,4.0,4.0,4.0,5.0,3.0,6.0,3.0,3.0,3.0,0.0,1.0,0.0,0.0,0.0,1.0,0.0,0.0,0.0,0.0,0.0,0.0,0.0,0.0,1.0,0.0,0.0,0.0,1.0,0.0,1,3,11.824079893607152
6,2201,432,697,2,0.0,1,0,65.5,586,626,236,0,40,40,4.0,4.0,4.0,3.0,3.0,1.0,1.0,3.0,2.0,1.0,0.0,0.0,0.0,0.0,1.0,0.0,0.0,0.0,0.0,0.0,0.0,0.0,1.0,0.0,0.0,1.0,0.0,0.0,0.0,1,1,12.524417279788771
5,1344,484,1024,1,0.0,1,457,73.0,316,0,28,0,49,24,3.0,3.0,3.0,3.0,1.0,5.0,1.0,3.0,3.0,1.0,0.0,0.0,0.0,0.0,0.0,0.0,0.0,0.0,1.0,0.0,0.0,0.0,1.0,0.0,0.0,0.0,0.0,1.0,0.0,1,2,11.877568578558138
6,1252,528,1252,1,243.0,0,0,80.0,0,0,39,0,49,49,4.0,4.0,3.0,5.0,1.0,1.0,1.0,3.0,2.0,1.0,0.0,0.0,0.0,0.0,0.0,0.0,0.0,0.0,1.0,0.0,0.0,0.0,1.0,0.0,0.0,0.0,0.0,1.0,0.0,1,2,11.863582336583399
7,2127,525,1223,2,448.0,2,1000,81.0,171,904,132,1,14,14,4.0,4.0,4.0,5.0,1.0,6.0,2.0,3.0,2.0,0.0,1.0,0.0,0.0,0.0,1.0,0.0,0.0,0.0,0.0,0.0,0.0,0.0,1.0,0.0,0.0,0.0,0.0,1.0,0.0,1,5,12.509874099861838
5,1558,288,913,1,0.0,1,580,60.0,0,510,0,1,63,58,3.0,3.0,3.0,3.0,1.0,4.0,1.0,3.0,3.0,1.0,0.0,0.0,0.0,0.0,1.0,0.0,0.0,0.0,0.0,0.0,0.0,0.0,1.0,0.0,0.0,0.0,0.0,1.0,0.0,1,2,11.84939770159144
5,804,240,788,1,294.0,2,510,60.0,0,0,0,0,70,18,3.0,4.0,3.0,3.0,1.0,4.0,1.0,3.0,3.0,1.0,0.0,0.0,0.0,0.0,1.0,0.0,0.0,0.0,0.0,0.0,0.0,0.0,0.0,1.0,0.0,0.0,0.0,0.0,0.0,1,1,11.686878772093667
6,1440,467,1440,2,310.0,1,678,80.0,0,0,0,0,26,26,4.0,4.0,4.0,5.0,1.0,4.0,3.0,3.0,2.0,1.0,0.0,0.0,0.0,0.0,1.0,0.0,0.0,0.0,0.0,0.0,0.0,0.0,1.0,0.0,0.0,0.0,0.0,1.0,0.0,1,3,12.116694834378958
5,1838,372,732,2,0.0,1,0,60.0,100,1104,40,1,1,1,4.0,3.0,4.0,5.0,3.0,1.0,3.0,3.0,0.0,0.0,1.0,0.0,0.0,0.0,0.0,0.0,1.0,0.0,0.0,0.0,0.0,0.0,1.0,0.0,0.0,0.0,0.0,1.0,0.0,1,3,12.16597955196373
6,958,440,958,2,0.0,0,958,24.0,0,0,60,0,33,33,3.0,3.0,4.0,3.0,1.0,2.0,2.0,3.0,2.0,1.0,0.0,0.0,0.0,0.0,1.0,0.0,0.0,0.0,0.0,0.0,0.0,0.0,1.0,0.0,0.0,0.0,0.0,1.0,0.0,1,2,11.875830958659597
4,968,216,656,2,0.0,0,0,60.0,0,0,0,0,80,0,3.0,3.0,3.0,3.0,1.0,1.0,1.0,3.0,3.0,0.0,0.0,0.0,0.0,0.0,0.0,0.0,0.0,0.0,1.0,0.0,0.0,0.0,1.0,0.0,0.0,0.0,0.0,1.0,0.0,1,1,11.074420502783864
6,1792,451,936,2,318.0,1,0,93.0,0,830,0,1,8,8,3.0,3.0,4.0,5.0,1.0,1.0,3.0,3.0,2.0,0.0,1.0,0.0,0.0,0.0,1.0,0.0,0.0,0.0,0.0,0.0,0.0,0.0,1.0,0.0,0.0,0.0,0.0,1.0,0.0,1,3,12.136186518066006
5,1126,484,1126,2,0.0,1,936,80.0,295,0,41,0,29,29,3.0,3.0,3.0,2.0,1.0,5.0,2.0,2.0,3.0,1.0,0.0,0.0,0.0,0.0,1.0,0.0,0.0,0.0,0.0,0.0,0.0,0.0,1.0,0.0,0.0,0.0,0.0,1.0,0.0,1,2,11.982929094215963
6,1537,462,1319,1,237.0,1,0,80.0,0,0,36,1,46,3,4.0,4.0,3.0,3.0,1.0,1.0,2.0,3.0,3.0,1.0,0.0,0.0,0.0,0.0,1.0,0.0,0.0,0.0,0.0,0.0,0.0,0.0,1.0,0.0,0.0,0.0,0.0,0.0,0.0,1,2,12.066810578196666
4,864,528,864,1,0.0,0,616,60.0,0,0,0,0,36,36,3.0,3.0,3.0,3.0,1.0,5.0,1.0,3.0,3.0,0.0,1.0,0.0,0.0,0.0,0.0,0.0,0.0,0.0,1.0,0.0,0.0,0.0,1.0,0.0,0.0,0.0,0.0,1.0,0.0,1,2,11.699405031912846
8,1932,774,1932,2,426.0,1,1336,96.0,0,0,66,0,0,0,5.0,5.0,5.0,5.0,3.0,6.0,3.0,3.0,3.0,0.0,1.0,0.0,0.0,0.0,1.0,0.0,0.0,0.0,0.0,0.0,0.0,0.0,1.0,0.0,0.0,0.0,0.0,0.0,1.0,1,5,12.885670953244288
6,1236,923,912,1,0.0,0,600,90.0,0,0,158,0,53,14,3.0,3.0,3.0,3.0,1.0,6.0,1.0,3.0,3.0,1.0,0.0,0.0,0.0,0.0,1.0,0.0,0.0,0.0,0.0,0.0,0.0,0.0,0.0,1.0,0.0,0.0,0.0,1.0,0.0,1,1,11.91638857040772
7,1725,550,539,2,96.0,1,315,80.0,0,685,88,1,28,28,3.0,3.0,3.0,3.0,1.0,6.0,2.0,3.0,3.0,1.0,0.0,0.0,0.0,0.0,1.0,0.0,0.0,0.0,0.0,0.0,0.0,0.0,1.0,0.0,0.0,0.0,0.0,1.0,0.0,1,3,12.190959007720126
6,2555,672,588,2,0.0,1,0,79.0,431,748,0,0,86,14,3.0,3.0,5.0,2.0,1.0,1.0,3.0,3.0,2.0,0.0,0.0,0.0,0.0,0.0,0.0,0.0,0.0,0.0,1.0,0.0,0.0,0.0,1.0,0.0,0.0,0.0,0.0,1.0,0.0,1,4,12.160028707028767
6,848,420,848,1,147.0,1,697,70.0,149,0,0,0,4,4,4.0,4.0,4.0,5.0,3.0,6.0,2.0,3.0,3.0,0.0,1.0,0.0,0.0,0.0,1.0,0.0,0.0,0.0,0.0,0.0,0.0,0.0,0.0,1.0,0.0,0.0,0.0,1.0,0.0,1,3,11.913712983527281
10,2007,812,1017,2,160.0,1,765,85.0,168,981,52,1,1,1,5.0,5.0,5.0,5.0,3.0,6.0,3.0,3.0,3.0,0.0,1.0,0.0,0.0,0.0,1.0,0.0,0.0,0.0,0.0,0.0,1.0,0.0,0.0,0.0,0.0,0.0,0.0,1.0,0.0,1,4,12.644327576461329
6,952,192,952,1,0.0,1,0,52.0,0,0,98,0,93,59,3.0,2.0,3.0,2.0,1.0,1.0,1.0,2.0,3.0,0.0,0.0,0.0,0.0,0.0,0.0,0.0,0.0,0.0,1.0,0.0,0.0,0.0,1.0,0.0,0.0,0.0,0.0,1.0,0.0,0,1,11.703545824578878
7,1422,626,1422,2,106.0,0,0,63.0,192,0,60,0,3,3,4.0,4.0,4.0,5.0,3.0,1.0,2.0,3.0,3.0,0.0,1.0,0.0,0.0,0.0,1.0,0.0,0.0,0.0,0.0,0.0,0.0,0.0,1.0,0.0,0.0,0.0,0.0,1.0,0.0,1,3,12.098487434850236
6,913,240,814,1,0.0,0,187,70.0,0,0,0,0,41,41,3.0,3.0,3.0,4.0,4.0,2.0,1.0,3.0,3.0,1.0,0.0,0.0,0.0,0.0,0.0,0.0,0.0,0.0,1.0,0.0,0.0,0.0,1.0,0.0,0.0,0.0,0.0,1.0,0.0,1,2,11.76756768334381
5,1188,312,1188,1,189.0,0,593,73.0,261,0,39,0,48,48,3.0,3.0,3.0,3.0,1.0,3.0,1.0,2.0,2.0,1.0,0.0,0.0,0.0,0.0,1.0,0.0,0.0,0.0,0.0,0.0,0.0,0.0,1.0,0.0,0.0,0.0,0.0,1.0,0.0,1,2,11.969717200243734
8,2090,556,1220,2,438.0,1,1079,80.0,0,870,65,1,12,11,4.0,4.0,4.0,5.0,1.0,6.0,2.0,3.0,3.0,0.0,1.0,0.0,0.0,0.0,1.0,0.0,0.0,0.0,0.0,0.0,0.0,0.0,1.0,0.0,0.0,0.0,0.0,1.0,0.0,1,3,12.388394202324129
4,1346,384,560,1,0.0,0,0,70.0,168,550,24,1,97,7,3.0,3.0,2.0,4.0,1.0,1.0,1.0,3.0,3.0,1.0,0.0,0.0,0.0,0.0,0.0,0.0,0.0,0.0,1.0,0.0,0.0,0.0,1.0,0.0,0.0,0.0,0.0,1.0,0.0,0,1,11.626254150277232
5,630,0,630,1,0.0,0,553,21.0,0,0,0,0,36,36,3.0,5.0,4.0,5.0,3.0,6.0,0.0,3.0,3.0,1.0,0.0,0.0,0.0,0.0,0.0,0.0,0.0,0.0,0.0,1.0,0.0,0.0,0.0,1.0,0.0,0.0,0.0,0.0,0.0,1,1,11.429543856031177
5,1792,0,896,2,0.0,0,0,60.0,32,896,45,2,35,35,3.0,3.0,4.0,3.0,1.0,1.0,0.0,3.0,3.0,1.0,0.0,0.0,0.0,0.0,0.0,0.0,0.0,0.0,0.0,1.0,0.0,0.0,1.0,0.0,0.0,0.0,0.0,1.0,0.0,1,2,11.820410164718188
8,1578,840,1573,2,194.0,1,0,78.0,0,0,36,0,1,0,4.0,5.0,4.0,5.0,1.0,1.0,3.0,3.0,3.0,0.0,1.0,0.0,0.0,0.0,1.0,0.0,0.0,0.0,0.0,0.0,0.0,0.0,1.0,0.0,0.0,0.0,0.0,0.0,1.0,1,4,12.567551034433226
5,1072,525,547,1,80.0,0,547,35.0,0,0,28,0,1,1,3.0,3.0,4.0,4.0,4.0,6.0,3.0,3.0,3.0,0.0,1.0,0.0,0.0,0.0,0.0,1.0,0.0,0.0,0.0,0.0,0.0,0.0,0.0,1.0,0.0,0.0,0.0,1.0,0.0,1,1,11.884489021402711
5,1140,0,1140,1,0.0,0,0,90.0,36,0,56,0,0,0,3.0,3.0,4.0,5.0,1.0,1.0,0.0,3.0,3.0,0.0,1.0,0.0,0.0,0.0,0.0,0.0,0.0,0.0,0.0,1.0,0.0,0.0,1.0,0.0,0.0,0.0,0.0,0.0,0.0,1,2,11.344506813345266
7,1221,400,1221,2,0.0,0,410,62.0,0,0,113,0,5,4,4.0,4.0,4.0,5.0,1.0,6.0,2.0,3.0,3.0,0.0,1.0,0.0,0.0,0.0,1.0,0.0,0.0,0.0,0.0,0.0,1.0,0.0,0.0,0.0,0.0,0.0,0.0,1.0,0.0,1,4,12.128111104060462
6,1647,460,953,2,0.0,1,0,62.0,0,694,40,1,8,7,3.0,3.0,4.0,5.0,1.0,1.0,2.0,3.0,3.0,0.0,1.0,0.0,0.0,0.0,1.0,0.0,0.0,0.0,0.0,0.0,0.0,0.0,1.0,0.0,0.0,0.0,0.0,1.0,0.0,1,3,12.072541252905651
6,2073,500,1542,2,119.0,2,790,85.0,349,0,0,0,32,22,3.0,3.0,4.0,3.0,1.0,5.0,1.0,3.0,3.0,1.0,0.0,0.0,0.0,0.0,1.0,0.0,0.0,0.0,0.0,0.0,0.0,0.0,1.0,0.0,0.0,0.0,0.0,1.0,0.0,1,3,12.254862809699606
7,2340,252,1152,2,0.0,2,275,66.0,0,1152,60,0,69,4,5.0,4.0,3.0,5.0,1.0,6.0,2.0,3.0,3.0,0.0,0.0,0.0,1.0,0.0,1.0,0.0,0.0,0.0,0.0,0.0,0.0,0.0,1.0,0.0,0.0,0.0,0.0,1.0,0.0,1,4,12.493129522588037
5,1078,240,1078,1,0.0,0,49,68.0,366,0,0,0,60,14,3.0,4.0,3.0,4.0,2.0,6.0,1.0,3.0,3.0,1.0,0.0,0.0,0.0,0.0,1.0,0.0,0.0,0.0,0.0,0.0,0.0,0.0,1.0,0.0,0.0,0.0,0.0,1.0,0.0,1,2,11.864462231052837
5,1256,276,1256,1,0.0,0,830,75.0,736,0,68,1,43,43,4.0,3.0,3.0,4.0,1.0,4.0,3.0,3.0,3.0,1.0,0.0,0.0,0.0,0.0,1.0,0.0,0.0,0.0,0.0,0.0,0.0,0.0,1.0,0.0,0.0,0.0,0.0,1.0,0.0,1,1,11.901583454762012
